repository,file_path,file_name,directory,language,extension,loc,size_bytes,is_test_file,commits_touching_file,total_additions,total_deletions,unique_authors,first_modified_date,last_modified_date,total_churn
fastapi,docs/en/docs/js/custom.js,custom.js,docs/en/docs/js,JavaScript,.js,237,9284,False,12,305,55,3,2020-03-26T20:09:53+01:00,2026-04-30T15:39:30+02:00,360
fastapi,docs/en/docs/js/init_kapa_widget.js,init_kapa_widget.js,docs/en/docs/js,JavaScript,.js,29,2333,False,1,29,0,1,2026-02-18T07:26:13-08:00,2026-02-18T07:26:13-08:00,29
fastapi,docs/en/docs/js/termynal.js,termynal.js,docs/en/docs/js,JavaScript,.js,237,9500,False,4,283,17,2,2020-03-26T20:09:53+01:00,2026-08-03T22:16:46+02:00,300
fastapi,docs_src/additional_responses/__init__.py,__init__.py,docs_src/additional_responses,Python,.py,0,0,False,1,0,0,1,2025-12-26T11:43:02+01:00,2025-12-26T11:43:02+01:00,0
fastapi,docs_src/additional_responses/tutorial001_py310.py,tutorial001_py310.py,docs_src/additional_responses,Python,.py,14,506,False,1,22,0,1,2026-02-12T05:19:43-08:00,2026-02-12T05:19:43-08:00,22
fastapi,docs_src/additional_responses/tutorial002_py310.py,tutorial002_py310.py,docs_src/additional_responses,Python,.py,22,596,False,1,28,0,1,2025-12-10T09:55:32+01:00,2025-12-10T09:55:32+01:00,28
fastapi,docs_src/additional_responses/tutorial003_py310.py,tutorial003_py310.py,docs_src/additional_responses,Python,.py,29,837,False,1,37,0,1,2026-02-12T05:19:43-08:00,2026-02-12T05:19:43-08:00,37
fastapi,docs_src/additional_responses/tutorial004_py310.py,tutorial004_py310.py,docs_src/additional_responses,Python,.py,22,669,False,1,30,0,1,2025-12-10T09:55:32+01:00,2025-12-10T09:55:32+01:00,30
fastapi,docs_src/additional_status_codes/__init__.py,__init__.py,docs_src/additional_status_codes,Python,.py,0,0,False,1,0,0,1,2025-12-26T11:43:02+01:00,2025-12-26T11:43:02+01:00,0
fastapi,docs_src/additional_status_codes/tutorial001_an_py310.py,tutorial001_an_py310.py,docs_src/additional_status_codes,Python,.py,20,686,False,1,25,0,1,2023-03-18T13:29:59+01:00,2023-03-18T13:29:59+01:00,25
fastapi,docs_src/additional_status_codes/tutorial001_py310.py,tutorial001_py310.py,docs_src/additional_status_codes,Python,.py,19,646,False,1,23,0,1,2023-03-18T13:29:59+01:00,2023-03-18T13:29:59+01:00,23
fastapi,docs_src/advanced_middleware/__init__.py,__init__.py,docs_src/advanced_middleware,Python,.py,0,0,False,1,0,0,1,2025-12-26T11:43:02+01:00,2025-12-26T11:43:02+01:00,0
fastapi,docs_src/advanced_middleware/tutorial001_py310.py,tutorial001_py310.py,docs_src/advanced_middleware,Python,.py,7,231,False,1,11,0,1,2026-02-12T05:19:43-08:00,2026-02-12T05:19:43-08:00,11
fastapi,docs_src/advanced_middleware/tutorial002_py310.py,tutorial002_py310.py,docs_src/advanced_middleware,Python,.py,9,279,False,1,13,0,1,2026-02-12T05:19:43-08:00,2026-02-12T05:19:43-08:00,13
fastapi,docs_src/advanced_middleware/tutorial003_py310.py,tutorial003_py310.py,docs_src/advanced_middleware,Python,.py,7,230,False,1,11,0,1,2026-02-12T05:19:43-08:00,2026-02-12T05:19:43-08:00,11
fastapi,docs_src/app_testing/__init__.py,__init__.py,docs_src/app_testing,Python,.py,0,0,False,1,0,0,1,2020-03-26T20:09:53+01:00,2020-03-26T20:09:53+01:00,0
fastapi,docs_src/app_testing/app_a_py310/__init__.py,__init__.py,docs_src/app_testing/app_a_py310,Python,.py,0,0,False,1,0,0,1,2026-02-12T05:19:43-08:00,2026-02-12T05:19:43-08:00,0
fastapi,docs_src/app_testing/app_a_py310/main.py,main.py,docs_src/app_testing/app_a_py310,Python,.py,5,118,False,1,8,0,1,2026-02-12T05:19:43-08:00,2026-02-12T05:19:43-08:00,8
fastapi,docs_src/app_testing/app_a_py310/test_main.py,test_main.py,docs_src/app_testing/app_a_py310,Python,.py,7,238,True,1,11,0,1,2026-02-12T05:19:43-08:00,2026-02-12T05:19:43-08:00,11
fastapi,docs_src/app_testing/app_b_an_py310/__init__.py,__init__.py,docs_src/app_testing/app_b_an_py310,Python,.py,0,0,False,1,0,0,1,2023-03-18T13:29:59+01:00,2023-03-18T13:29:59+01:00,0
fastapi,docs_src/app_testing/app_b_an_py310/main.py,main.py,docs_src/app_testing/app_b_an_py310,Python,.py,28,1163,False,4,42,4,4,2023-03-18T13:29:59+01:00,2026-02-04T16:32:24+03:00,46
fastapi,docs_src/app_testing/app_b_an_py310/test_main.py,test_main.py,docs_src/app_testing/app_b_an_py310,Python,.py,51,1866,True,3,67,2,3,2023-03-18T13:29:59+01:00,2024-08-15T23:31:16+01:00,69
fastapi,docs_src/app_testing/app_b_py310/__init__.py,__init__.py,docs_src/app_testing/app_b_py310,Python,.py,0,0,False,1,0,0,1,2022-01-07T15:11:31+01:00,2022-01-07T15:11:31+01:00,0
fastapi,docs_src/app_testing/app_b_py310/main.py,main.py,docs_src/app_testing/app_b_py310,Python,.py,27,1113,False,5,42,6,4,2022-01-07T15:11:31+01:00,2026-02-04T16:32:24+03:00,48
fastapi,docs_src/app_testing/app_b_py310/test_main.py,test_main.py,docs_src/app_testing/app_b_py310,Python,.py,51,1866,True,3,67,2,3,2022-01-07T15:11:31+01:00,2024-03-13T15:07:10-04:00,69
fastapi,docs_src/app_testing/tutorial001_py310.py,tutorial001_py310.py,docs_src/app_testing,Python,.py,11,334,False,1,18,0,1,2026-02-12T05:19:43-08:00,2026-02-12T05:19:43-08:00,18
fastapi,docs_src/app_testing/tutorial002_py310.py,tutorial002_py310.py,docs_src/app_testing,Python,.py,22,757,False,1,31,0,1,2026-02-12T05:19:43-08:00,2026-02-12T05:19:43-08:00,31
fastapi,docs_src/app_testing/tutorial003_py310.py,tutorial003_py310.py,docs_src/app_testing,Python,.py,16,528,False,1,24,0,1,2026-02-12T05:19:43-08:00,2026-02-12T05:19:43-08:00,24
fastapi,docs_src/app_testing/tutorial004_py310.py,tutorial004_py310.py,docs_src/app_testing,Python,.py,29,1187,False,1,43,0,1,2026-02-12T05:19:43-08:00,2026-02-12T05:19:43-08:00,43
fastapi,docs_src/async_tests/__init__.py,__init__.py,docs_src/async_tests,Python,.py,0,0,False,1,0,0,1,2020-08-08T20:01:18+02:00,2020-08-08T20:01:18+02:00,0
fastapi,docs_src/async_tests/app_a_py310/__init__.py,__init__.py,docs_src/async_tests/app_a_py310,Python,.py,0,0,False,1,0,0,1,2026-02-12T05:19:43-08:00,2026-02-12T05:19:43-08:00,0
fastapi,docs_src/async_tests/app_a_py310/main.py,main.py,docs_src/async_tests/app_a_py310,Python,.py,5,112,False,1,8,0,1,2026-02-12T05:19:43-08:00,2026-02-12T05:19:43-08:00,8
fastapi,docs_src/async_tests/app_a_py310/test_main.py,test_main.py,docs_src/async_tests/app_a_py310,Python,.py,11,360,True,1,14,0,1,2026-02-12T05:19:43-08:00,2026-02-12T05:19:43-08:00,14
fastapi,docs_src/authentication_error_status_code/__init__.py,__init__.py,docs_src/authentication_error_status_code,Python,.py,0,0,False,1,0,0,1,2025-12-26T11:43:02+01:00,2025-12-26T11:43:02+01:00,0
fastapi,docs_src/authentication_error_status_code/tutorial001_an_py310.py,tutorial001_an_py310.py,docs_src/authentication_error_status_code,Python,.py,13,618,False,1,21,0,1,2026-02-12T05:19:43-08:00,2026-02-12T05:19:43-08:00,21
fastapi,docs_src/background_tasks/__init__.py,__init__.py,docs_src/background_tasks,Python,.py,0,0,False,1,0,0,1,2025-12-26T11:43:02+01:00,2025-12-26T11:43:02+01:00,0
fastapi,docs_src/background_tasks/tutorial001_py310.py,tutorial001_py310.py,docs_src/background_tasks,Python,.py,10,519,False,1,15,0,1,2026-02-12T05:19:43-08:00,2026-02-12T05:19:43-08:00,15
fastapi,docs_src/background_tasks/tutorial002_an_py310.py,tutorial002_an_py310.py,docs_src/background_tasks,Python,.py,18,683,False,1,26,0,1,2023-03-18T13:29:59+01:00,2023-03-18T13:29:59+01:00,26
fastapi,docs_src/background_tasks/tutorial002_py310.py,tutorial002_py310.py,docs_src/background_tasks,Python,.py,17,643,False,1,24,0,1,2022-01-07T15:11:31+01:00,2022-01-07T15:11:31+01:00,24
fastapi,docs_src/behind_a_proxy/__init__.py,__init__.py,docs_src/behind_a_proxy,Python,.py,0,0,False,1,0,0,1,2025-12-26T11:43:02+01:00,2025-12-26T11:43:02+01:00,0
fastapi,docs_src/behind_a_proxy/tutorial001_01_py310.py,tutorial001_01_py310.py,docs_src/behind_a_proxy,Python,.py,5,122,False,1,8,0,1,2026-02-12T05:19:43-08:00,2026-02-12T05:19:43-08:00,8
fastapi,docs_src/behind_a_proxy/tutorial001_py310.py,tutorial001_py310.py,docs_src/behind_a_proxy,Python,.py,5,189,False,1,8,0,1,2026-02-12T05:19:43-08:00,2026-02-12T05:19:43-08:00,8
fastapi,docs_src/behind_a_proxy/tutorial002_py310.py,tutorial002_py310.py,docs_src/behind_a_proxy,Python,.py,5,208,False,1,8,0,1,2026-02-12T05:19:43-08:00,2026-02-12T05:19:43-08:00,8
fastapi,docs_src/behind_a_proxy/tutorial003_py310.py,tutorial003_py310.py,docs_src/behind_a_proxy,Python,.py,11,405,False,1,14,0,1,2026-02-12T05:19:43-08:00,2026-02-12T05:19:43-08:00,14
fastapi,docs_src/behind_a_proxy/tutorial004_py310.py,tutorial004_py310.py,docs_src/behind_a_proxy,Python,.py,12,437,False,1,15,0,1,2026-02-12T05:19:43-08:00,2026-02-12T05:19:43-08:00,15
fastapi,docs_src/bigger_applications/__init__.py,__init__.py,docs_src/bigger_applications,Python,.py,0,0,False,1,0,0,1,2020-03-26T20:09:53+01:00,2020-03-26T20:09:53+01:00,0
fastapi,docs_src/bigger_applications/app_an_py310/__init__.py,__init__.py,docs_src/bigger_applications/app_an_py310,Python,.py,0,0,False,1,0,0,1,2026-02-12T05:19:43-08:00,2026-02-12T05:19:43-08:00,0
fastapi,docs_src/bigger_applications/app_an_py310/dependencies.py,dependencies.py,docs_src/bigger_applications/app_an_py310,Python,.py,8,409,False,1,13,0,1,2026-02-12T05:19:43-08:00,2026-02-12T05:19:43-08:00,13
fastapi,docs_src/bigger_applications/app_an_py310/internal/__init__.py,__init__.py,docs_src/bigger_applications/app_an_py310/internal,Python,.py,0,0,False,1,0,0,1,2026-02-12T05:19:43-08:00,2026-02-12T05:19:43-08:00,0
fastapi,docs_src/bigger_applications/app_an_py310/internal/admin.py,admin.py,docs_src/bigger_applications/app_an_py310/internal,Python,.py,5,147,False,1,8,0,1,2026-02-12T05:19:43-08:00,2026-02-12T05:19:43-08:00,8
fastapi,docs_src/bigger_applications/app_an_py310/main.py,main.py,docs_src/bigger_applications/app_an_py310,Python,.py,17,552,False,1,23,0,1,2026-02-12T05:19:43-08:00,2026-02-12T05:19:43-08:00,23
fastapi,docs_src/bigger_applications/app_an_py310/routers/__init__.py,__init__.py,docs_src/bigger_applications/app_an_py310/routers,Python,.py,0,0,False,1,0,0,1,2026-02-12T05:19:43-08:00,2026-02-12T05:19:43-08:00,0
fastapi,docs_src/bigger_applications/app_an_py310/routers/items.py,items.py,docs_src/bigger_applications/app_an_py310/routers,Python,.py,28,1011,False,1,38,0,1,2026-02-12T05:19:43-08:00,2026-02-12T05:19:43-08:00,38
fastapi,docs_src/bigger_applications/app_an_py310/routers/users.py,users.py,docs_src/bigger_applications/app_an_py310/routers,Python,.py,11,407,False,1,18,0,1,2026-02-12T05:19:43-08:00,2026-02-12T05:19:43-08:00,18
fastapi,docs_src/body/__init__.py,__init__.py,docs_src/body,Python,.py,0,0,False,1,0,0,1,2025-12-26T11:43:02+01:00,2025-12-26T11:43:02+01:00,0
fastapi,docs_src/body/tutorial001_py310.py,tutorial001_py310.py,docs_src/body,Python,.py,11,271,False,1,17,0,1,2022-01-07T15:11:31+01:00,2022-01-07T15:11:31+01:00,17
fastapi,docs_src/body/tutorial002_py310.py,tutorial002_py310.py,docs_src/body,Python,.py,15,447,False,3,23,2,2,2022-01-07T15:11:31+01:00,2025-12-20T07:55:38-08:00,25
fastapi,docs_src/body/tutorial003_py310.py,tutorial003_py310.py,docs_src/body,Python,.py,11,330,False,3,19,2,2,2022-01-07T15:11:31+01:00,2025-12-20T07:55:38-08:00,21
fastapi,docs_src/body/tutorial004_py310.py,tutorial004_py310.py,docs_src/body,Python,.py,14,414,False,3,22,2,2,2022-01-07T15:11:31+01:00,2025-12-20T07:55:38-08:00,24
fastapi,docs_src/body_fields/__init__.py,__init__.py,docs_src/body_fields,Python,.py,0,0,False,1,0,0,1,2025-12-26T11:43:02+01:00,2025-12-26T11:43:02+01:00,0
fastapi,docs_src/body_fields/tutorial001_an_py310.py,tutorial001_an_py310.py,docs_src/body_fields,Python,.py,15,563,False,1,21,0,1,2023-03-18T13:29:59+01:00,2023-03-18T13:29:59+01:00,21
fastapi,docs_src/body_fields/tutorial001_py310.py,tutorial001_py310.py,docs_src/body_fields,Python,.py,14,523,False,2,22,3,1,2022-01-07T15:11:31+01:00,2022-05-13T18:38:22-05:00,25
fastapi,docs_src/body_multiple_params/__init__.py,__init__.py,docs_src/body_multiple_params,Python,.py,0,0,False,1,0,0,1,2025-12-26T11:43:02+01:00,2025-12-26T11:43:02+01:00,0
fastapi,docs_src/body_multiple_params/tutorial001_an_py310.py,tutorial001_an_py310.py,docs_src/body_multiple_params,Python,.py,21,579,False,1,27,0,1,2023-03-18T13:29:59+01:00,2023-03-18T13:29:59+01:00,27
fastapi,docs_src/body_multiple_params/tutorial001_py310.py,tutorial001_py310.py,docs_src/body_multiple_params,Python,.py,21,546,False,2,27,1,1,2022-01-07T15:11:31+01:00,2022-05-13T18:38:22-05:00,28
fastapi,docs_src/body_multiple_params/tutorial002_py310.py,tutorial002_py310.py,docs_src/body_multiple_params,Python,.py,15,446,False,1,22,0,1,2022-01-07T15:11:31+01:00,2022-01-07T15:11:31+01:00,22
fastapi,docs_src/body_multiple_params/tutorial003_an_py310.py,tutorial003_an_py310.py,docs_src/body_multiple_params,Python,.py,18,550,False,1,26,0,1,2023-03-18T13:29:59+01:00,2023-03-18T13:29:59+01:00,26
fastapi,docs_src/body_multiple_params/tutorial003_py310.py,tutorial003_py310.py,docs_src/body_multiple_params,Python,.py,15,504,False,2,25,3,1,2022-01-07T15:11:31+01:00,2022-05-13T18:38:22-05:00,28
fastapi,docs_src/body_multiple_params/tutorial004_an_py310.py,tutorial004_an_py310.py,docs_src/body_multiple_params,Python,.py,25,643,False,1,33,0,1,2023-03-18T13:29:59+01:00,2023-03-18T13:29:59+01:00,33
fastapi,docs_src/body_multiple_params/tutorial004_py310.py,tutorial004_py310.py,docs_src/body_multiple_params,Python,.py,24,603,False,3,33,2,2,2022-01-07T15:11:31+01:00,2023-03-10T19:49:18+01:00,35
fastapi,docs_src/body_multiple_params/tutorial005_an_py310.py,tutorial005_an_py310.py,docs_src/body_multiple_params,Python,.py,13,409,False,1,19,0,1,2023-03-18T13:29:59+01:00,2023-03-18T13:29:59+01:00,19
fastapi,docs_src/body_multiple_params/tutorial005_py310.py,tutorial005_py310.py,docs_src/body_multiple_params,Python,.py,12,369,False,2,18,1,1,2022-01-07T15:11:31+01:00,2022-05-13T18:38:22-05:00,19
fastapi,docs_src/body_nested_models/__init__.py,__init__.py,docs_src/body_nested_models,Python,.py,0,0,False,1,0,0,1,2025-12-26T11:43:02+01:00,2025-12-26T11:43:02+01:00,0
fastapi,docs_src/body_nested_models/tutorial001_py310.py,tutorial001_py310.py,docs_src/body_nested_models,Python,.py,13,364,False,1,18,0,1,2022-01-07T15:11:31+01:00,2022-01-07T15:11:31+01:00,18
fastapi,docs_src/body_nested_models/tutorial002_py310.py,tutorial002_py310.py,docs_src/body_nested_models,Python,.py,13,369,False,1,18,0,1,2022-01-07T15:11:31+01:00,2022-01-07T15:11:31+01:00,18
fastapi,docs_src/body_nested_models/tutorial003_py310.py,tutorial003_py310.py,docs_src/body_nested_models,Python,.py,13,371,False,1,18,0,1,2022-01-07T15:11:31+01:00,2022-01-07T15:11:31+01:00,18
fastapi,docs_src/body_nested_models/tutorial004_py310.py,tutorial004_py310.py,docs_src/body_nested_models,Python,.py,17,455,False,2,25,1,2,2022-01-07T15:11:31+01:00,2022-05-12T01:29:02+08:00,26
fastapi,docs_src/body_nested_models/tutorial005_py310.py,tutorial005_py310.py,docs_src/body_nested_models,Python,.py,17,468,False,1,24,0,1,2022-01-07T15:11:31+01:00,2022-01-07T15:11:31+01:00,24
fastapi,docs_src/body_nested_models/tutorial006_py310.py,tutorial006_py310.py,docs_src/body_nested_models,Python,.py,17,475,False,1,24,0,1,2022-01-07T15:11:31+01:00,2022-01-07T15:11:31+01:00,24
fastapi,docs_src/body_nested_models/tutorial007_py310.py,tutorial007_py310.py,docs_src/body_nested_models,Python,.py,21,520,False,1,30,0,1,2022-01-07T15:11:31+01:00,2022-01-07T15:11:31+01:00,30
fastapi,docs_src/body_nested_models/tutorial008_py310.py,tutorial008_py310.py,docs_src/body_nested_models,Python,.py,9,248,False,1,14,0,1,2026-02-12T05:19:43-08:00,2026-02-12T05:19:43-08:00,14
fastapi,docs_src/body_nested_models/tutorial009_py310.py,tutorial009_py310.py,docs_src/body_nested_models,Python,.py,5,154,False,1,8,0,1,2026-02-12T05:19:43-08:00,2026-02-12T05:19:43-08:00,8
fastapi,docs_src/body_updates/__init__.py,__init__.py,docs_src/body_updates,Python,.py,0,0,False,1,0,0,1,2025-12-26T11:43:02+01:00,2025-12-26T11:43:02+01:00,0
fastapi,docs_src/body_updates/tutorial001_py310.py,tutorial001_py310.py,docs_src/body_updates,Python,.py,23,856,False,1,32,0,1,2022-01-07T15:11:31+01:00,2022-01-07T15:11:31+01:00,32
fastapi,docs_src/body_updates/tutorial002_py310.py,tutorial002_py310.py,docs_src/body_updates,Python,.py,26,1009,False,3,39,4,2,2022-01-07T15:11:31+01:00,2026-02-04T15:07:26+03:00,43
fastapi,docs_src/conditional_openapi/__init__.py,__init__.py,docs_src/conditional_openapi,Python,.py,0,0,False,1,0,0,1,2025-12-26T11:43:02+01:00,2025-12-26T11:43:02+01:00,0
fastapi,docs_src/conditional_openapi/tutorial001_py310.py,tutorial001_py310.py,docs_src/conditional_openapi,Python,.py,9,281,False,1,16,0,1,2026-02-12T05:19:43-08:00,2026-02-12T05:19:43-08:00,16
fastapi,docs_src/configure_swagger_ui/__init__.py,__init__.py,docs_src/configure_swagger_ui,Python,.py,0,0,False,1,0,0,1,2025-12-26T11:43:02+01:00,2025-12-26T11:43:02+01:00,0
fastapi,docs_src/configure_swagger_ui/tutorial001_py310.py,tutorial001_py310.py,docs_src/configure_swagger_ui,Python,.py,5,205,False,1,8,0,1,2026-02-12T05:19:43-08:00,2026-02-12T05:19:43-08:00,8
fastapi,docs_src/configure_swagger_ui/tutorial002_py310.py,tutorial002_py310.py,docs_src/configure_swagger_ui,Python,.py,5,221,False,1,8,0,1,2026-02-12T05:19:43-08:00,2026-02-12T05:19:43-08:00,8
fastapi,docs_src/configure_swagger_ui/tutorial003_py310.py,tutorial003_py310.py,docs_src/configure_swagger_ui,Python,.py,5,201,False,1,8,0,1,2026-02-12T05:19:43-08:00,2026-02-12T05:19:43-08:00,8
fastapi,docs_src/cookie_param_models/__init__.py,__init__.py,docs_src/cookie_param_models,Python,.py,0,0,False,1,0,0,1,2025-12-26T11:43:02+01:00,2025-12-26T11:43:02+01:00,0
fastapi,docs_src/cookie_param_models/tutorial001_an_py310.py,tutorial001_an_py310.py,docs_src/cookie_param_models,Python,.py,11,343,False,1,17,0,1,2024-09-17T20:54:10+02:00,2024-09-17T20:54:10+02:00,17
fastapi,docs_src/cookie_param_models/tutorial001_py310.py,tutorial001_py310.py,docs_src/cookie_param_models,Python,.py,10,303,False,1,15,0,1,2024-09-17T20:54:10+02:00,2024-09-17T20:54:10+02:00,15
fastapi,docs_src/cookie_param_models/tutorial002_an_py310.py,tutorial002_an_py310.py,docs_src/cookie_param_models,Python,.py,12,383,False,1,19,0,1,2024-09-17T20:54:10+02:00,2024-09-17T20:54:10+02:00,19
fastapi,docs_src/cookie_param_models/tutorial002_py310.py,tutorial002_py310.py,docs_src/cookie_param_models,Python,.py,11,343,False,1,17,0,1,2024-09-17T20:54:10+02:00,2024-09-17T20:54:10+02:00,17
fastapi,docs_src/cookie_params/__init__.py,__init__.py,docs_src/cookie_params,Python,.py,0,0,False,1,0,0,1,2025-12-26T11:43:02+01:00,2025-12-26T11:43:02+01:00,0
fastapi,docs_src/cookie_params/tutorial001_an_py310.py,tutorial001_an_py310.py,docs_src/cookie_params,Python,.py,6,205,False,1,10,0,1,2023-03-18T13:29:59+01:00,2023-03-18T13:29:59+01:00,10
fastapi,docs_src/cookie_params/tutorial001_py310.py,tutorial001_py310.py,docs_src/cookie_params,Python,.py,5,170,False,2,9,1,1,2022-01-07T15:11:31+01:00,2022-05-13T18:38:22-05:00,10
fastapi,docs_src/cors/__init__.py,__init__.py,docs_src/cors,Python,.py,0,0,False,1,0,0,1,2025-12-26T11:43:02+01:00,2025-12-26T11:43:02+01:00,0
fastapi,docs_src/cors/tutorial001_py310.py,tutorial001_py310.py,docs_src/cors,Python,.py,19,459,False,1,24,0,1,2026-02-12T05:19:43-08:00,2026-02-12T05:19:43-08:00,24
fastapi,docs_src/custom_docs_ui/__init__.py,__init__.py,docs_src/custom_docs_ui,Python,.py,0,0,False,1,0,0,1,2025-12-26T11:43:02+01:00,2025-12-26T11:43:02+01:00,0
fastapi,docs_src/custom_docs_ui/tutorial001_py310.py,tutorial001_py310.py,docs_src/custom_docs_ui,Python,.py,29,1143,False,1,38,0,1,2026-02-12T05:19:43-08:00,2026-02-12T05:19:43-08:00,38
fastapi,docs_src/custom_docs_ui/tutorial002_py310.py,tutorial002_py310.py,docs_src/custom_docs_ui,Python,.py,31,1175,False,1,41,0,1,2026-02-12T05:19:43-08:00,2026-02-12T05:19:43-08:00,41
fastapi,docs_src/custom_request_and_route/__init__.py,__init__.py,docs_src/custom_request_and_route,Python,.py,0,0,False,1,0,0,1,2025-12-26T11:43:02+01:00,2025-12-26T11:43:02+01:00,0
fastapi,docs_src/custom_request_and_route/tutorial001_an_py310.py,tutorial001_an_py310.py,docs_src/custom_request_and_route,Python,.py,25,1015,False,1,36,0,1,2025-12-10T09:55:32+01:00,2025-12-10T09:55:32+01:00,36
fastapi,docs_src/custom_request_and_route/tutorial001_py310.py,tutorial001_py310.py,docs_src/custom_request_and_route,Python,.py,24,976,False,1,35,0,1,2025-12-10T09:55:32+01:00,2025-12-10T09:55:32+01:00,35
fastapi,docs_src/custom_request_and_route/tutorial002_an_py310.py,tutorial002_an_py310.py,docs_src/custom_request_and_route,Python,.py,21,974,False,1,30,0,1,2025-12-10T09:55:32+01:00,2025-12-10T09:55:32+01:00,30
fastapi,docs_src/custom_request_and_route/tutorial002_py310.py,tutorial002_py310.py,docs_src/custom_request_and_route,Python,.py,20,935,False,1,29,0,1,2025-12-10T09:55:32+01:00,2025-12-10T09:55:32+01:00,29
fastapi,docs_src/custom_request_and_route/tutorial003_py310.py,tutorial003_py310.py,docs_src/custom_request_and_route,Python,.py,26,1051,False,1,39,0,1,2025-12-10T09:55:32+01:00,2025-12-10T09:55:32+01:00,39
fastapi,docs_src/custom_response/__init__.py,__init__.py,docs_src/custom_response,Python,.py,0,0,False,1,0,0,1,2025-12-26T11:43:02+01:00,2025-12-26T11:43:02+01:00,0
fastapi,docs_src/custom_response/tutorial001_py310.py,tutorial001_py310.py,docs_src/custom_response,Python,.py,6,197,False,1,9,0,1,2026-02-12T05:19:43-08:00,2026-02-12T05:19:43-08:00,9
fastapi,docs_src/custom_response/tutorial001b_py310.py,tutorial001b_py310.py,docs_src/custom_response,Python,.py,6,215,False,1,9,0,1,2026-02-12T05:19:43-08:00,2026-02-12T05:19:43-08:00,9
fastapi,docs_src/custom_response/tutorial002_py310.py,tutorial002_py310.py,docs_src/custom_response,Python,.py,15,352,False,1,18,0,1,2026-02-12T05:19:43-08:00,2026-02-12T05:19:43-08:00,18
fastapi,docs_src/custom_response/tutorial003_py310.py,tutorial003_py310.py,docs_src/custom_response,Python,.py,16,394,False,1,19,0,1,2026-02-12T05:19:43-08:00,2026-02-12T05:19:43-08:00,19
fastapi,docs_src/custom_response/tutorial004_py310.py,tutorial004_py310.py,docs_src/custom_response,Python,.py,18,491,False,1,23,0,1,2026-02-12T05:19:43-08:00,2026-02-12T05:19:43-08:00,23
fastapi,docs_src/custom_response/tutorial005_py310.py,tutorial005_py310.py,docs_src/custom_response,Python,.py,6,186,False,1,9,0,1,2026-02-12T05:19:43-08:00,2026-02-12T05:19:43-08:00,9
fastapi,docs_src/custom_response/tutorial006_py310.py,tutorial006_py310.py,docs_src/custom_response,Python,.py,6,199,False,1,9,0,1,2026-02-12T05:19:43-08:00,2026-02-12T05:19:43-08:00,9
fastapi,docs_src/custom_response/tutorial006b_py310.py,tutorial006b_py310.py,docs_src/custom_response,Python,.py,6,220,False,1,9,0,1,2026-02-12T05:19:43-08:00,2026-02-12T05:19:43-08:00,9
fastapi,docs_src/custom_response/tutorial006c_py310.py,tutorial006c_py310.py,docs_src/custom_response,Python,.py,6,237,False,1,9,0,1,2026-02-12T05:19:43-08:00,2026-02-12T05:19:43-08:00,9
fastapi,docs_src/custom_response/tutorial007_py310.py,tutorial007_py310.py,docs_src/custom_response,Python,.py,11,319,False,2,16,0,2,2026-02-12T05:19:43-08:00,2026-02-27T19:12:46Z,16
fastapi,docs_src/custom_response/tutorial008_py310.py,tutorial008_py310.py,docs_src/custom_response,Python,.py,10,360,False,1,14,0,1,2026-02-12T05:19:43-08:00,2026-02-12T05:19:43-08:00,14
fastapi,docs_src/custom_response/tutorial009_py310.py,tutorial009_py310.py,docs_src/custom_response,Python,.py,7,202,False,1,10,0,1,2026-02-12T05:19:43-08:00,2026-02-12T05:19:43-08:00,10
fastapi,docs_src/custom_response/tutorial009b_py310.py,tutorial009b_py310.py,docs_src/custom_response,Python,.py,7,217,False,1,10,0,1,2026-02-12T05:19:43-08:00,2026-02-12T05:19:43-08:00,10
fastapi,docs_src/custom_response/tutorial009c_py310.py,tutorial009c_py310.py,docs_src/custom_response,Python,.py,12,451,False,1,19,0,1,2026-02-12T05:19:43-08:00,2026-02-12T05:19:43-08:00,19
fastapi,docs_src/custom_response/tutorial010_py310.py,tutorial010_py310.py,docs_src/custom_response,Python,.py,6,228,False,2,12,3,1,2026-02-12T05:19:43-08:00,2026-02-22T08:07:19-08:00,15
fastapi,docs_src/dataclasses_/__init__.py,__init__.py,docs_src/dataclasses_,Python,.py,0,0,False,1,0,0,1,2025-12-26T11:43:02+01:00,2025-12-26T11:43:02+01:00,0
fastapi,docs_src/dataclasses_/tutorial001_py310.py,tutorial001_py310.py,docs_src/dataclasses_,Python,.py,12,275,False,1,19,0,1,2025-12-26T11:43:02+01:00,2025-12-26T11:43:02+01:00,19
fastapi,docs_src/dataclasses_/tutorial002_py310.py,tutorial002_py310.py,docs_src/dataclasses_,Python,.py,18,506,False,1,25,0,1,2025-12-26T11:43:02+01:00,2025-12-26T11:43:02+01:00,25
fastapi,docs_src/dataclasses_/tutorial003_py310.py,tutorial003_py310.py,docs_src/dataclasses_,Python,.py,43,1363,False,1,54,0,1,2025-12-26T11:43:02+01:00,2025-12-26T11:43:02+01:00,54
fastapi,docs_src/debugging/__init__.py,__init__.py,docs_src/debugging,Python,.py,0,0,False,1,0,0,1,2025-12-26T11:43:02+01:00,2025-12-26T11:43:02+01:00,0
fastapi,docs_src/debugging/tutorial001_py310.py,tutorial001_py310.py,docs_src/debugging,Python,.py,10,223,False,1,15,0,1,2026-02-12T05:19:43-08:00,2026-02-12T05:19:43-08:00,15
fastapi,docs_src/dependencies/__init__.py,__init__.py,docs_src/dependencies,Python,.py,0,0,False,1,0,0,1,2025-12-26T11:43:02+01:00,2025-12-26T11:43:02+01:00,0
fastapi,docs_src/dependencies/tutorial001_02_an_py310.py,tutorial001_02_an_py310.py,docs_src/dependencies,Python,.py,12,447,False,1,22,0,1,2023-03-18T13:29:59+01:00,2023-03-18T13:29:59+01:00,22
fastapi,docs_src/dependencies/tutorial001_an_py310.py,tutorial001_an_py310.py,docs_src/dependencies,Python,.py,11,454,False,1,19,0,1,2023-03-18T13:29:59+01:00,2023-03-18T13:29:59+01:00,19
fastapi,docs_src/dependencies/tutorial001_py310.py,tutorial001_py310.py,docs_src/dependencies,Python,.py,10,404,False,1,17,0,1,2022-01-07T15:11:31+01:00,2022-01-07T15:11:31+01:00,17
fastapi,docs_src/dependencies/tutorial002_an_py310.py,tutorial002_an_py310.py,docs_src/dependencies,Python,.py,17,664,False,1,25,0,1,2023-03-18T13:29:59+01:00,2023-03-18T13:29:59+01:00,25
fastapi,docs_src/dependencies/tutorial002_py310.py,tutorial002_py310.py,docs_src/dependencies,Python,.py,16,624,False,1,23,0,1,2022-01-07T15:11:31+01:00,2022-01-07T15:11:31+01:00,23
fastapi,docs_src/dependencies/tutorial003_an_py310.py,tutorial003_an_py310.py,docs_src/dependencies,Python,.py,17,655,False,1,25,0,1,2023-03-18T13:29:59+01:00,2023-03-18T13:29:59+01:00,25
fastapi,docs_src/dependencies/tutorial003_py310.py,tutorial003_py310.py,docs_src/dependencies,Python,.py,16,603,False,1,23,0,1,2022-01-07T15:11:31+01:00,2022-01-07T15:11:31+01:00,23
fastapi,docs_src/dependencies/tutorial004_an_py310.py,tutorial004_an_py310.py,docs_src/dependencies,Python,.py,17,647,False,1,25,0,1,2023-03-18T13:29:59+01:00,2023-03-18T13:29:59+01:00,25
fastapi,docs_src/dependencies/tutorial004_py310.py,tutorial004_py310.py,docs_src/dependencies,Python,.py,16,607,False,1,23,0,1,2022-01-07T15:11:31+01:00,2022-01-07T15:11:31+01:00,23
fastapi,docs_src/dependencies/tutorial005_an_py310.py,tutorial005_an_py310.py,docs_src/dependencies,Python,.py,17,510,False,2,26,1,2,2023-03-18T13:29:59+01:00,2024-03-26T12:56:53-04:00,27
fastapi,docs_src/dependencies/tutorial005_py310.py,tutorial005_py310.py,docs_src/dependencies,Python,.py,13,443,False,2,21,1,1,2022-01-07T15:11:31+01:00,2022-05-13T18:38:22-05:00,22
fastapi,docs_src/dependencies/tutorial006_an_py310.py,tutorial006_an_py310.py,docs_src/dependencies,Python,.py,13,633,False,1,21,0,1,2026-02-12T05:19:43-08:00,2026-02-12T05:19:43-08:00,21
fastapi,docs_src/dependencies/tutorial006_py310.py,tutorial006_py310.py,docs_src/dependencies,Python,.py,12,583,False,1,19,0,1,2026-02-12T05:19:43-08:00,2026-02-12T05:19:43-08:00,19
fastapi,docs_src/dependencies/tutorial007_py310.py,tutorial007_py310.py,docs_src/dependencies,Python,.py,6,99,False,1,6,0,1,2026-02-12T05:19:43-08:00,2026-02-12T05:19:43-08:00,6
fastapi,docs_src/dependencies/tutorial008_an_py310.py,tutorial008_an_py310.py,docs_src/dependencies,Python,.py,20,521,False,1,27,0,1,2026-02-12T05:19:43-08:00,2026-02-12T05:19:43-08:00,27
fastapi,docs_src/dependencies/tutorial008_py310.py,tutorial008_py310.py,docs_src/dependencies,Python,.py,19,455,False,1,25,0,1,2026-02-12T05:19:43-08:00,2026-02-12T05:19:43-08:00,25
fastapi,docs_src/dependencies/tutorial008b_an_py310.py,tutorial008b_an_py310.py,docs_src/dependencies,Python,.py,22,775,False,1,32,0,1,2026-02-12T05:19:43-08:00,2026-02-12T05:19:43-08:00,32
fastapi,docs_src/dependencies/tutorial008b_py310.py,tutorial008b_py310.py,docs_src/dependencies,Python,.py,21,735,False,1,30,0,1,2026-02-12T05:19:43-08:00,2026-02-12T05:19:43-08:00,30
fastapi,docs_src/dependencies/tutorial008c_an_py310.py,tutorial008c_an_py310.py,docs_src/dependencies,Python,.py,21,700,False,1,29,0,1,2026-02-12T05:19:43-08:00,2026-02-12T05:19:43-08:00,29
fastapi,docs_src/dependencies/tutorial008c_py310.py,tutorial008c_py310.py,docs_src/dependencies,Python,.py,20,660,False,1,27,0,1,2026-02-12T05:19:43-08:00,2026-02-12T05:19:43-08:00,27
fastapi,docs_src/dependencies/tutorial008d_an_py310.py,tutorial008d_an_py310.py,docs_src/dependencies,Python,.py,22,734,False,1,30,0,1,2026-02-12T05:19:43-08:00,2026-02-12T05:19:43-08:00,30
fastapi,docs_src/dependencies/tutorial008d_py310.py,tutorial008d_py310.py,docs_src/dependencies,Python,.py,21,694,False,1,28,0,1,2026-02-12T05:19:43-08:00,2026-02-12T05:19:43-08:00,28
fastapi,docs_src/dependencies/tutorial008e_an_py310.py,tutorial008e_an_py310.py,docs_src/dependencies,Python,.py,11,329,False,1,17,0,1,2026-02-12T05:19:43-08:00,2026-02-12T05:19:43-08:00,17
fastapi,docs_src/dependencies/tutorial008e_py310.py,tutorial008e_py310.py,docs_src/dependencies,Python,.py,10,289,False,1,15,0,1,2026-02-12T05:19:43-08:00,2026-02-12T05:19:43-08:00,15
fastapi,docs_src/dependencies/tutorial010_py310.py,tutorial010_py310.py,docs_src/dependencies,Python,.py,10,292,False,1,14,0,1,2026-02-12T05:19:43-08:00,2026-02-12T05:19:43-08:00,14
fastapi,docs_src/dependencies/tutorial011_an_py310.py,tutorial011_an_py310.py,docs_src/dependencies,Python,.py,14,544,False,1,23,0,1,2026-02-12T05:19:43-08:00,2026-02-12T05:19:43-08:00,23
fastapi,docs_src/dependencies/tutorial011_py310.py,tutorial011_py310.py,docs_src/dependencies,Python,.py,13,504,False,1,21,0,1,2026-02-12T05:19:43-08:00,2026-02-12T05:19:43-08:00,21
fastapi,docs_src/dependencies/tutorial012_an_py310.py,tutorial012_an_py310.py,docs_src/dependencies,Python,.py,16,746,False,1,27,0,1,2026-02-12T05:19:43-08:00,2026-02-12T05:19:43-08:00,27
fastapi,docs_src/dependencies/tutorial012_py310.py,tutorial012_py310.py,docs_src/dependencies,Python,.py,15,696,False,1,25,0,1,2026-02-12T05:19:43-08:00,2026-02-12T05:19:43-08:00,25
fastapi,docs_src/dependencies/tutorial013_an_py310.py,tutorial013_an_py310.py,docs_src/dependencies,Python,.py,24,937,False,1,38,0,1,2025-09-29T12:29:38+09:00,2025-09-29T12:29:38+09:00,38
fastapi,docs_src/dependencies/tutorial014_an_py310.py,tutorial014_an_py310.py,docs_src/dependencies,Python,.py,25,957,False,1,39,0,1,2025-09-29T12:29:38+09:00,2025-09-29T12:29:38+09:00,39
fastapi,docs_src/dependency_testing/__init__.py,__init__.py,docs_src/dependency_testing,Python,.py,0,0,False,1,0,0,1,2025-12-26T11:43:02+01:00,2025-12-26T11:43:02+01:00,0
fastapi,docs_src/dependency_testing/tutorial001_an_py310.py,tutorial001_an_py310.py,docs_src/dependency_testing,Python,.py,37,1528,False,1,57,0,1,2023-03-18T13:29:59+01:00,2023-03-18T13:29:59+01:00,57
fastapi,docs_src/dependency_testing/tutorial001_py310.py,tutorial001_py310.py,docs_src/dependency_testing,Python,.py,36,1478,False,1,55,0,1,2023-03-18T13:29:59+01:00,2023-03-18T13:29:59+01:00,55
fastapi,docs_src/encoder/__init__.py,__init__.py,docs_src/encoder,Python,.py,0,0,False,1,0,0,1,2025-12-26T11:43:02+01:00,2025-12-26T11:43:02+01:00,0
fastapi,docs_src/encoder/tutorial001_py310.py,tutorial001_py310.py,docs_src/encoder,Python,.py,14,430,False,1,22,0,1,2022-01-07T15:11:31+01:00,2022-01-07T15:11:31+01:00,22
fastapi,docs_src/events/__init__.py,__init__.py,docs_src/events,Python,.py,0,0,False,1,0,0,1,2025-12-26T11:43:02+01:00,2025-12-26T11:43:02+01:00,0
fastapi,docs_src/events/tutorial001_py310.py,tutorial001_py310.py,docs_src/events,Python,.py,10,283,False,1,16,0,1,2026-02-12T05:19:43-08:00,2026-02-12T05:19:43-08:00,16
fastapi,docs_src/events/tutorial002_py310.py,tutorial002_py310.py,docs_src/events,Python,.py,9,255,False,1,14,0,1,2026-02-12T05:19:43-08:00,2026-02-12T05:19:43-08:00,14
fastapi,docs_src/events/tutorial003_py310.py,tutorial003_py310.py,docs_src/events,Python,.py,17,569,False,1,28,0,1,2026-02-12T05:19:43-08:00,2026-02-12T05:19:43-08:00,28
fastapi,docs_src/extending_openapi/__init__.py,__init__.py,docs_src/extending_openapi,Python,.py,0,0,False,1,0,0,1,2025-12-26T11:43:02+01:00,2025-12-26T11:43:02+01:00,0
fastapi,docs_src/extending_openapi/tutorial001_py310.py,tutorial001_py310.py,docs_src/extending_openapi,Python,.py,22,737,False,1,29,0,1,2026-02-12T05:19:43-08:00,2026-02-12T05:19:43-08:00,29
fastapi,docs_src/extra_data_types/__init__.py,__init__.py,docs_src/extra_data_types,Python,.py,0,0,False,1,0,0,1,2025-12-26T11:43:02+01:00,2025-12-26T11:43:02+01:00,0
fastapi,docs_src/extra_data_types/tutorial001_an_py310.py,tutorial001_an_py310.py,docs_src/extra_data_types,Python,.py,24,788,False,2,32,4,2,2023-03-18T13:29:59+01:00,2024-04-19T02:11:40+02:00,36
fastapi,docs_src/extra_data_types/tutorial001_py310.py,tutorial001_py310.py,docs_src/extra_data_types,Python,.py,23,724,False,3,35,8,2,2022-01-07T15:11:31+01:00,2024-04-19T02:11:40+02:00,43
fastapi,docs_src/extra_models/__init__.py,__init__.py,docs_src/extra_models,Python,.py,0,0,False,1,0,0,1,2025-12-26T11:43:02+01:00,2025-12-26T11:43:02+01:00,0
fastapi,docs_src/extra_models/tutorial001_py310.py,tutorial001_py310.py,docs_src/extra_models,Python,.py,28,905,False,2,42,1,1,2022-01-07T15:11:31+01:00,2025-12-20T07:55:38-08:00,43
fastapi,docs_src/extra_models/tutorial002_py310.py,tutorial002_py310.py,docs_src/extra_models,Python,.py,24,798,False,2,40,1,1,2022-01-07T15:11:31+01:00,2025-12-20T07:55:38-08:00,41
fastapi,docs_src/extra_models/tutorial003_py310.py,tutorial003_py310.py,docs_src/extra_models,Python,.py,22,612,False,3,38,5,1,2022-01-07T15:11:31+01:00,2026-02-17T01:59:14-08:00,43
fastapi,docs_src/extra_models/tutorial004_py310.py,tutorial004_py310.py,docs_src/extra_models,Python,.py,13,356,False,1,20,0,1,2026-02-12T05:19:43-08:00,2026-02-12T05:19:43-08:00,20
fastapi,docs_src/extra_models/tutorial005_py310.py,tutorial005_py310.py,docs_src/extra_models,Python,.py,5,180,False,1,8,0,1,2026-02-12T05:19:43-08:00,2026-02-12T05:19:43-08:00,8
fastapi,docs_src/first_steps/__init__.py,__init__.py,docs_src/first_steps,Python,.py,0,0,False,1,0,0,1,2025-12-26T11:43:02+01:00,2025-12-26T11:43:02+01:00,0
fastapi,docs_src/first_steps/tutorial001_py310.py,tutorial001_py310.py,docs_src/first_steps,Python,.py,5,117,False,1,8,0,1,2026-02-12T05:19:43-08:00,2026-02-12T05:19:43-08:00,8
fastapi,docs_src/first_steps/tutorial003_py310.py,tutorial003_py310.py,docs_src/first_steps,Python,.py,5,111,False,1,8,0,1,2026-02-12T05:19:43-08:00,2026-02-12T05:19:43-08:00,8
fastapi,docs_src/frontend/__init__.py,__init__.py,docs_src/frontend,Python,.py,0,0,False,1,0,0,1,2026-06-20T02:20:49+02:00,2026-06-20T02:20:49+02:00,0
fastapi,docs_src/frontend/tutorial001_py310.py,tutorial001_py310.py,docs_src/frontend,Python,.py,3,82,False,1,5,0,1,2026-06-20T02:20:49+02:00,2026-06-20T02:20:49+02:00,5
fastapi,docs_src/frontend/tutorial002_py310.py,tutorial002_py310.py,docs_src/frontend,Python,.py,3,105,False,1,5,0,1,2026-06-20T02:20:49+02:00,2026-06-20T02:20:49+02:00,5
fastapi,docs_src/frontend/tutorial003_py310.py,tutorial003_py310.py,docs_src/frontend,Python,.py,3,103,False,1,5,0,1,2026-06-20T02:20:49+02:00,2026-06-20T02:20:49+02:00,5
fastapi,docs_src/frontend/tutorial004_py310.py,tutorial004_py310.py,docs_src/frontend,Python,.py,5,182,False,1,7,0,1,2026-06-20T02:20:49+02:00,2026-06-20T02:20:49+02:00,7
fastapi,docs_src/frontend/tutorial005_py310.py,tutorial005_py310.py,docs_src/frontend,Python,.py,3,97,False,1,5,0,1,2026-06-20T02:20:49+02:00,2026-06-20T02:20:49+02:00,5
fastapi,docs_src/frontend/tutorial006_py310.py,tutorial006_py310.py,docs_src/frontend,Python,.py,3,99,False,1,5,0,1,2026-06-20T02:20:49+02:00,2026-06-20T02:20:49+02:00,5
fastapi,docs_src/generate_clients/__init__.py,__init__.py,docs_src/generate_clients,Python,.py,0,0,False,1,0,0,1,2025-12-26T11:43:02+01:00,2025-12-26T11:43:02+01:00,0
fastapi,docs_src/generate_clients/tutorial001_py310.py,tutorial001_py310.py,docs_src/generate_clients,Python,.py,17,494,False,1,26,0,1,2026-02-12T05:19:43-08:00,2026-02-12T05:19:43-08:00,26
fastapi,docs_src/generate_clients/tutorial002_py310.py,tutorial002_py310.py,docs_src/generate_clients,Python,.py,23,730,False,1,36,0,1,2026-02-12T05:19:43-08:00,2026-02-12T05:19:43-08:00,36
fastapi,docs_src/generate_clients/tutorial003_py310.py,tutorial003_py310.py,docs_src/generate_clients,Python,.py,26,914,False,1,42,0,1,2026-02-12T05:19:43-08:00,2026-02-12T05:19:43-08:00,42
fastapi,docs_src/generate_clients/tutorial004.js,tutorial004.js,docs_src/generate_clients,JavaScript,.js,32,1066,False,2,61,25,1,2023-12-26T12:23:20-05:00,2024-03-14T12:40:05+01:00,86
fastapi,docs_src/generate_clients/tutorial004_py310.py,tutorial004_py310.py,docs_src/generate_clients,Python,.py,12,493,False,1,15,0,1,2026-02-12T05:19:43-08:00,2026-02-12T05:19:43-08:00,15
fastapi,docs_src/graphql_/__init__.py,__init__.py,docs_src/graphql_,Python,.py,0,0,False,1,0,0,1,2025-12-26T11:43:02+01:00,2025-12-26T11:43:02+01:00,0
fastapi,docs_src/graphql_/tutorial001_py310.py,tutorial001_py310.py,docs_src/graphql_,Python,.py,16,424,False,1,25,0,1,2026-02-12T05:19:43-08:00,2026-02-12T05:19:43-08:00,25
fastapi,docs_src/handling_errors/__init__.py,__init__.py,docs_src/handling_errors,Python,.py,0,0,False,1,0,0,1,2025-12-26T11:43:02+01:00,2025-12-26T11:43:02+01:00,0
fastapi,docs_src/handling_errors/tutorial001_py310.py,tutorial001_py310.py,docs_src/handling_errors,Python,.py,8,299,False,1,12,0,1,2026-02-12T05:19:43-08:00,2026-02-12T05:19:43-08:00,12
fastapi,docs_src/handling_errors/tutorial002_py310.py,tutorial002_py310.py,docs_src/handling_errors,Python,.py,12,404,False,1,16,0,1,2026-02-12T05:19:43-08:00,2026-02-12T05:19:43-08:00,16
fastapi,docs_src/handling_errors/tutorial003_py310.py,tutorial003_py310.py,docs_src/handling_errors,Python,.py,17,626,False,1,25,0,1,2026-02-12T05:19:43-08:00,2026-02-12T05:19:43-08:00,25
fastapi,docs_src/handling_errors/tutorial004_py310.py,tutorial004_py310.py,docs_src/handling_errors,Python,.py,19,920,False,1,26,0,1,2026-02-12T05:19:43-08:00,2026-02-12T05:19:43-08:00,26
fastapi,docs_src/handling_errors/tutorial005_py310.py,tutorial005_py310.py,docs_src/handling_errors,Python,.py,18,626,False,1,25,0,1,2026-02-12T05:19:43-08:00,2026-02-12T05:19:43-08:00,25
fastapi,docs_src/handling_errors/tutorial006_py310.py,tutorial006_py310.py,docs_src/handling_errors,Python,.py,21,928,False,1,28,0,1,2026-02-12T05:19:43-08:00,2026-02-12T05:19:43-08:00,28
fastapi,docs_src/header_param_models/__init__.py,__init__.py,docs_src/header_param_models,Python,.py,0,0,False,1,0,0,1,2025-12-26T11:43:02+01:00,2025-12-26T11:43:02+01:00,0
fastapi,docs_src/header_param_models/tutorial001_an_py310.py,tutorial001_an_py310.py,docs_src/header_param_models,Python,.py,13,392,False,1,19,0,1,2024-09-17T20:54:10+02:00,2024-09-17T20:54:10+02:00,19
fastapi,docs_src/header_param_models/tutorial001_py310.py,tutorial001_py310.py,docs_src/header_param_models,Python,.py,12,352,False,1,17,0,1,2024-09-17T20:54:10+02:00,2024-09-17T20:54:10+02:00,17
fastapi,docs_src/header_param_models/tutorial002_an_py310.py,tutorial002_an_py310.py,docs_src/header_param_models,Python,.py,14,432,False,1,21,0,1,2024-09-17T20:54:10+02:00,2024-09-17T20:54:10+02:00,21
fastapi,docs_src/header_param_models/tutorial002_py310.py,tutorial002_py310.py,docs_src/header_param_models,Python,.py,13,392,False,1,19,0,1,2024-09-17T20:54:10+02:00,2024-09-17T20:54:10+02:00,19
fastapi,docs_src/header_param_models/tutorial003_an_py310.py,tutorial003_an_py310.py,docs_src/header_param_models,Python,.py,15,424,False,1,21,0,1,2025-03-23T20:48:54Z,2025-03-23T20:48:54Z,21
fastapi,docs_src/header_param_models/tutorial003_py310.py,tutorial003_py310.py,docs_src/header_param_models,Python,.py,12,377,False,1,17,0,1,2025-03-23T20:48:54Z,2025-03-23T20:48:54Z,17
fastapi,docs_src/header_params/__init__.py,__init__.py,docs_src/header_params,Python,.py,0,0,False,1,0,0,1,2025-12-26T11:43:02+01:00,2025-12-26T11:43:02+01:00,0
fastapi,docs_src/header_params/tutorial001_an_py310.py,tutorial001_an_py310.py,docs_src/header_params,Python,.py,6,217,False,1,10,0,1,2023-03-18T13:29:59+01:00,2023-03-18T13:29:59+01:00,10
fastapi,docs_src/header_params/tutorial001_py310.py,tutorial001_py310.py,docs_src/header_params,Python,.py,5,182,False,2,9,1,1,2022-01-07T15:11:31+01:00,2022-05-13T18:38:22-05:00,10
fastapi,docs_src/header_params/tutorial002_an_py310.py,tutorial002_an_py310.py,docs_src/header_params,Python,.py,8,261,False,2,13,1,2,2023-03-18T13:29:59+01:00,2024-03-26T12:56:53-04:00,14
fastapi,docs_src/header_params/tutorial002_py310.py,tutorial002_py310.py,docs_src/header_params,Python,.py,7,228,False,3,12,2,2,2022-01-07T15:11:31+01:00,2024-03-26T12:56:53-04:00,14
fastapi,docs_src/header_params/tutorial003_an_py310.py,tutorial003_an_py310.py,docs_src/header_params,Python,.py,6,221,False,1,10,0,1,2023-03-18T13:29:59+01:00,2023-03-18T13:29:59+01:00,10
fastapi,docs_src/header_params/tutorial003_py310.py,tutorial003_py310.py,docs_src/header_params,Python,.py,5,186,False,2,9,1,1,2022-01-07T15:11:31+01:00,2022-05-13T18:38:22-05:00,10
fastapi,docs_src/json_base64_bytes/__init__.py,__init__.py,docs_src/json_base64_bytes,Python,.py,0,0,False,1,0,0,1,2026-02-21T05:01:31-08:00,2026-02-21T05:01:31-08:00,0
fastapi,docs_src/json_base64_bytes/tutorial001_py310.py,tutorial001_py310.py,docs_src/json_base64_bytes,Python,.py,29,892,False,1,46,0,1,2026-02-21T05:01:31-08:00,2026-02-21T05:01:31-08:00,46
fastapi,docs_src/metadata/__init__.py,__init__.py,docs_src/metadata,Python,.py,0,0,False,1,0,0,1,2025-12-26T11:43:02+01:00,2025-12-26T11:43:02+01:00,0
fastapi,docs_src/metadata/tutorial001_1_py310.py,tutorial001_1_py310.py,docs_src/metadata,Python,.py,29,774,False,1,38,0,1,2026-02-12T05:19:43-08:00,2026-02-12T05:19:43-08:00,38
fastapi,docs_src/metadata/tutorial001_py310.py,tutorial001_py310.py,docs_src/metadata,Python,.py,29,805,False,1,38,0,1,2026-02-12T05:19:43-08:00,2026-02-12T05:19:43-08:00,38
fastapi,docs_src/metadata/tutorial002_py310.py,tutorial002_py310.py,docs_src/metadata,Python,.py,5,154,False,1,8,0,1,2026-02-12T05:19:43-08:00,2026-02-12T05:19:43-08:00,8
fastapi,docs_src/metadata/tutorial003_py310.py,tutorial003_py310.py,docs_src/metadata,Python,.py,5,161,False,1,8,0,1,2026-02-12T05:19:43-08:00,2026-02-12T05:19:43-08:00,8
fastapi,docs_src/metadata/tutorial004_py310.py,tutorial004_py310.py,docs_src/metadata,Python,.py,22,693,False,1,28,0,1,2026-02-12T05:19:43-08:00,2026-02-12T05:19:43-08:00,28
fastapi,docs_src/middleware/__init__.py,__init__.py,docs_src/middleware,Python,.py,0,0,False,1,0,0,1,2025-12-26T11:43:02+01:00,2025-12-26T11:43:02+01:00,0
fastapi,docs_src/middleware/tutorial001_py310.py,tutorial001_py310.py,docs_src/middleware,Python,.py,10,365,False,1,14,0,1,2026-02-12T05:19:43-08:00,2026-02-12T05:19:43-08:00,14
fastapi,docs_src/openapi_callbacks/__init__.py,__init__.py,docs_src/openapi_callbacks,Python,.py,0,0,False,1,0,0,1,2025-12-26T11:43:02+01:00,2025-12-26T11:43:02+01:00,0
fastapi,docs_src/openapi_callbacks/tutorial001_py310.py,tutorial001_py310.py,docs_src/openapi_callbacks,Python,.py,35,1333,False,1,51,0,1,2025-12-10T09:55:32+01:00,2025-12-10T09:55:32+01:00,51
fastapi,docs_src/openapi_webhooks/__init__.py,__init__.py,docs_src/openapi_webhooks,Python,.py,0,0,False,1,0,0,1,2025-12-26T11:43:02+01:00,2025-12-26T11:43:02+01:00,0
fastapi,docs_src/openapi_webhooks/tutorial001_py310.py,tutorial001_py310.py,docs_src/openapi_webhooks,Python,.py,17,550,False,1,25,0,1,2026-02-12T05:19:43-08:00,2026-02-12T05:19:43-08:00,25
fastapi,docs_src/path_operation_advanced_configuration/__init__.py,__init__.py,docs_src/path_operation_advanced_configuration,Python,.py,0,0,False,1,0,0,1,2025-12-26T11:43:02+01:00,2025-12-26T11:43:02+01:00,0
fastapi,docs_src/path_operation_advanced_configuration/tutorial001_py310.py,tutorial001_py310.py,docs_src/path_operation_advanced_configuration,Python,.py,5,167,False,1,8,0,1,2026-02-12T05:19:43-08:00,2026-02-12T05:19:43-08:00,8
fastapi,docs_src/path_operation_advanced_configuration/tutorial002_py310.py,tutorial002_py310.py,docs_src/path_operation_advanced_configuration,Python,.py,8,293,False,2,30,16,1,2026-02-12T05:19:43-08:00,2026-06-14T14:35:48+02:00,46
fastapi,docs_src/path_operation_advanced_configuration/tutorial003_py310.py,tutorial003_py310.py,docs_src/path_operation_advanced_configuration,Python,.py,5,148,False,1,8,0,1,2026-02-12T05:19:43-08:00,2026-02-12T05:19:43-08:00,8
fastapi,docs_src/path_operation_advanced_configuration/tutorial004_py310.py,tutorial004_py310.py,docs_src/path_operation_advanced_configuration,Python,.py,22,661,False,2,30,2,1,2025-12-10T09:55:32+01:00,2026-02-04T15:07:26+03:00,32
fastapi,docs_src/path_operation_advanced_configuration/tutorial005_py310.py,tutorial005_py310.py,docs_src/path_operation_advanced_configuration,Python,.py,5,180,False,1,8,0,1,2026-02-12T05:19:43-08:00,2026-02-12T05:19:43-08:00,8
fastapi,docs_src/path_operation_advanced_configuration/tutorial006_py310.py,tutorial006_py310.py,docs_src/path_operation_advanced_configuration,Python,.py,36,1043,False,1,41,0,1,2026-02-12T05:19:43-08:00,2026-02-12T05:19:43-08:00,41
fastapi,docs_src/path_operation_advanced_configuration/tutorial007_py310.py,tutorial007_py310.py,docs_src/path_operation_advanced_configuration,Python,.py,27,797,False,1,32,0,1,2026-02-12T05:19:43-08:00,2026-02-12T05:19:43-08:00,32
fastapi,docs_src/path_operation_configuration/__init__.py,__init__.py,docs_src/path_operation_configuration,Python,.py,0,0,False,1,0,0,1,2025-12-26T11:43:02+01:00,2025-12-26T11:43:02+01:00,0
fastapi,docs_src/path_operation_configuration/tutorial001_py310.py,tutorial001_py310.py,docs_src/path_operation_configuration,Python,.py,12,350,False,2,19,2,2,2022-01-07T15:11:31+01:00,2026-02-04T15:07:26+03:00,21
fastapi,docs_src/path_operation_configuration/tutorial002_py310.py,tutorial002_py310.py,docs_src/path_operation_configuration,Python,.py,18,524,False,2,29,2,2,2022-01-07T15:11:31+01:00,2026-02-04T15:07:26+03:00,31
fastapi,docs_src/path_operation_configuration/tutorial002b_py310.py,tutorial002b_py310.py,docs_src/path_operation_configuration,Python,.py,12,323,False,1,20,0,1,2026-02-12T05:19:43-08:00,2026-02-12T05:19:43-08:00,20
fastapi,docs_src/path_operation_configuration/tutorial003_py310.py,tutorial003_py310.py,docs_src/path_operation_configuration,Python,.py,16,457,False,2,23,2,2,2022-01-07T15:11:31+01:00,2026-02-04T15:07:26+03:00,25
fastapi,docs_src/path_operation_configuration/tutorial004_py310.py,tutorial004_py310.py,docs_src/path_operation_configuration,Python,.py,20,625,False,2,28,2,2,2022-01-07T15:11:31+01:00,2026-02-04T15:07:26+03:00,30
fastapi,docs_src/path_operation_configuration/tutorial005_py310.py,tutorial005_py310.py,docs_src/path_operation_configuration,Python,.py,24,681,False,2,32,2,2,2022-01-07T15:11:31+01:00,2026-02-04T15:07:26+03:00,34
fastapi,docs_src/path_operation_configuration/tutorial006_py310.py,tutorial006_py310.py,docs_src/path_operation_configuration,Python,.py,11,365,False,1,18,0,1,2026-02-12T05:19:43-08:00,2026-02-12T05:19:43-08:00,18
fastapi,docs_src/path_params/__init__.py,__init__.py,docs_src/path_params,Python,.py,0,0,False,1,0,0,1,2025-12-26T11:43:02+01:00,2025-12-26T11:43:02+01:00,0
fastapi,docs_src/path_params/tutorial001_py310.py,tutorial001_py310.py,docs_src/path_params,Python,.py,5,138,False,1,8,0,1,2026-02-12T05:19:43-08:00,2026-02-12T05:19:43-08:00,8
fastapi,docs_src/path_params/tutorial002_py310.py,tutorial002_py310.py,docs_src/path_params,Python,.py,5,143,False,1,8,0,1,2026-02-12T05:19:43-08:00,2026-02-12T05:19:43-08:00,8
fastapi,docs_src/path_params/tutorial003_py310.py,tutorial003_py310.py,docs_src/path_params,Python,.py,8,236,False,1,13,0,1,2026-02-12T05:19:43-08:00,2026-02-12T05:19:43-08:00,13
fastapi,docs_src/path_params/tutorial003b_py310.py,tutorial003b_py310.py,docs_src/path_params,Python,.py,8,193,False,1,13,0,1,2026-02-12T05:19:43-08:00,2026-02-12T05:19:43-08:00,13
fastapi,docs_src/path_params/tutorial004_py310.py,tutorial004_py310.py,docs_src/path_params,Python,.py,5,156,False,1,8,0,1,2026-02-12T05:19:43-08:00,2026-02-12T05:19:43-08:00,8
fastapi,docs_src/path_params/tutorial005_py310.py,tutorial005_py310.py,docs_src/path_params,Python,.py,14,546,False,1,23,0,1,2026-02-12T05:19:43-08:00,2026-02-12T05:19:43-08:00,23
fastapi,docs_src/path_params_numeric_validations/__init__.py,__init__.py,docs_src/path_params_numeric_validations,Python,.py,0,0,False,1,0,0,1,2025-12-26T11:43:02+01:00,2025-12-26T11:43:02+01:00,0
fastapi,docs_src/path_params_numeric_validations/tutorial001_an_py310.py,tutorial001_an_py310.py,docs_src/path_params_numeric_validations,Python,.py,12,375,False,1,16,0,1,2023-03-18T13:29:59+01:00,2023-03-18T13:29:59+01:00,16
fastapi,docs_src/path_params_numeric_validations/tutorial001_py310.py,tutorial001_py310.py,docs_src/path_params_numeric_validations,Python,.py,11,332,False,2,16,2,1,2022-01-07T15:11:31+01:00,2022-05-13T18:38:22-05:00,18
fastapi,docs_src/path_params_numeric_validations/tutorial002_an_py310.py,tutorial002_an_py310.py,docs_src/path_params_numeric_validations,Python,.py,11,311,False,1,15,0,1,2026-02-12T05:19:43-08:00,2026-02-12T05:19:43-08:00,15
fastapi,docs_src/path_params_numeric_validations/tutorial002_py310.py,tutorial002_py310.py,docs_src/path_params_numeric_validations,Python,.py,8,265,False,1,11,0,1,2026-02-12T05:19:43-08:00,2026-02-12T05:19:43-08:00,11
fastapi,docs_src/path_params_numeric_validations/tutorial003_an_py310.py,tutorial003_an_py310.py,docs_src/path_params_numeric_validations,Python,.py,11,311,False,1,15,0,1,2026-02-12T05:19:43-08:00,2026-02-12T05:19:43-08:00,15
fastapi,docs_src/path_params_numeric_validations/tutorial003_py310.py,tutorial003_py310.py,docs_src/path_params_numeric_validations,Python,.py,8,268,False,1,11,0,1,2026-02-12T05:19:43-08:00,2026-02-12T05:19:43-08:00,11
fastapi,docs_src/path_params_numeric_validations/tutorial004_an_py310.py,tutorial004_an_py310.py,docs_src/path_params_numeric_validations,Python,.py,11,317,False,1,15,0,1,2026-02-12T05:19:43-08:00,2026-02-12T05:19:43-08:00,15
fastapi,docs_src/path_params_numeric_validations/tutorial004_py310.py,tutorial004_py310.py,docs_src/path_params_numeric_validations,Python,.py,10,280,False,1,13,0,1,2026-02-12T05:19:43-08:00,2026-02-12T05:19:43-08:00,13
fastapi,docs_src/path_params_numeric_validations/tutorial005_an_py310.py,tutorial005_an_py310.py,docs_src/path_params_numeric_validations,Python,.py,12,331,False,1,16,0,1,2026-02-12T05:19:43-08:00,2026-02-12T05:19:43-08:00,16
fastapi,docs_src/path_params_numeric_validations/tutorial005_py310.py,tutorial005_py310.py,docs_src/path_params_numeric_validations,Python,.py,12,298,False,1,15,0,1,2026-02-12T05:19:43-08:00,2026-02-12T05:19:43-08:00,15
fastapi,docs_src/path_params_numeric_validations/tutorial006_an_py310.py,tutorial006_an_py310.py,docs_src/path_params_numeric_validations,Python,.py,16,447,False,1,20,0,1,2026-02-12T05:19:43-08:00,2026-02-12T05:19:43-08:00,20
fastapi,docs_src/path_params_numeric_validations/tutorial006_py310.py,tutorial006_py310.py,docs_src/path_params_numeric_validations,Python,.py,15,397,False,1,18,0,1,2026-02-12T05:19:43-08:00,2026-02-12T05:19:43-08:00,18
fastapi,docs_src/pydantic_v1_in_v2/__init__.py,__init__.py,docs_src/pydantic_v1_in_v2,Python,.py,0,0,False,1,0,0,1,2025-12-26T11:43:02+01:00,2025-12-26T11:43:02+01:00,0
fastapi,docs_src/pydantic_v1_in_v2/tutorial001_an_py310.py,tutorial001_an_py310.py,docs_src/pydantic_v1_in_v2,Python,.py,5,124,False,1,7,0,1,2025-10-11T18:45:54+02:00,2025-10-11T18:45:54+02:00,7
fastapi,docs_src/pydantic_v1_in_v2/tutorial002_an_py310.py,tutorial002_an_py310.py,docs_src/pydantic_v1_in_v2,Python,.py,10,252,False,1,16,0,1,2025-10-11T18:45:54+02:00,2025-10-11T18:45:54+02:00,16
fastapi,docs_src/pydantic_v1_in_v2/tutorial003_an_py310.py,tutorial003_an_py310.py,docs_src/pydantic_v1_in_v2,Python,.py,15,407,False,1,23,0,1,2025-10-11T18:45:54+02:00,2025-10-11T18:45:54+02:00,23
fastapi,docs_src/pydantic_v1_in_v2/tutorial004_an_py310.py,tutorial004_an_py310.py,docs_src/pydantic_v1_in_v2,Python,.py,12,360,False,1,19,0,1,2025-10-11T18:45:54+02:00,2025-10-11T18:45:54+02:00,19
fastapi,docs_src/python_types/__init__.py,__init__.py,docs_src/python_types,Python,.py,0,0,False,1,0,0,1,2025-12-26T11:43:02+01:00,2025-12-26T11:43:02+01:00,0
fastapi,docs_src/python_types/tutorial001_py310.py,tutorial001_py310.py,docs_src/python_types,Python,.py,4,162,False,1,6,0,1,2026-02-12T05:19:43-08:00,2026-02-12T05:19:43-08:00,6
fastapi,docs_src/python_types/tutorial002_py310.py,tutorial002_py310.py,docs_src/python_types,Python,.py,4,172,False,1,6,0,1,2026-02-12T05:19:43-08:00,2026-02-12T05:19:43-08:00,6
fastapi,docs_src/python_types/tutorial003_py310.py,tutorial003_py310.py,docs_src/python_types,Python,.py,3,119,False,1,3,0,1,2026-02-12T05:19:43-08:00,2026-02-12T05:19:43-08:00,3
fastapi,docs_src/python_types/tutorial004_py310.py,tutorial004_py310.py,docs_src/python_types,Python,.py,3,124,False,1,3,0,1,2026-02-12T05:19:43-08:00,2026-02-12T05:19:43-08:00,3
fastapi,docs_src/python_types/tutorial005_py310.py,tutorial005_py310.py,docs_src/python_types,Python,.py,2,135,False,1,2,0,1,2026-02-12T05:19:43-08:00,2026-02-12T05:19:43-08:00,2
fastapi,docs_src/python_types/tutorial006_py310.py,tutorial006_py310.py,docs_src/python_types,Python,.py,3,80,False,1,3,0,1,2026-02-12T05:19:43-08:00,2026-02-12T05:19:43-08:00,3
fastapi,docs_src/python_types/tutorial007_py310.py,tutorial007_py310.py,docs_src/python_types,Python,.py,2,99,False,1,2,0,1,2026-02-12T05:19:43-08:00,2026-02-12T05:19:43-08:00,2
fastapi,docs_src/python_types/tutorial008_py310.py,tutorial008_py310.py,docs_src/python_types,Python,.py,4,145,False,1,4,0,1,2026-02-12T05:19:43-08:00,2026-02-12T05:19:43-08:00,4
fastapi,docs_src/python_types/tutorial008b_py310.py,tutorial008b_py310.py,docs_src/python_types,Python,.py,2,51,False,1,2,0,1,2022-01-07T15:11:31+01:00,2022-01-07T15:11:31+01:00,2
fastapi,docs_src/python_types/tutorial009_py310.py,tutorial009_py310.py,docs_src/python_types,Python,.py,5,131,False,1,5,0,1,2022-01-07T15:11:31+01:00,2022-01-07T15:11:31+01:00,5
fastapi,docs_src/python_types/tutorial010_py310.py,tutorial010_py310.py,docs_src/python_types,Python,.py,5,144,False,1,7,0,1,2026-02-12T05:19:43-08:00,2026-02-12T05:19:43-08:00,7
fastapi,docs_src/python_types/tutorial011_py310.py,tutorial011_py310.py,docs_src/python_types,Python,.py,17,461,False,2,23,1,2,2022-01-07T15:11:31+01:00,2023-09-02T21:26:35+05:30,24
fastapi,docs_src/python_types/tutorial013_py310.py,tutorial013_py310.py,docs_src/python_types,Python,.py,3,127,False,1,5,0,1,2026-02-12T05:19:43-08:00,2026-02-12T05:19:43-08:00,5
fastapi,docs_src/query_param_models/__init__.py,__init__.py,docs_src/query_param_models,Python,.py,0,0,False,1,0,0,1,2025-12-26T11:43:02+01:00,2025-12-26T11:43:02+01:00,0
fastapi,docs_src/query_param_models/tutorial001_an_py310.py,tutorial001_an_py310.py,docs_src/query_param_models,Python,.py,12,443,False,1,18,0,1,2024-09-17T20:54:10+02:00,2024-09-17T20:54:10+02:00,18
fastapi,docs_src/query_param_models/tutorial001_py310.py,tutorial001_py310.py,docs_src/query_param_models,Python,.py,12,422,False,1,18,0,1,2024-09-17T20:54:10+02:00,2024-09-17T20:54:10+02:00,18
fastapi,docs_src/query_param_models/tutorial002_an_py310.py,tutorial002_an_py310.py,docs_src/query_param_models,Python,.py,13,483,False,1,20,0,1,2024-09-17T20:54:10+02:00,2024-09-17T20:54:10+02:00,20
fastapi,docs_src/query_param_models/tutorial002_py310.py,tutorial002_py310.py,docs_src/query_param_models,Python,.py,13,462,False,1,20,0,1,2024-09-17T20:54:10+02:00,2024-09-17T20:54:10+02:00,20
fastapi,docs_src/query_params/__init__.py,__init__.py,docs_src/query_params,Python,.py,0,0,False,1,0,0,1,2025-12-26T11:43:02+01:00,2025-12-26T11:43:02+01:00,0
fastapi,docs_src/query_params/tutorial001_py310.py,tutorial001_py310.py,docs_src/query_params,Python,.py,6,250,False,1,10,0,1,2026-02-12T05:19:43-08:00,2026-02-12T05:19:43-08:00,10
fastapi,docs_src/query_params/tutorial002_py310.py,tutorial002_py310.py,docs_src/query_params,Python,.py,7,219,False,1,10,0,1,2022-01-07T15:11:31+01:00,2022-01-07T15:11:31+01:00,10
fastapi,docs_src/query_params/tutorial003_py310.py,tutorial003_py310.py,docs_src/query_params,Python,.py,12,374,False,1,15,0,1,2022-01-07T15:11:31+01:00,2022-01-07T15:11:31+01:00,15
fastapi,docs_src/query_params/tutorial004_py310.py,tutorial004_py310.py,docs_src/query_params,Python,.py,14,436,False,1,17,0,1,2022-01-07T15:11:31+01:00,2022-01-07T15:11:31+01:00,17
fastapi,docs_src/query_params/tutorial005_py310.py,tutorial005_py310.py,docs_src/query_params,Python,.py,6,192,False,1,9,0,1,2026-02-12T05:19:43-08:00,2026-02-12T05:19:43-08:00,9
fastapi,docs_src/query_params/tutorial006_py310.py,tutorial006_py310.py,docs_src/query_params,Python,.py,8,269,False,1,11,0,1,2022-01-07T15:11:31+01:00,2022-01-07T15:11:31+01:00,11
fastapi,docs_src/query_params_str_validations/__init__.py,__init__.py,docs_src/query_params_str_validations,Python,.py,0,0,False,1,0,0,1,2025-12-26T11:43:02+01:00,2025-12-26T11:43:02+01:00,0
fastapi,docs_src/query_params_str_validations/tutorial001_py310.py,tutorial001_py310.py,docs_src/query_params_str_validations,Python,.py,8,239,False,1,11,0,1,2022-01-07T15:11:31+01:00,2022-01-07T15:11:31+01:00,11
fastapi,docs_src/query_params_str_validations/tutorial002_an_py310.py,tutorial002_an_py310.py,docs_src/query_params_str_validations,Python,.py,9,309,False,1,13,0,1,2023-03-18T13:29:59+01:00,2023-03-18T13:29:59+01:00,13
fastapi,docs_src/query_params_str_validations/tutorial002_py310.py,tutorial002_py310.py,docs_src/query_params_str_validations,Python,.py,8,276,False,2,12,1,1,2022-01-07T15:11:31+01:00,2022-05-13T18:38:22-05:00,13
fastapi,docs_src/query_params_str_validations/tutorial003_an_py310.py,tutorial003_an_py310.py,docs_src/query_params_str_validations,Python,.py,11,330,False,2,16,1,2,2023-03-18T13:29:59+01:00,2024-03-26T12:56:53-04:00,17
fastapi,docs_src/query_params_str_validations/tutorial003_py310.py,tutorial003_py310.py,docs_src/query_params_str_validations,Python,.py,8,290,False,2,12,1,1,2022-01-07T15:11:31+01:00,2022-05-13T18:38:22-05:00,13
fastapi,docs_src/query_params_str_validations/tutorial004_an_py310.py,tutorial004_an_py310.py,docs_src/query_params_str_validations,Python,.py,13,368,False,3,19,2,1,2023-03-18T13:29:59+01:00,2023-10-25T00:26:06+04:00,21
fastapi,docs_src/query_params_str_validations/tutorial004_py310.py,tutorial004_py310.py,docs_src/query_params_str_validations,Python,.py,12,335,False,4,19,4,1,2022-01-07T15:11:31+01:00,2023-10-25T00:26:06+04:00,23
fastapi,docs_src/query_params_str_validations/tutorial005_an_py310.py,tutorial005_an_py310.py,docs_src/query_params_str_validations,Python,.py,9,309,False,1,13,0,1,2026-02-12T05:19:43-08:00,2026-02-12T05:19:43-08:00,13
fastapi,docs_src/query_params_str_validations/tutorial005_py310.py,tutorial005_py310.py,docs_src/query_params_str_validations,Python,.py,8,276,False,1,11,0,1,2026-02-12T05:19:43-08:00,2026-02-12T05:19:43-08:00,11
fastapi,docs_src/query_params_str_validations/tutorial006_an_py310.py,tutorial006_an_py310.py,docs_src/query_params_str_validations,Python,.py,9,294,False,1,13,0,1,2026-02-12T05:19:43-08:00,2026-02-12T05:19:43-08:00,13
fastapi,docs_src/query_params_str_validations/tutorial006_py310.py,tutorial006_py310.py,docs_src/query_params_str_validations,Python,.py,8,254,False,1,11,0,1,2026-02-12T05:19:43-08:00,2026-02-12T05:19:43-08:00,11
fastapi,docs_src/query_params_str_validations/tutorial006c_an_py310.py,tutorial006c_an_py310.py,docs_src/query_params_str_validations,Python,.py,9,301,False,2,14,1,1,2023-03-18T13:29:59+01:00,2025-02-15T17:23:59+01:00,15
fastapi,docs_src/query_params_str_validations/tutorial006c_py310.py,tutorial006c_py310.py,docs_src/query_params_str_validations,Python,.py,8,261,False,2,12,1,1,2022-05-13T18:38:22-05:00,2025-02-15T17:23:59+01:00,13
fastapi,docs_src/query_params_str_validations/tutorial007_an_py310.py,tutorial007_an_py310.py,docs_src/query_params_str_validations,Python,.py,11,337,False,2,16,1,2,2023-03-18T13:29:59+01:00,2024-03-26T12:56:53-04:00,17
fastapi,docs_src/query_params_str_validations/tutorial007_py310.py,tutorial007_py310.py,docs_src/query_params_str_validations,Python,.py,10,304,False,3,15,2,2,2022-01-07T15:11:31+01:00,2024-03-26T12:56:53-04:00,17
fastapi,docs_src/query_params_str_validations/tutorial008_an_py310.py,tutorial008_an_py310.py,docs_src/query_params_str_validations,Python,.py,18,498,False,2,23,1,1,2023-03-18T13:29:59+01:00,2023-10-25T00:26:06+04:00,24
fastapi,docs_src/query_params_str_validations/tutorial008_py310.py,tutorial008_py310.py,docs_src/query_params_str_validations,Python,.py,15,434,False,3,22,4,1,2022-01-07T15:11:31+01:00,2023-10-25T00:26:06+04:00,26
fastapi,docs_src/query_params_str_validations/tutorial009_an_py310.py,tutorial009_an_py310.py,docs_src/query_params_str_validations,Python,.py,9,314,False,1,13,0,1,2023-03-18T13:29:59+01:00,2023-03-18T13:29:59+01:00,13
fastapi,docs_src/query_params_str_validations/tutorial009_py310.py,tutorial009_py310.py,docs_src/query_params_str_validations,Python,.py,8,281,False,2,12,1,1,2022-01-07T15:11:31+01:00,2022-05-13T18:38:22-05:00,13
fastapi,docs_src/query_params_str_validations/tutorial010_an_py310.py,tutorial010_an_py310.py,docs_src/query_params_str_validations,Python,.py,22,622,False,3,28,2,1,2023-03-18T13:29:59+01:00,2023-10-25T00:26:06+04:00,30
fastapi,docs_src/query_params_str_validations/tutorial010_py310.py,tutorial010_py310.py,docs_src/query_params_str_validations,Python,.py,19,542,False,4,27,5,1,2022-01-07T15:11:31+01:00,2023-10-25T00:26:06+04:00,32
fastapi,docs_src/query_params_str_validations/tutorial011_an_py310.py,tutorial011_an_py310.py,docs_src/query_params_str_validations,Python,.py,7,224,False,1,11,0,1,2023-03-18T13:29:59+01:00,2023-03-18T13:29:59+01:00,11
fastapi,docs_src/query_params_str_validations/tutorial011_py310.py,tutorial011_py310.py,docs_src/query_params_str_validations,Python,.py,6,189,False,2,10,1,1,2022-01-07T15:11:31+01:00,2022-05-13T18:38:22-05:00,11
fastapi,docs_src/query_params_str_validations/tutorial012_an_py310.py,tutorial012_an_py310.py,docs_src/query_params_str_validations,Python,.py,7,227,False,1,11,0,1,2026-02-12T05:19:43-08:00,2026-02-12T05:19:43-08:00,11
fastapi,docs_src/query_params_str_validations/tutorial012_py310.py,tutorial012_py310.py,docs_src/query_params_str_validations,Python,.py,6,192,False,1,9,0,1,2026-02-12T05:19:43-08:00,2026-02-12T05:19:43-08:00,9
fastapi,docs_src/query_params_str_validations/tutorial013_an_py310.py,tutorial013_an_py310.py,docs_src/query_params_str_validations,Python,.py,7,210,False,1,11,0,1,2026-02-12T05:19:43-08:00,2026-02-12T05:19:43-08:00,11
fastapi,docs_src/query_params_str_validations/tutorial013_py310.py,tutorial013_py310.py,docs_src/query_params_str_validations,Python,.py,6,175,False,1,9,0,1,2026-02-12T05:19:43-08:00,2026-02-12T05:19:43-08:00,9
fastapi,docs_src/query_params_str_validations/tutorial014_an_py310.py,tutorial014_an_py310.py,docs_src/query_params_str_validations,Python,.py,11,331,False,2,16,1,2,2023-03-18T13:29:59+01:00,2024-03-26T12:56:53-04:00,17
fastapi,docs_src/query_params_str_validations/tutorial014_py310.py,tutorial014_py310.py,docs_src/query_params_str_validations,Python,.py,10,298,False,3,15,2,3,2022-01-23T23:54:59+08:00,2024-03-26T12:56:53-04:00,17
fastapi,docs_src/query_params_str_validations/tutorial015_an_py310.py,tutorial015_an_py310.py,docs_src/query_params_str_validations,Python,.py,23,768,False,1,30,0,1,2025-03-01T23:02:35+01:00,2025-03-01T23:02:35+01:00,30
fastapi,docs_src/request_files/__init__.py,__init__.py,docs_src/request_files,Python,.py,0,0,False,1,0,0,1,2025-12-26T11:43:02+01:00,2025-12-26T11:43:02+01:00,0
fastapi,docs_src/request_files/tutorial001_02_an_py310.py,tutorial001_02_an_py310.py,docs_src/request_files,Python,.py,15,505,False,1,21,0,1,2023-03-18T13:29:59+01:00,2023-03-18T13:29:59+01:00,21
fastapi,docs_src/request_files/tutorial001_02_py310.py,tutorial001_02_py310.py,docs_src/request_files,Python,.py,14,470,False,2,20,1,1,2022-01-23T20:14:13+01:00,2022-05-13T18:38:22-05:00,21
fastapi,docs_src/request_files/tutorial001_03_an_py310.py,tutorial001_03_an_py310.py,docs_src/request_files,Python,.py,11,421,False,1,17,0,1,2026-02-12T05:19:43-08:00,2026-02-12T05:19:43-08:00,17
fastapi,docs_src/request_files/tutorial001_03_py310.py,tutorial001_03_py310.py,docs_src/request_files,Python,.py,10,371,False,1,15,0,1,2026-02-12T05:19:43-08:00,2026-02-12T05:19:43-08:00,15
fastapi,docs_src/request_files/tutorial001_an_py310.py,tutorial001_an_py310.py,docs_src/request_files,Python,.py,9,322,False,1,15,0,1,2026-02-12T05:19:43-08:00,2026-02-12T05:19:43-08:00,15
fastapi,docs_src/request_files/tutorial001_py310.py,tutorial001_py310.py,docs_src/request_files,Python,.py,8,282,False,1,13,0,1,2026-02-12T05:19:43-08:00,2026-02-12T05:19:43-08:00,13
fastapi,docs_src/request_files/tutorial002_an_py310.py,tutorial002_an_py310.py,docs_src/request_files,Python,.py,25,826,False,1,33,0,1,2026-02-12T05:19:43-08:00,2026-02-12T05:19:43-08:00,33
fastapi,docs_src/request_files/tutorial002_py310.py,tutorial002_py310.py,docs_src/request_files,Python,.py,24,786,False,1,31,0,1,2026-02-12T05:19:43-08:00,2026-02-12T05:19:43-08:00,31
fastapi,docs_src/request_files/tutorial003_an_py310.py,tutorial003_an_py310.py,docs_src/request_files,Python,.py,31,952,False,1,39,0,1,2026-02-12T05:19:43-08:00,2026-02-12T05:19:43-08:00,39
fastapi,docs_src/request_files/tutorial003_py310.py,tutorial003_py310.py,docs_src/request_files,Python,.py,28,888,False,1,35,0,1,2026-02-12T05:19:43-08:00,2026-02-12T05:19:43-08:00,35
fastapi,docs_src/request_form_models/__init__.py,__init__.py,docs_src/request_form_models,Python,.py,0,0,False,1,0,0,1,2025-12-26T11:43:02+01:00,2025-12-26T11:43:02+01:00,0
fastapi,docs_src/request_form_models/tutorial001_an_py310.py,tutorial001_an_py310.py,docs_src/request_form_models,Python,.py,10,268,False,1,16,0,1,2026-02-12T05:19:43-08:00,2026-02-12T05:19:43-08:00,16
fastapi,docs_src/request_form_models/tutorial001_py310.py,tutorial001_py310.py,docs_src/request_form_models,Python,.py,9,228,False,1,14,0,1,2026-02-12T05:19:43-08:00,2026-02-12T05:19:43-08:00,14
fastapi,docs_src/request_form_models/tutorial002_an_py310.py,tutorial002_an_py310.py,docs_src/request_form_models,Python,.py,11,307,False,1,17,0,1,2026-02-12T05:19:43-08:00,2026-02-12T05:19:43-08:00,17
fastapi,docs_src/request_form_models/tutorial002_py310.py,tutorial002_py310.py,docs_src/request_form_models,Python,.py,10,267,False,1,15,0,1,2026-02-12T05:19:43-08:00,2026-02-12T05:19:43-08:00,15
fastapi,docs_src/request_forms/__init__.py,__init__.py,docs_src/request_forms,Python,.py,0,0,False,1,0,0,1,2025-12-26T11:43:02+01:00,2025-12-26T11:43:02+01:00,0
fastapi,docs_src/request_forms/tutorial001_an_py310.py,tutorial001_an_py310.py,docs_src/request_forms,Python,.py,6,223,False,1,10,0,1,2026-02-12T05:19:43-08:00,2026-02-12T05:19:43-08:00,10
fastapi,docs_src/request_forms/tutorial001_py310.py,tutorial001_py310.py,docs_src/request_forms,Python,.py,5,173,False,1,8,0,1,2026-02-12T05:19:43-08:00,2026-02-12T05:19:43-08:00,8
fastapi,docs_src/request_forms_and_files/__init__.py,__init__.py,docs_src/request_forms_and_files,Python,.py,0,0,False,1,0,0,1,2025-12-26T11:43:02+01:00,2025-12-26T11:43:02+01:00,0
fastapi,docs_src/request_forms_and_files/tutorial001_an_py310.py,tutorial001_an_py310.py,docs_src/request_forms_and_files,Python,.py,14,386,False,1,18,0,1,2026-02-12T05:19:43-08:00,2026-02-12T05:19:43-08:00,18
fastapi,docs_src/request_forms_and_files/tutorial001_py310.py,tutorial001_py310.py,docs_src/request_forms_and_files,Python,.py,11,317,False,1,14,0,1,2026-02-12T05:19:43-08:00,2026-02-12T05:19:43-08:00,14
fastapi,docs_src/response_change_status_code/__init__.py,__init__.py,docs_src/response_change_status_code,Python,.py,0,0,False,1,0,0,1,2025-12-26T11:43:02+01:00,2025-12-26T11:43:02+01:00,0
fastapi,docs_src/response_change_status_code/tutorial001_py310.py,tutorial001_py310.py,docs_src/response_change_status_code,Python,.py,9,391,False,1,13,0,1,2026-02-12T05:19:43-08:00,2026-02-12T05:19:43-08:00,13
fastapi,docs_src/response_cookies/__init__.py,__init__.py,docs_src/response_cookies,Python,.py,0,0,False,1,0,0,1,2025-12-26T11:43:02+01:00,2025-12-26T11:43:02+01:00,0
fastapi,docs_src/response_cookies/tutorial001_py310.py,tutorial001_py310.py,docs_src/response_cookies,Python,.py,9,344,False,1,12,0,1,2026-02-12T05:19:43-08:00,2026-02-12T05:19:43-08:00,12
fastapi,docs_src/response_cookies/tutorial002_py310.py,tutorial002_py310.py,docs_src/response_cookies,Python,.py,6,272,False,1,9,0,1,2026-02-12T05:19:43-08:00,2026-02-12T05:19:43-08:00,9
fastapi,docs_src/response_directly/__init__.py,__init__.py,docs_src/response_directly,Python,.py,0,0,False,1,0,0,1,2025-12-26T11:43:02+01:00,2025-12-26T11:43:02+01:00,0
fastapi,docs_src/response_directly/tutorial001_py310.py,tutorial001_py310.py,docs_src/response_directly,Python,.py,14,474,False,1,21,0,1,2025-12-10T09:55:32+01:00,2025-12-10T09:55:32+01:00,21
fastapi,docs_src/response_directly/tutorial002_py310.py,tutorial002_py310.py,docs_src/response_directly,Python,.py,15,354,False,1,18,0,1,2026-02-12T05:19:43-08:00,2026-02-12T05:19:43-08:00,18
fastapi,docs_src/response_headers/__init__.py,__init__.py,docs_src/response_headers,Python,.py,0,0,False,1,0,0,1,2025-12-26T11:43:02+01:00,2025-12-26T11:43:02+01:00,0
fastapi,docs_src/response_headers/tutorial001_py310.py,tutorial001_py310.py,docs_src/response_headers,Python,.py,8,309,False,1,11,0,1,2026-02-12T05:19:43-08:00,2026-02-12T05:19:43-08:00,11
fastapi,docs_src/response_headers/tutorial002_py310.py,tutorial002_py310.py,docs_src/response_headers,Python,.py,6,222,False,1,9,0,1,2026-02-12T05:19:43-08:00,2026-02-12T05:19:43-08:00,9
fastapi,docs_src/response_model/__init__.py,__init__.py,docs_src/response_model,Python,.py,0,0,False,1,0,0,1,2025-12-26T11:43:02+01:00,2025-12-26T11:43:02+01:00,0
fastapi,docs_src/response_model/tutorial001_01_py310.py,tutorial001_01_py310.py,docs_src/response_model,Python,.py,18,469,False,1,25,0,1,2023-01-07T15:45:48+02:00,2023-01-07T15:45:48+02:00,25
fastapi,docs_src/response_model/tutorial001_py310.py,tutorial001_py310.py,docs_src/response_model,Python,.py,19,537,False,2,28,1,2,2022-01-07T15:11:31+01:00,2023-01-07T15:45:48+02:00,29
fastapi,docs_src/response_model/tutorial002_py310.py,tutorial002_py310.py,docs_src/response_model,Python,.py,12,318,False,2,19,2,2,2022-01-07T15:11:31+01:00,2023-01-07T15:45:48+02:00,21
fastapi,docs_src/response_model/tutorial003_01_py310.py,tutorial003_01_py310.py,docs_src/response_model,Python,.py,12,317,False,1,19,0,1,2023-01-07T15:45:48+02:00,2023-01-07T15:45:48+02:00,19
fastapi,docs_src/response_model/tutorial003_02_py310.py,tutorial003_02_py310.py,docs_src/response_model,Python,.py,8,381,False,1,11,0,1,2026-02-12T05:19:43-08:00,2026-02-12T05:19:43-08:00,11
fastapi,docs_src/response_model/tutorial003_03_py310.py,tutorial003_03_py310.py,docs_src/response_model,Python,.py,6,241,False,1,9,0,1,2026-02-12T05:19:43-08:00,2026-02-12T05:19:43-08:00,9
fastapi,docs_src/response_model/tutorial003_04_py310.py,tutorial003_04_py310.py,docs_src/response_model,Python,.py,8,352,False,1,11,0,1,2023-01-10T20:22:47+04:00,2023-01-10T20:22:47+04:00,11
fastapi,docs_src/response_model/tutorial003_05_py310.py,tutorial003_05_py310.py,docs_src/response_model,Python,.py,8,373,False,1,11,0,1,2023-01-10T20:22:47+04:00,2023-01-10T20:22:47+04:00,11
fastapi,docs_src/response_model/tutorial003_py310.py,tutorial003_py310.py,docs_src/response_model,Python,.py,16,431,False,2,25,1,2,2022-01-07T15:11:31+01:00,2023-01-07T15:45:48+02:00,26
fastapi,docs_src/response_model/tutorial004_py310.py,tutorial004_py310.py,docs_src/response_model,Python,.py,17,595,False,1,24,0,1,2022-01-07T15:11:31+01:00,2022-01-07T15:11:31+01:00,24
fastapi,docs_src/response_model/tutorial005_py310.py,tutorial005_py310.py,docs_src/response_model,Python,.py,28,816,False,1,37,0,1,2022-01-07T15:11:31+01:00,2022-01-07T15:11:31+01:00,37
fastapi,docs_src/response_model/tutorial006_py310.py,tutorial006_py310.py,docs_src/response_model,Python,.py,28,816,False,1,37,0,1,2022-01-07T15:11:31+01:00,2022-01-07T15:11:31+01:00,37
fastapi,docs_src/response_status_code/__init__.py,__init__.py,docs_src/response_status_code,Python,.py,0,0,False,1,0,0,1,2025-12-26T11:43:02+01:00,2025-12-26T11:43:02+01:00,0
fastapi,docs_src/response_status_code/tutorial001_py310.py,tutorial001_py310.py,docs_src/response_status_code,Python,.py,5,145,False,1,8,0,1,2026-02-12T05:19:43-08:00,2026-02-12T05:19:43-08:00,8
fastapi,docs_src/response_status_code/tutorial002_py310.py,tutorial002_py310.py,docs_src/response_status_code,Python,.py,5,173,False,1,8,0,1,2026-02-12T05:19:43-08:00,2026-02-12T05:19:43-08:00,8
fastapi,docs_src/schema_extra_example/__init__.py,__init__.py,docs_src/schema_extra_example,Python,.py,0,0,False,1,0,0,1,2025-12-26T11:43:02+01:00,2025-12-26T11:43:02+01:00,0
fastapi,docs_src/schema_extra_example/tutorial001_py310.py,tutorial001_py310.py,docs_src/schema_extra_example,Python,.py,24,646,False,3,38,8,1,2022-01-07T15:11:31+01:00,2023-07-07T19:12:13+02:00,46
fastapi,docs_src/schema_extra_example/tutorial002_py310.py,tutorial002_py310.py,docs_src/schema_extra_example,Python,.py,12,479,False,3,25,8,1,2022-01-07T15:11:31+01:00,2023-06-30T20:25:16+02:00,33
fastapi,docs_src/schema_extra_example/tutorial003_an_py310.py,tutorial003_an_py310.py,docs_src/schema_extra_example,Python,.py,28,673,False,2,40,6,1,2023-03-18T13:29:59+01:00,2023-06-30T20:25:16+02:00,46
fastapi,docs_src/schema_extra_example/tutorial003_py310.py,tutorial003_py310.py,docs_src/schema_extra_example,Python,.py,24,574,False,3,36,7,1,2022-01-07T15:11:31+01:00,2023-06-30T20:25:16+02:00,43
fastapi,docs_src/schema_extra_example/tutorial004_an_py310.py,tutorial004_an_py310.py,docs_src/schema_extra_example,Python,.py,37,917,False,3,67,24,1,2023-03-18T13:29:59+01:00,2023-07-01T18:43:29+02:00,91
fastapi,docs_src/schema_extra_example/tutorial004_py310.py,tutorial004_py310.py,docs_src/schema_extra_example,Python,.py,33,786,False,4,63,25,1,2022-01-07T15:11:31+01:00,2023-07-01T18:43:29+02:00,88
fastapi,docs_src/schema_extra_example/tutorial005_an_py310.py,tutorial005_an_py310.py,docs_src/schema_extra_example,Python,.py,48,1523,False,1,54,0,1,2023-08-26T20:03:13+02:00,2023-08-26T20:03:13+02:00,54
fastapi,docs_src/schema_extra_example/tutorial005_py310.py,tutorial005_py310.py,docs_src/schema_extra_example,Python,.py,44,1348,False,1,49,0,1,2023-08-26T20:03:13+02:00,2023-08-26T20:03:13+02:00,49
fastapi,docs_src/security/__init__.py,__init__.py,docs_src/security,Python,.py,0,0,False,1,0,0,1,2025-12-26T11:43:02+01:00,2025-12-26T11:43:02+01:00,0
fastapi,docs_src/security/tutorial001_an_py310.py,tutorial001_an_py310.py,docs_src/security,Python,.py,8,309,False,1,13,0,1,2026-02-12T05:19:43-08:00,2026-02-12T05:19:43-08:00,13
fastapi,docs_src/security/tutorial001_py310.py,tutorial001_py310.py,docs_src/security,Python,.py,7,269,False,1,11,0,1,2026-02-12T05:19:43-08:00,2026-02-12T05:19:43-08:00,11
fastapi,docs_src/security/tutorial002_an_py310.py,tutorial002_an_py310.py,docs_src/security,Python,.py,21,761,False,1,32,0,1,2023-03-18T13:29:59+01:00,2023-03-18T13:29:59+01:00,32
fastapi,docs_src/security/tutorial002_py310.py,tutorial002_py310.py,docs_src/security,Python,.py,20,711,False,1,30,0,1,2022-01-07T15:11:31+01:00,2022-01-07T15:11:31+01:00,30
fastapi,docs_src/security/tutorial003_an_py310.py,tutorial003_an_py310.py,docs_src/security,Python,.py,70,2517,False,3,97,3,3,2023-03-18T13:29:59+01:00,2025-11-24T20:03:06+01:00,100
fastapi,docs_src/security/tutorial003_py310.py,tutorial003_py310.py,docs_src/security,Python,.py,65,2433,False,2,89,1,2,2022-01-07T15:11:31+01:00,2025-11-24T20:03:06+01:00,90
fastapi,docs_src/security/tutorial004_an_py310.py,tutorial004_an_py310.py,docs_src/security,Python,.py,113,4300,False,9,170,20,7,2023-03-18T13:29:59+01:00,2026-02-12T10:10:35-08:00,190
fastapi,docs_src/security/tutorial004_py310.py,tutorial004_py310.py,docs_src/security,Python,.py,106,4200,False,9,160,17,7,2022-01-07T15:11:31+01:00,2026-02-12T10:10:35-08:00,177
fastapi,docs_src/security/tutorial005_an_py310.py,tutorial005_an_py310.py,docs_src/security,Python,.py,143,5509,False,10,205,23,8,2023-03-18T13:29:59+01:00,2026-02-12T10:10:35-08:00,228
fastapi,docs_src/security/tutorial005_py310.py,tutorial005_py310.py,docs_src/security,Python,.py,140,5418,False,10,201,22,8,2022-01-07T15:11:31+01:00,2026-02-12T10:10:35-08:00,223
fastapi,docs_src/security/tutorial006_an_py310.py,tutorial006_an_py310.py,docs_src/security,Python,.py,8,361,False,1,13,0,1,2026-02-12T05:19:43-08:00,2026-02-12T05:19:43-08:00,13
fastapi,docs_src/security/tutorial006_py310.py,tutorial006_py310.py,docs_src/security,Python,.py,7,321,False,1,11,0,1,2026-02-12T05:19:43-08:00,2026-02-12T05:19:43-08:00,11
fastapi,docs_src/security/tutorial007_an_py310.py,tutorial007_an_py310.py,docs_src/security,Python,.py,29,1172,False,1,36,0,1,2026-02-12T05:19:43-08:00,2026-02-12T05:19:43-08:00,36
fastapi,docs_src/security/tutorial007_py310.py,tutorial007_py310.py,docs_src/security,Python,.py,26,1116,False,1,33,0,1,2026-02-12T05:19:43-08:00,2026-02-12T05:19:43-08:00,33
fastapi,docs_src/separate_openapi_schemas/__init__.py,__init__.py,docs_src/separate_openapi_schemas,Python,.py,0,0,False,1,0,0,1,2025-12-26T11:43:02+01:00,2025-12-26T11:43:02+01:00,0
fastapi,docs_src/separate_openapi_schemas/tutorial001_py310.py,tutorial001_py310.py,docs_src/separate_openapi_schemas,Python,.py,18,451,False,1,26,0,1,2023-08-25T21:10:22+02:00,2023-08-25T21:10:22+02:00,26
fastapi,docs_src/separate_openapi_schemas/tutorial002_py310.py,tutorial002_py310.py,docs_src/separate_openapi_schemas,Python,.py,18,486,False,1,26,0,1,2023-08-25T21:10:22+02:00,2023-08-25T21:10:22+02:00,26
fastapi,docs_src/server_sent_events/__init__.py,__init__.py,docs_src/server_sent_events,Python,.py,0,0,False,1,0,0,1,2026-03-01T01:21:52-08:00,2026-03-01T01:21:52-08:00,0
fastapi,docs_src/server_sent_events/tutorial001_py310.py,tutorial001_py310.py,docs_src/server_sent_events,Python,.py,29,1112,False,1,43,0,1,2026-03-01T01:21:52-08:00,2026-03-01T01:21:52-08:00,43
fastapi,docs_src/server_sent_events/tutorial002_py310.py,tutorial002_py310.py,docs_src/server_sent_events,Python,.py,18,686,False,1,26,0,1,2026-03-01T01:21:52-08:00,2026-03-01T01:21:52-08:00,26
fastapi,docs_src/server_sent_events/tutorial003_py310.py,tutorial003_py310.py,docs_src/server_sent_events,Python,.py,13,518,False,1,17,0,1,2026-03-01T01:21:52-08:00,2026-03-01T01:21:52-08:00,17
fastapi,docs_src/server_sent_events/tutorial004_py310.py,tutorial004_py310.py,docs_src/server_sent_events,Python,.py,23,795,False,1,31,0,1,2026-03-01T01:21:52-08:00,2026-03-01T01:21:52-08:00,31
fastapi,docs_src/server_sent_events/tutorial005_py310.py,tutorial005_py310.py,docs_src/server_sent_events,Python,.py,13,528,False,1,19,0,1,2026-03-01T01:21:52-08:00,2026-03-01T01:21:52-08:00,19
fastapi,docs_src/settings/__init__.py,__init__.py,docs_src/settings,Python,.py,0,0,False,1,0,0,1,2025-12-26T11:43:02+01:00,2025-12-26T11:43:02+01:00,0
fastapi,docs_src/settings/app01_py310/__init__.py,__init__.py,docs_src/settings/app01_py310,Python,.py,0,0,False,1,0,0,1,2026-02-12T05:19:43-08:00,2026-02-12T05:19:43-08:00,0
fastapi,docs_src/settings/app01_py310/config.py,config.py,docs_src/settings/app01_py310,Python,.py,6,183,False,1,10,0,1,2026-02-12T05:19:43-08:00,2026-02-12T05:19:43-08:00,10
fastapi,docs_src/settings/app01_py310/main.py,main.py,docs_src/settings/app01_py310,Python,.py,10,267,False,1,14,0,1,2026-02-12T05:19:43-08:00,2026-02-12T05:19:43-08:00,14
fastapi,docs_src/settings/app02_an_py310/__init__.py,__init__.py,docs_src/settings/app02_an_py310,Python,.py,0,0,False,1,0,0,1,2026-02-12T05:19:43-08:00,2026-02-12T05:19:43-08:00,0
fastapi,docs_src/settings/app02_an_py310/config.py,config.py,docs_src/settings/app02_an_py310,Python,.py,5,159,False,1,7,0,1,2026-02-12T05:19:43-08:00,2026-02-12T05:19:43-08:00,7
fastapi,docs_src/settings/app02_an_py310/main.py,main.py,docs_src/settings/app02_an_py310,Python,.py,15,445,False,1,22,0,1,2026-02-12T05:19:43-08:00,2026-02-12T05:19:43-08:00,22
fastapi,docs_src/settings/app02_an_py310/test_main.py,test_main.py,docs_src/settings/app02_an_py310,Python,.py,15,515,True,1,23,0,1,2026-02-12T05:19:43-08:00,2026-02-12T05:19:43-08:00,23
fastapi,docs_src/settings/app02_py310/__init__.py,__init__.py,docs_src/settings/app02_py310,Python,.py,0,0,False,1,0,0,1,2026-02-12T05:19:43-08:00,2026-02-12T05:19:43-08:00,0
fastapi,docs_src/settings/app02_py310/config.py,config.py,docs_src/settings/app02_py310,Python,.py,5,159,False,1,7,0,1,2026-02-12T05:19:43-08:00,2026-02-12T05:19:43-08:00,7
fastapi,docs_src/settings/app02_py310/main.py,main.py,docs_src/settings/app02_py310,Python,.py,14,406,False,1,21,0,1,2026-02-12T05:19:43-08:00,2026-02-12T05:19:43-08:00,21
fastapi,docs_src/settings/app02_py310/test_main.py,test_main.py,docs_src/settings/app02_py310,Python,.py,15,515,True,1,23,0,1,2026-02-12T05:19:43-08:00,2026-02-12T05:19:43-08:00,23
fastapi,docs_src/settings/app03_an_py310/__init__.py,__init__.py,docs_src/settings/app03_an_py310,Python,.py,0,0,False,1,0,0,1,2026-02-12T05:19:43-08:00,2026-02-12T05:19:43-08:00,0
fastapi,docs_src/settings/app03_an_py310/config.py,config.py,docs_src/settings/app03_an_py310,Python,.py,6,235,False,1,9,0,1,2026-02-12T05:19:43-08:00,2026-02-12T05:19:43-08:00,9
fastapi,docs_src/settings/app03_an_py310/main.py,main.py,docs_src/settings/app03_an_py310,Python,.py,15,451,False,1,22,0,1,2026-02-12T05:19:43-08:00,2026-02-12T05:19:43-08:00,22
fastapi,docs_src/settings/app03_py310/__init__.py,__init__.py,docs_src/settings/app03_py310,Python,.py,0,0,False,1,0,0,1,2026-02-12T05:19:43-08:00,2026-02-12T05:19:43-08:00,0
fastapi,docs_src/settings/app03_py310/config.py,config.py,docs_src/settings/app03_py310,Python,.py,6,235,False,1,9,0,1,2026-02-12T05:19:43-08:00,2026-02-12T05:19:43-08:00,9
fastapi,docs_src/settings/app03_py310/main.py,main.py,docs_src/settings/app03_py310,Python,.py,14,412,False,1,21,0,1,2026-02-12T05:19:43-08:00,2026-02-12T05:19:43-08:00,21
fastapi,docs_src/settings/tutorial001_py310.py,tutorial001_py310.py,docs_src/settings,Python,.py,15,419,False,1,21,0,1,2026-02-12T05:19:43-08:00,2026-02-12T05:19:43-08:00,21
fastapi,docs_src/sql_databases/__init__.py,__init__.py,docs_src/sql_databases,Python,.py,0,0,False,1,0,0,1,2020-03-26T20:09:53+01:00,2020-03-26T20:09:53+01:00,0
fastapi,docs_src/sql_databases/tutorial001_an_py310.py,tutorial001_an_py310.py,docs_src/sql_databases,Python,.py,50,1768,False,1,73,0,1,2024-10-09T21:44:42+02:00,2024-10-09T21:44:42+02:00,73
fastapi,docs_src/sql_databases/tutorial001_py310.py,tutorial001_py310.py,docs_src/sql_databases,Python,.py,48,1760,False,1,69,0,1,2024-10-09T21:44:42+02:00,2024-10-09T21:44:42+02:00,69
fastapi,docs_src/sql_databases/tutorial002_an_py310.py,tutorial002_an_py310.py,docs_src/sql_databases,Python,.py,71,2567,False,1,103,0,1,2024-10-09T21:44:42+02:00,2024-10-09T21:44:42+02:00,103
fastapi,docs_src/sql_databases/tutorial002_py310.py,tutorial002_py310.py,docs_src/sql_databases,Python,.py,71,2586,False,1,102,0,1,2024-10-09T21:44:42+02:00,2024-10-09T21:44:42+02:00,102
fastapi,docs_src/static_files/__init__.py,__init__.py,docs_src/static_files,Python,.py,0,0,False,1,0,0,1,2025-12-26T11:43:02+01:00,2025-12-26T11:43:02+01:00,0
fastapi,docs_src/static_files/tutorial001_py310.py,tutorial001_py310.py,docs_src/static_files,Python,.py,4,159,False,1,6,0,1,2026-02-12T05:19:43-08:00,2026-02-12T05:19:43-08:00,6
fastapi,docs_src/stream_data/__init__.py,__init__.py,docs_src/stream_data,Python,.py,0,0,False,1,0,0,1,2026-02-27T10:56:47-08:00,2026-02-27T10:56:47-08:00,0
fastapi,docs_src/stream_data/tutorial001_py310.py,tutorial001_py310.py,docs_src/stream_data,Python,.py,45,2243,False,1,65,0,1,2026-02-27T10:56:47-08:00,2026-02-27T10:56:47-08:00,65
fastapi,docs_src/stream_data/tutorial002_py310.py,tutorial002_py310.py,docs_src/stream_data,Python,.py,36,5717,False,2,62,8,1,2026-02-27T10:56:47-08:00,2026-02-27T12:51:40-08:00,70
fastapi,docs_src/stream_json_lines/__init__.py,__init__.py,docs_src/stream_json_lines,Python,.py,0,0,False,1,0,0,1,2026-02-27T10:56:47-08:00,2026-02-27T10:56:47-08:00,0
fastapi,docs_src/stream_json_lines/tutorial001_py310.py,tutorial001_py310.py,docs_src/stream_json_lines,Python,.py,28,936,False,1,42,0,1,2026-02-27T10:56:47-08:00,2026-02-27T10:56:47-08:00,42
fastapi,docs_src/strict_content_type/__init__.py,__init__.py,docs_src/strict_content_type,Python,.py,0,0,False,1,0,0,1,2026-02-23T09:45:20-08:00,2026-02-23T09:45:20-08:00,0
fastapi,docs_src/strict_content_type/tutorial001_py310.py,tutorial001_py310.py,docs_src/strict_content_type,Python,.py,9,231,False,1,14,0,1,2026-02-23T09:45:20-08:00,2026-02-23T09:45:20-08:00,14
fastapi,docs_src/sub_applications/__init__.py,__init__.py,docs_src/sub_applications,Python,.py,0,0,False,1,0,0,1,2025-12-26T11:43:02+01:00,2025-12-26T11:43:02+01:00,0
fastapi,docs_src/sub_applications/tutorial001_py310.py,tutorial001_py310.py,docs_src/sub_applications,Python,.py,10,274,False,1,19,0,1,2026-02-12T05:19:43-08:00,2026-02-12T05:19:43-08:00,19
fastapi,docs_src/templates/__init__.py,__init__.py,docs_src/templates,Python,.py,0,0,False,1,0,0,1,2025-12-26T11:43:02+01:00,2025-12-26T11:43:02+01:00,0
fastapi,docs_src/templates/static/__init__.py,__init__.py,docs_src/templates/static,Python,.py,0,0,False,1,0,0,1,2025-12-26T11:43:02+01:00,2025-12-26T11:43:02+01:00,0
fastapi,docs_src/templates/templates/__init__.py,__init__.py,docs_src/templates/templates,Python,.py,0,0,False,1,0,0,1,2025-12-26T11:43:02+01:00,2025-12-26T11:43:02+01:00,0
fastapi,docs_src/templates/tutorial001_py310.py,tutorial001_py310.py,docs_src/templates,Python,.py,12,521,False,1,18,0,1,2026-02-12T05:19:43-08:00,2026-02-12T05:19:43-08:00,18
fastapi,docs_src/using_request_directly/__init__.py,__init__.py,docs_src/using_request_directly,Python,.py,0,0,False,1,0,0,1,2025-12-26T11:43:02+01:00,2025-12-26T11:43:02+01:00,0
fastapi,docs_src/using_request_directly/tutorial001_py310.py,tutorial001_py310.py,docs_src/using_request_directly,Python,.py,6,230,False,1,9,0,1,2026-02-12T05:19:43-08:00,2026-02-12T05:19:43-08:00,9
fastapi,docs_src/websockets_/__init__.py,__init__.py,docs_src/websockets_,Python,.py,0,0,False,1,0,0,1,2026-02-27T13:34:37+01:00,2026-02-27T13:34:37+01:00,0
fastapi,docs_src/websockets_/tutorial001_py310.py,tutorial001_py310.py,docs_src/websockets_,Python,.py,45,1432,False,1,51,0,1,2026-02-27T13:34:37+01:00,2026-02-27T13:34:37+01:00,51
fastapi,docs_src/websockets_/tutorial002_an_py310.py,tutorial002_an_py310.py,docs_src/websockets_,Python,.py,83,2855,False,1,92,0,1,2026-02-27T13:34:37+01:00,2026-02-27T13:34:37+01:00,92
fastapi,docs_src/websockets_/tutorial002_py310.py,tutorial002_py310.py,docs_src/websockets_,Python,.py,81,2798,False,1,89,0,1,2026-02-27T13:34:37+01:00,2026-02-27T13:34:37+01:00,89
fastapi,docs_src/websockets_/tutorial003_py310.py,tutorial003_py310.py,docs_src/websockets_,Python,.py,67,2549,False,1,81,0,1,2026-02-27T13:34:37+01:00,2026-02-27T13:34:37+01:00,81
fastapi,docs_src/wsgi/__init__.py,__init__.py,docs_src/wsgi,Python,.py,0,0,False,1,0,0,1,2025-12-26T11:43:02+01:00,2025-12-26T11:43:02+01:00,0
fastapi,docs_src/wsgi/tutorial001_py310.py,tutorial001_py310.py,docs_src/wsgi,Python,.py,14,426,False,1,23,0,1,2026-02-12T05:19:43-08:00,2026-02-12T05:19:43-08:00,23
fastapi,fastapi/__init__.py,__init__.py,fastapi,Python,.py,22,1081,False,328,371,346,2,2018-12-05T10:56:50+04:00,2026-07-29T19:15:38+02:00,717
fastapi,fastapi/__main__.py,__main__.py,fastapi,Python,.py,2,37,False,1,3,0,1,2024-08-02T01:03:05-05:00,2024-08-02T01:03:05-05:00,3
fastapi,fastapi/_compat/__init__.py,__init__.py,fastapi/_compat,Python,.py,40,2095,False,10,94,54,2,2025-10-11T18:45:54+02:00,2026-04-23T18:40:29+02:00,148
fastapi,fastapi/_compat/shared.py,shared.py,fastapi/_compat,Python,.py,179,7323,False,11,296,74,4,2025-10-11T18:45:54+02:00,2026-07-28T16:04:16+02:00,370
fastapi,fastapi/_compat/v2.py,v2.py,fastapi/_compat,Python,.py,430,17601,False,26,802,309,6,2025-10-11T18:45:54+02:00,2026-05-11T16:59:50+02:00,1111
fastapi,fastapi/applications.py,applications.py,fastapi,Python,.py,4112,183840,False,107,6958,2184,44,2018-12-05T10:56:50+04:00,2026-07-29T16:31:28+02:00,9142
fastapi,fastapi/background.py,background.py,fastapi,Python,.py,46,1820,False,7,68,7,2,2020-03-01T21:49:20+01:00,2026-02-11T10:41:21-08:00,75
fastapi,fastapi/cli.py,cli.py,fastapi,Python,.py,10,454,False,4,16,3,3,2024-08-02T01:03:05-05:00,2026-09-01T22:59:50+02:00,19
fastapi,fastapi/concurrency.py,concurrency.py,fastapi,Python,.py,37,1489,False,12,102,61,8,2019-10-09T13:01:58-05:00,2025-12-17T13:25:59-08:00,163
fastapi,fastapi/datastructures.py,datastructures.py,fastapi,Python,.py,144,5321,False,18,247,61,5,2019-03-03T20:52:37+04:00,2026-03-15T12:44:39+01:00,308
fastapi,fastapi/dependencies/__init__.py,__init__.py,fastapi/dependencies,Python,.py,0,0,False,1,0,0,1,2018-12-06T20:24:50+04:00,2018-12-06T20:24:50+04:00,0
fastapi,fastapi/dependencies/models.py,models.py,fastapi/dependencies,Python,.py,195,8092,False,32,550,316,9,2018-12-06T20:24:50+04:00,2026-07-27T19:16:40+02:00,866
fastapi,fastapi/dependencies/utils.py,utils.py,fastapi/dependencies,Python,.py,961,39180,False,157,2920,1867,53,2018-12-06T20:24:50+04:00,2026-07-27T19:16:40+02:00,4787
fastapi,fastapi/encoders.py,encoders.py,fastapi,Python,.py,338,11713,False,58,697,331,29,2018-12-06T20:24:50+04:00,2026-07-28T17:28:18+05:00,1028
fastapi,fastapi/exception_handlers.py,exception_handlers.py,fastapi,Python,.py,28,1275,False,5,47,13,5,2019-05-29T16:27:55+04:00,2025-09-16T18:21:48+01:00,60
fastapi,fastapi/exceptions.py,exceptions.py,fastapi,Python,.py,203,7453,False,28,330,74,11,2019-02-16T17:01:29+04:00,2026-02-11T10:41:21-08:00,404
fastapi,fastapi/logger.py,logger.py,fastapi,Python,.py,2,54,False,1,3,0,1,2019-12-09T20:02:44+01:00,2019-12-09T20:02:44+01:00,3
fastapi,fastapi/middleware/__init__.py,__init__.py,fastapi/middleware,Python,.py,1,58,False,2,2,1,1,2020-03-01T21:49:20+01:00,2020-12-20T19:50:00+01:00,3
fastapi,fastapi/middleware/asyncexitstack.py,asyncexitstack.py,fastapi/middleware,Python,.py,14,637,False,4,59,41,1,2022-02-17T13:40:12+01:00,2025-09-29T12:29:38+09:00,100
fastapi,fastapi/middleware/cors.py,cors.py,fastapi/middleware,Python,.py,1,79,False,2,2,1,1,2020-03-01T21:49:20+01:00,2020-12-20T19:50:00+01:00,3
fastapi,fastapi/middleware/gzip.py,gzip.py,fastapi/middleware,Python,.py,1,79,False,2,2,1,1,2020-03-01T21:49:20+01:00,2020-12-20T19:50:00+01:00,3
fastapi,fastapi/middleware/httpsredirect.py,httpsredirect.py,fastapi/middleware,Python,.py,3,115,False,2,4,1,1,2020-03-01T21:49:20+01:00,2020-12-20T19:50:00+01:00,5
fastapi,fastapi/middleware/trustedhost.py,trustedhost.py,fastapi/middleware,Python,.py,3,109,False,2,4,1,1,2020-03-01T21:49:20+01:00,2020-12-20T19:50:00+01:00,5
fastapi,fastapi/middleware/wsgi.py,wsgi.py,fastapi/middleware,Python,.py,3,107,False,3,5,2,2,2020-03-01T21:49:20+01:00,2026-02-04T14:54:23+03:00,7
fastapi,fastapi/openapi/__init__.py,__init__.py,fastapi/openapi,Python,.py,0,0,False,1,0,0,1,2018-12-06T20:24:50+04:00,2018-12-06T20:24:50+04:00,0
fastapi,fastapi/openapi/constants.py,constants.py,fastapi/openapi,Python,.py,3,153,False,7,8,5,4,2018-12-06T20:24:50+04:00,2023-07-07T19:12:13+02:00,13
fastapi,fastapi/openapi/docs.py,docs.py,fastapi/openapi,Python,.py,342,12425,False,31,513,124,18,2018-12-06T23:47:58+04:00,2026-02-24T01:28:10-08:00,637
fastapi,fastapi/openapi/models.py,models.py,fastapi/openapi,Python,.py,338,14608,False,47,1195,760,14,2018-12-06T20:24:50+04:00,2026-05-11T16:59:50+02:00,1955
fastapi,fastapi/openapi/utils.py,utils.py,fastapi/openapi,Python,.py,649,29347,False,89,1517,838,34,2018-12-06T20:24:50+04:00,2026-07-27T19:16:40+02:00,2355
fastapi,fastapi/param_functions.py,param_functions.py,fastapi,Python,.py,2323,69596,False,25,3054,594,10,2019-05-15T21:25:11+04:00,2026-03-15T12:44:39+01:00,3648
fastapi,fastapi/params.py,params.py,fastapi,Python,.py,718,26205,False,37,1382,628,14,2018-12-05T10:56:50+04:00,2026-05-11T16:59:50+02:00,2010
fastapi,fastapi/requests.py,requests.py,fastapi,Python,.py,2,142,False,3,4,2,2,2020-03-01T21:49:20+01:00,2020-08-09T22:17:08+02:00,6
fastapi,fastapi/responses.py,responses.py,fastapi,Python,.py,76,4144,False,11,127,29,6,2020-03-01T21:49:20+01:00,2026-05-11T16:59:50+02:00,156
fastapi,fastapi/routing.py,routing.py,fastapi,Python,.py,5730,255632,False,185,10240,3793,55,2018-12-05T10:56:50+04:00,2026-07-29T19:04:36+02:00,14033
fastapi,fastapi/security/__init__.py,__init__.py,fastapi/security,Python,.py,15,881,False,9,39,24,3,2018-12-05T10:56:50+04:00,2020-12-20T19:50:00+01:00,63
fastapi,fastapi/security/api_key.py,api_key.py,fastapi/security,Python,.py,254,9756,False,27,485,165,12,2018-12-05T10:56:50+04:00,2026-08-05T09:34:07+02:00,650
fastapi,fastapi/security/base.py,base.py,fastapi/security,Python,.py,4,141,False,4,25,19,1,2018-12-05T10:56:50+04:00,2018-12-07T19:12:16+04:00,44
fastapi,fastapi/security/http.py,http.py,fastapi/security,Python,.py,335,13410,False,31,596,179,14,2018-12-05T10:56:50+04:00,2026-03-16T11:16:48+01:00,775
fastapi,fastapi/security/oauth2.py,oauth2.py,fastapi/security,Python,.py,605,24178,False,48,1000,307,22,2018-12-05T10:56:50+04:00,2026-03-24T19:32:10+03:00,1307
fastapi,fastapi/security/open_id_connect_url.py,open_id_connect_url.py,fastapi/security,Python,.py,82,3136,False,21,134,40,9,2018-12-05T10:56:50+04:00,2026-03-16T11:16:48+01:00,174
fastapi,fastapi/security/utils.py,utils.py,fastapi/security,Python,.py,7,261,False,6,17,10,3,2018-12-28T20:35:48+04:00,2026-02-11T10:41:21-08:00,27
fastapi,fastapi/sse.py,sse.py,fastapi,Python,.py,197,7083,False,4,249,8,3,2026-03-01T01:21:52-08:00,2026-07-28T20:44:58+05:30,257
fastapi,fastapi/staticfiles.py,staticfiles.py,fastapi,Python,.py,1,69,False,2,2,1,1,2020-03-01T21:49:20+01:00,2020-12-20T19:50:00+01:00,3
fastapi,fastapi/templating.py,templating.py,fastapi,Python,.py,1,76,False,2,2,1,1,2020-03-01T21:49:20+01:00,2020-12-20T19:50:00+01:00,3
fastapi,fastapi/testclient.py,testclient.py,fastapi,Python,.py,1,66,False,2,2,1,1,2020-03-01T21:49:20+01:00,2020-12-20T19:50:00+01:00,3
fastapi,fastapi/types.py,types.py,fastapi,Python,.py,10,438,False,7,23,11,2,2020-12-20T19:50:00+01:00,2026-02-11T10:41:21-08:00,34
fastapi,fastapi/utils.py,utils.py,fastapi,Python,.py,115,4341,False,67,656,520,27,2018-12-06T20:24:50+04:00,2026-02-11T10:41:21-08:00,1176
fastapi,fastapi/websockets.py,websockets.py,fastapi,Python,.py,3,222,False,3,5,2,2,2020-03-01T21:49:20+01:00,2022-09-04T17:12:10+02:00,7
fastapi,scripts/add_latest_release_date.py,add_latest_release_date.py,scripts,Python,.py,28,1023,False,1,40,0,1,2026-04-03T14:06:36+02:00,2026-04-03T14:06:36+02:00,40
fastapi,scripts/deploy_docs_status.py,deploy_docs_status.py,scripts,Python,.py,131,4552,False,8,180,31,2,2024-08-07T14:15:24-05:00,2026-08-05T09:34:07+02:00,211
fastapi,scripts/doc_parsing_utils.py,doc_parsing_utils.py,scripts,Python,.py,595,24121,False,5,755,22,2,2026-01-10T14:43:44-08:00,2026-06-15T17:53:46+02:00,777
fastapi,scripts/docs.py,docs.py,scripts,Python,.py,795,32404,False,63,1484,565,7,2020-03-26T20:09:53+01:00,2026-06-27T14:47:35+02:00,2049
fastapi,scripts/format.sh,format.sh,scripts,Shell,.sh,4,119,False,11,20,15,3,2019-05-15T22:13:06+04:00,2026-06-16T10:34:25+02:00,35
fastapi,scripts/label_approved.py,label_approved.py,scripts,Python,.py,51,2245,False,4,64,4,3,2024-10-12T15:58:30+02:00,2026-08-05T09:34:07+02:00,68
fastapi,scripts/lint.sh,lint.sh,scripts,Shell,.sh,7,134,False,21,39,30,6,2018-12-08T11:58:24+04:00,2026-06-16T10:34:25+02:00,69
fastapi,scripts/notify_translations.py,notify_translations.py,scripts,Python,.py,351,12961,False,7,458,25,2,2025-01-28T21:47:33Z,2026-08-05T09:34:07+02:00,483
fastapi,scripts/playwright/cookie_param_models/image01.py,image01.py,scripts/playwright/cookie_param_models,Python,.py,33,1193,False,1,39,0,1,2024-09-17T20:54:10+02:00,2024-09-17T20:54:10+02:00,39
fastapi,scripts/playwright/header_param_models/image01.py,image01.py,scripts/playwright/header_param_models,Python,.py,32,1175,False,1,38,0,1,2024-09-17T20:54:10+02:00,2024-09-17T20:54:10+02:00,38
fastapi,scripts/playwright/json_base64_bytes/image01.py,image01.py,scripts/playwright/json_base64_bytes,Python,.py,31,1117,False,1,37,0,1,2026-02-21T05:01:31-08:00,2026-02-21T05:01:31-08:00,37
fastapi,scripts/playwright/query_param_models/image01.py,image01.py,scripts/playwright/query_param_models,Python,.py,35,1322,False,1,41,0,1,2024-09-17T20:54:10+02:00,2024-09-17T20:54:10+02:00,41
fastapi,scripts/playwright/request_form_models/image01.py,image01.py,scripts/playwright/request_form_models,Python,.py,32,1171,False,4,75,37,1,2024-09-05T16:40:48+02:00,2024-09-13T11:14:46+02:00,112
fastapi,scripts/playwright/separate_openapi_schemas/image01.py,image01.py,scripts/playwright/separate_openapi_schemas,Python,.py,26,974,False,2,32,0,1,2023-08-25T21:10:22+02:00,2024-09-13T11:14:46+02:00,32
fastapi,scripts/playwright/separate_openapi_schemas/image02.py,image02.py,scripts/playwright/separate_openapi_schemas,Python,.py,27,1028,False,2,33,0,1,2023-08-25T21:10:22+02:00,2024-09-13T11:14:46+02:00,33
fastapi,scripts/playwright/separate_openapi_schemas/image03.py,image03.py,scripts/playwright/separate_openapi_schemas,Python,.py,27,1047,False,2,33,0,1,2023-08-25T21:10:22+02:00,2024-09-13T11:14:46+02:00,33
fastapi,scripts/playwright/separate_openapi_schemas/image04.py,image04.py,scripts/playwright/separate_openapi_schemas,Python,.py,27,1036,False,2,32,0,1,2023-08-25T21:10:22+02:00,2024-09-13T11:14:46+02:00,32
fastapi,scripts/playwright/separate_openapi_schemas/image05.py,image05.py,scripts/playwright/separate_openapi_schemas,Python,.py,26,984,False,2,32,0,1,2023-08-25T21:10:22+02:00,2024-09-13T11:14:46+02:00,32
fastapi,scripts/playwright/sql_databases/image01.py,image01.py,scripts/playwright/sql_databases,Python,.py,31,1083,False,1,37,0,1,2024-10-09T21:44:42+02:00,2024-10-09T21:44:42+02:00,37
fastapi,scripts/playwright/sql_databases/image02.py,image02.py,scripts/playwright/sql_databases,Python,.py,31,1083,False,1,37,0,1,2024-10-09T21:44:42+02:00,2024-10-09T21:44:42+02:00,37
fastapi,scripts/prepare_release.py,prepare_release.py,scripts,Python,.py,184,6667,False,1,216,0,1,2026-05-31T18:00:38+02:00,2026-05-31T18:00:38+02:00,216
fastapi,scripts/sponsors.py,sponsors.py,scripts,Python,.py,181,6245,False,7,233,11,2,2025-01-17T17:51:19Z,2026-08-09T10:08:44+02:00,244
fastapi,scripts/test-cov-html.sh,test-cov-html.sh,scripts,Shell,.sh,4,110,False,10,22,16,4,2018-12-22T07:42:24+04:00,2026-06-16T10:34:25+02:00,38
fastapi,scripts/test-cov.sh,test-cov.sh,scripts,Shell,.sh,4,87,False,1,6,0,1,2026-02-27T11:53:47+01:00,2026-02-27T11:53:47+01:00,6
fastapi,scripts/test.sh,test.sh,scripts,Shell,.sh,5,124,False,28,58,51,6,2018-12-08T11:58:24+04:00,2026-02-27T11:53:47+01:00,109
fastapi,scripts/tests/test_translation_fixer/conftest.py,conftest.py,scripts/tests/test_translation_fixer,Python,.py,47,1637,True,4,68,6,3,2026-01-10T14:43:44-08:00,2026-05-27T22:22:44+02:00,74
fastapi,scripts/tests/test_translation_fixer/test_code_blocks/test_code_blocks_lines_number_mismatch.py,test_code_blocks_lines_number_mismatch.py,scripts/tests/test_translation_fixer/test_code_blocks,Python,.py,47,1916,True,2,66,8,2,2026-01-10T14:43:44-08:00,2026-01-11T00:48:08+03:00,74
fastapi,scripts/tests/test_translation_fixer/test_code_blocks/test_code_blocks_mermaid.py,test_code_blocks_mermaid.py,scripts/tests/test_translation_fixer/test_code_blocks,Python,.py,48,1807,True,2,63,4,2,2026-01-10T14:43:44-08:00,2026-01-11T00:48:08+03:00,67
fastapi,scripts/tests/test_translation_fixer/test_code_blocks/test_code_blocks_number_mismatch.py,test_code_blocks_number_mismatch.py,scripts/tests/test_translation_fixer/test_code_blocks,Python,.py,49,1902,True,2,64,4,2,2026-01-10T14:43:44-08:00,2026-01-11T00:48:08+03:00,68
fastapi,scripts/tests/test_translation_fixer/test_code_blocks/test_code_blocks_wrong_lang_code.py,test_code_blocks_wrong_lang_code.py,scripts/tests/test_translation_fixer/test_code_blocks,Python,.py,47,1950,True,2,64,6,2,2026-01-10T14:43:44-08:00,2026-01-11T00:48:08+03:00,70
fastapi,scripts/tests/test_translation_fixer/test_code_includes/test_number_mismatch.py,test_number_mismatch.py,scripts/tests/test_translation_fixer/test_code_includes,Python,.py,49,1934,True,2,64,4,2,2026-01-10T14:43:44-08:00,2026-01-11T00:48:08+03:00,68
fastapi,scripts/tests/test_translation_fixer/test_complex_doc/test_compex_doc.py,test_compex_doc.py,scripts/tests/test_translation_fixer/test_complex_doc,Python,.py,23,902,True,2,32,2,2,2026-01-10T14:43:44-08:00,2026-01-11T00:48:08+03:00,34
fastapi,scripts/tests/test_translation_fixer/test_header_permalinks/test_header_level_mismatch.py,test_header_level_mismatch.py,scripts/tests/test_translation_fixer/test_header_permalinks,Python,.py,49,1999,True,2,64,4,2,2026-01-10T14:43:44-08:00,2026-01-11T00:48:08+03:00,68
fastapi,scripts/tests/test_translation_fixer/test_header_permalinks/test_header_number_mismatch.py,test_header_number_mismatch.py,scripts/tests/test_translation_fixer/test_header_permalinks,Python,.py,49,1900,True,2,64,4,2,2026-01-10T14:43:44-08:00,2026-01-11T00:48:08+03:00,68
fastapi,scripts/tests/test_translation_fixer/test_html_links/test_html_links_number_mismatch.py,test_html_links_number_mismatch.py,scripts/tests/test_translation_fixer/test_html_links,Python,.py,47,1893,True,2,62,4,2,2026-01-10T14:43:44-08:00,2026-01-11T00:48:08+03:00,66
fastapi,scripts/tests/test_translation_fixer/test_markdown_links/test_mkd_links_number_mismatch.py,test_mkd_links_number_mismatch.py,scripts/tests/test_translation_fixer/test_markdown_links,Python,.py,49,1911,True,2,64,4,2,2026-01-10T14:43:44-08:00,2026-01-11T00:48:08+03:00,68
fastapi,scripts/topic_repos.py,topic_repos.py,scripts,Python,.py,70,2804,False,6,88,7,4,2025-01-02T20:44:50Z,2026-08-09T09:54:58+02:00,95
fastapi,scripts/translate.py,translate.py,scripts,Python,.py,429,16939,False,28,1416,930,4,2024-12-30T18:46:43Z,2026-08-18T21:42:27+02:00,2346
fastapi,scripts/translation_fixer.py,translation_fixer.py,scripts,Python,.py,103,3311,False,2,133,0,2,2026-01-11T00:48:08+03:00,2026-05-21T22:03:25+02:00,133
fastapi,scripts/translation_git.py,translation_git.py,scripts,Python,.py,43,1314,False,1,47,0,1,2026-08-18T21:42:27+02:00,2026-08-18T21:42:27+02:00,47
fastapi,tests/__init__.py,__init__.py,tests,Python,.py,0,0,True,1,0,0,1,2018-12-08T11:56:07+04:00,2018-12-08T11:56:07+04:00,0
fastapi,tests/benchmarks/__init__.py,__init__.py,tests/benchmarks,Python,.py,0,0,True,1,0,0,1,2025-12-18T05:24:09-08:00,2025-12-18T05:24:09-08:00,0
fastapi,tests/benchmarks/test_general_performance.py,test_general_performance.py,tests/benchmarks,Python,.py,288,11393,True,4,627,228,1,2025-12-18T05:24:09-08:00,2025-12-26T12:40:26-08:00,855
fastapi,tests/benchmarks/test_openapi.py,test_openapi.py,tests/benchmarks,Python,.py,28,853,True,1,33,0,1,2026-07-27T18:46:54+02:00,2026-07-27T18:46:54+02:00,33
fastapi,tests/benchmarks/utils.py,utils.py,tests/benchmarks,Python,.py,35,1447,True,1,51,0,1,2026-07-27T18:46:54+02:00,2026-07-27T18:46:54+02:00,51
fastapi,tests/forward_reference_type.py,forward_reference_type.py,tests,Python,.py,5,196,True,1,9,0,1,2025-12-02T09:23:14-08:00,2025-12-02T09:23:14-08:00,9
fastapi,tests/main.py,main.py,tests,Python,.py,127,4558,True,21,759,551,8,2018-12-08T11:56:07+04:00,2026-02-17T01:59:14-08:00,1310
fastapi,tests/memory_benchmarks/__init__.py,__init__.py,tests/memory_benchmarks,Python,.py,0,0,True,1,0,0,1,2026-07-24T22:21:58+02:00,2026-07-24T22:21:58+02:00,0
fastapi,tests/memory_benchmarks/test_dependency_graph.py,test_dependency_graph.py,tests/memory_benchmarks,Python,.py,67,2389,True,1,86,0,1,2026-07-24T22:21:58+02:00,2026-07-24T22:21:58+02:00,86
fastapi,tests/memory_benchmarks/test_openapi.py,test_openapi.py,tests/memory_benchmarks,Python,.py,28,853,True,1,33,0,1,2026-07-27T18:46:54+02:00,2026-07-27T18:46:54+02:00,33
fastapi,tests/memory_benchmarks/test_route_dependency_graph.py,test_route_dependency_graph.py,tests/memory_benchmarks,Python,.py,47,1738,True,1,64,0,1,2026-07-27T14:39:36+02:00,2026-07-27T14:39:36+02:00,64
fastapi,tests/test_additional_properties.py,test_additional_properties.py,tests,Python,.py,103,4238,True,11,269,155,4,2019-03-29T15:15:49+04:00,2026-02-08T02:18:38-08:00,424
fastapi,tests/test_additional_properties_bool.py,test_additional_properties_bool.py,tests,Python,.py,109,4351,True,7,221,96,2,2023-07-02T17:58:23+02:00,2026-02-17T01:59:14-08:00,317
fastapi,tests/test_additional_response_extra.py,test_additional_response_extra.py,tests,Python,.py,39,1336,True,8,101,49,2,2019-04-05T13:54:00+04:00,2026-02-08T02:18:38-08:00,150
fastapi,tests/test_additional_responses_bad.py,test_additional_responses_bad.py,tests,Python,.py,32,1117,True,4,43,3,2,2019-08-30T19:17:42+03:00,2023-06-30T20:25:16+02:00,46
fastapi,tests/test_additional_responses_custom_model_in_callback.py,test_additional_responses_custom_model_in_callback.py,tests,Python,.py,134,6028,True,7,354,207,4,2020-06-12T23:35:59+03:00,2026-02-04T09:34:02-05:00,561
fastapi,tests/test_additional_responses_custom_validationerror.py,test_additional_responses_custom_validationerror.py,tests,Python,.py,87,3253,True,8,225,125,3,2019-08-31T00:46:05+03:00,2026-02-08T02:18:38-08:00,350
fastapi,tests/test_additional_responses_default_validationerror.py,test_additional_responses_default_validationerror.py,tests,Python,.py,84,3409,True,9,224,133,5,2019-08-31T00:46:05+03:00,2026-02-08T02:18:38-08:00,357
fastapi,tests/test_additional_responses_response_class.py,test_additional_responses_response_class.py,tests,Python,.py,102,3887,True,8,259,142,3,2019-08-31T00:46:05+03:00,2026-02-08T02:18:38-08:00,401
fastapi,tests/test_additional_responses_router.py,test_additional_responses_router.py,tests,Python,.py,156,5704,True,11,369,187,4,2019-04-05T20:06:40+04:00,2026-02-08T02:18:38-08:00,556
fastapi,tests/test_additional_responses_union_duplicate_anyof.py,test_additional_responses_union_duplicate_anyof.py,tests,Python,.py,109,4405,True,3,196,72,2,2026-02-04T05:23:08-08:00,2026-02-17T01:59:14-08:00,268
fastapi,tests/test_allow_inf_nan_in_enforcing.py,test_allow_inf_nan_in_enforcing.py,tests,Python,.py,70,1823,True,2,85,1,2,2024-08-24T21:27:37+02:00,2025-12-17T13:25:59-08:00,86
fastapi,tests/test_ambiguous_params.py,test_ambiguous_params.py,tests,Python,.py,57,2072,True,4,88,14,2,2023-03-17T22:35:45+02:00,2025-12-20T07:55:38-08:00,102
fastapi,tests/test_annotated.py,test_annotated.py,tests,Python,.py,267,10725,True,11,658,360,4,2023-03-17T22:35:45+02:00,2026-02-08T02:18:38-08:00,1018
fastapi,tests/test_application.py,test_application.py,tests,Python,.py,1271,58296,True,25,3621,2336,14,2018-12-18T21:59:06+04:00,2026-02-08T02:18:38-08:00,5957
fastapi,tests/test_arbitrary_types.py,test_arbitrary_types.py,tests,Python,.py,116,3886,True,3,144,9,1,2025-12-10T02:36:29-08:00,2025-12-20T07:55:38-08:00,153
fastapi,tests/test_callable_endpoint.py,test_callable_endpoint.py,tests,Python,.py,13,426,True,4,28,4,1,2020-02-12T21:36:14+01:00,2026-02-17T01:59:14-08:00,32
fastapi,tests/test_compat.py,test_compat.py,tests,Python,.py,107,4581,True,14,273,133,5,2023-07-07T19:12:13+02:00,2026-06-15T17:53:46+02:00,406
fastapi,tests/test_computed_fields.py,test_computed_fields.py,tests,Python,.py,96,3852,True,5,165,57,3,2023-08-04T22:47:07+02:00,2026-02-08T02:18:38-08:00,222
fastapi,tests/test_custom_middleware_exception.py,test_custom_middleware_exception.py,tests,Python,.py,72,2948,True,3,99,3,2,2022-08-26T07:44:40+10:00,2026-06-15T17:53:46+02:00,102
fastapi,tests/test_custom_route_class.py,test_custom_route_class.py,tests,Python,.py,91,3167,True,9,219,103,2,2019-10-04T14:35:20-07:00,2026-06-14T14:35:48+02:00,322
fastapi,tests/test_custom_schema_fields.py,test_custom_schema_fields.py,tests,Python,.py,46,1325,True,6,94,32,3,2021-07-03T19:15:59+02:00,2026-02-17T01:59:14-08:00,126
fastapi,tests/test_custom_swagger_ui_redirect.py,test_custom_swagger_ui_redirect.py,tests,Python,.py,26,1091,True,3,41,3,3,2019-05-21T14:39:58-04:00,2020-04-08T05:37:38+01:00,44
fastapi,tests/test_datastructures.py,test_datastructures.py,tests,Python,.py,49,1926,True,8,78,12,2,2019-03-03T20:52:37+04:00,2026-06-15T17:53:46+02:00,90
fastapi,tests/test_datetime_custom_encoder.py,test_datetime_custom_encoder.py,tests,Python,.py,20,817,True,6,84,56,1,2019-02-12T21:43:34+04:00,2025-12-27T04:54:56-08:00,140
fastapi,tests/test_default_response_class.py,test_default_response_class.py,tests,Python,.py,151,5487,True,4,226,4,3,2019-09-29T17:47:35-04:00,2026-06-15T17:53:46+02:00,230
fastapi,tests/test_default_response_class_router.py,test_default_response_class_router.py,tests,Python,.py,141,5117,True,2,208,2,2,2019-09-29T17:47:35-04:00,2020-03-01T21:49:20+01:00,210
fastapi,tests/test_dependencies_utils.py,test_dependencies_utils.py,tests,Python,.py,6,241,True,1,8,0,1,2026-02-11T10:32:12-08:00,2026-02-11T10:32:12-08:00,8
fastapi,tests/test_dependency_after_yield_raise.py,test_dependency_after_yield_raise.py,tests,Python,.py,45,1774,True,2,70,2,1,2025-09-29T12:29:38+09:00,2025-12-17T13:25:59-08:00,72
fastapi,tests/test_dependency_after_yield_streaming.py,test_dependency_after_yield_streaming.py,tests,Python,.py,88,3312,True,2,132,2,1,2025-09-29T12:29:38+09:00,2025-12-17T13:25:59-08:00,134
fastapi,tests/test_dependency_after_yield_websockets.py,test_dependency_after_yield_websockets.py,tests,Python,.py,56,2005,True,2,81,2,1,2025-09-29T12:29:38+09:00,2025-12-17T13:25:59-08:00,83
fastapi,tests/test_dependency_cache.py,test_dependency_cache.py,tests,Python,.py,67,2787,True,4,99,8,3,2019-06-05T21:00:54+04:00,2022-08-23T21:30:24+08:00,107
fastapi,tests/test_dependency_class.py,test_dependency_class.py,tests,Python,.py,109,4466,True,7,159,5,6,2019-11-27T20:51:30+01:00,2025-12-17T13:25:59-08:00,164
fastapi,tests/test_dependency_contextmanager.py,test_dependency_contextmanager.py,tests,Python,.py,288,11763,True,10,439,40,3,2019-10-09T13:01:58-05:00,2025-12-17T13:25:59-08:00,479
fastapi,tests/test_dependency_contextvars.py,test_dependency_contextvars.py,tests,Python,.py,37,1568,True,3,57,5,1,2022-02-17T13:40:12+01:00,2026-02-17T01:59:14-08:00,62
fastapi,tests/test_dependency_duplicates.py,test_dependency_duplicates.py,tests,Python,.py,211,8993,True,11,553,316,5,2020-03-30T12:44:43-07:00,2026-02-08T02:18:38-08:00,869
fastapi,tests/test_dependency_models.py,test_dependency_models.py,tests,Python,.py,145,6159,True,3,209,5,1,2026-07-24T23:07:51+02:00,2026-07-27T19:16:40+02:00,214
fastapi,tests/test_dependency_overrides.py,test_dependency_overrides.py,tests,Python,.py,310,11457,True,7,898,509,1,2019-06-05T15:43:18+04:00,2026-02-17T01:59:14-08:00,1407
fastapi,tests/test_dependency_paramless.py,test_dependency_paramless.py,tests,Python,.py,56,2370,True,3,81,4,1,2025-10-30T16:35:04-03:00,2026-02-17T01:59:14-08:00,85
fastapi,tests/test_dependency_partial.py,test_dependency_partial.py,tests,Python,.py,198,6493,True,2,253,2,2,2025-12-03T07:58:30+11:00,2025-12-17T13:25:59-08:00,255
fastapi,tests/test_dependency_pep695.py,test_dependency_pep695.py,tests,Python,.py,18,628,True,1,27,0,1,2026-02-05T19:34:34+01:00,2026-02-05T19:34:34+01:00,27
fastapi,tests/test_dependency_security_overrides.py,test_dependency_security_overrides.py,tests,Python,.py,44,1431,True,2,67,4,2,2020-06-14T11:54:46-04:00,2025-12-17T13:25:59-08:00,71
fastapi,tests/test_dependency_wrapped.py,test_dependency_wrapped.py,tests,Python,.py,303,11487,True,3,454,5,2,2025-12-02T07:34:19-06:00,2025-12-17T13:25:59-08:00,459
fastapi,tests/test_dependency_yield_except_httpexception.py,test_dependency_yield_except_httpexception.py,tests,Python,.py,53,1961,True,1,72,0,1,2025-09-29T12:29:38+09:00,2025-09-29T12:29:38+09:00,72
fastapi,tests/test_dependency_yield_scope.py,test_dependency_yield_scope.py,tests,Python,.py,171,6837,True,3,252,7,2,2025-11-03T11:12:49+01:00,2025-12-17T13:25:59-08:00,259
fastapi,tests/test_dependency_yield_scope_websockets.py,test_dependency_yield_scope_websockets.py,tests,Python,.py,149,6177,True,2,207,7,1,2025-11-03T11:12:49+01:00,2025-12-17T13:25:59-08:00,214
fastapi,tests/test_depends_hashable.py,test_depends_hashable.py,tests,Python,.py,18,596,True,1,25,0,1,2025-11-19T17:50:18+01:00,2025-11-19T17:50:18+01:00,25
fastapi,tests/test_deprecated_openapi_prefix.py,test_deprecated_openapi_prefix.py,tests,Python,.py,36,1326,True,5,91,46,3,2020-06-11T23:53:19+02:00,2026-02-08T02:18:38-08:00,137
fastapi,tests/test_deprecated_responses.py,test_deprecated_responses.py,tests,Python,.py,55,2288,True,3,84,5,2,2026-02-22T08:34:59-08:00,2026-06-15T17:53:46+02:00,89
fastapi,tests/test_dump_json_fast_path.py,test_dump_json_fast_path.py,tests,Python,.py,36,1476,True,1,51,0,1,2026-02-22T08:07:19-08:00,2026-02-22T08:07:19-08:00,51
fastapi,tests/test_duplicate_models_openapi.py,test_duplicate_models_openapi.py,tests,Python,.py,69,2470,True,5,189,105,1,2019-07-12T19:13:28-05:00,2026-02-08T02:18:38-08:00,294
fastapi,tests/test_empty_router.py,test_empty_router.py,tests,Python,.py,23,805,True,5,41,5,3,2019-08-25T03:39:48+03:00,2023-06-12T00:37:34+02:00,46
fastapi,tests/test_enforce_once_required_parameter.py,test_enforce_once_required_parameter.py,tests,Python,.py,100,4154,True,8,201,86,6,2022-09-03T13:12:41-04:00,2026-02-17T01:59:14-08:00,287
fastapi,tests/test_exception_handlers.py,test_exception_handlers.py,tests,Python,.py,57,2504,True,3,89,1,3,2020-11-05T23:21:40+02:00,2024-12-04T01:37:12+03:00,90
fastapi,tests/test_extra_routes.py,test_extra_routes.py,tests,Python,.py,333,15071,True,19,908,538,8,2018-12-22T18:30:34+04:00,2026-02-17T01:59:14-08:00,1446
fastapi,tests/test_fastapi_cli.py,test_fastapi_cli.py,tests,Python,.py,29,866,True,3,35,1,2,2024-08-02T01:03:05-05:00,2025-12-02T09:32:38+05:30,36
fastapi,tests/test_file_and_form_order_issue_9116.py,test_file_and_form_order_issue_9116.py,tests,Python,.py,68,2304,True,2,93,4,2,2025-09-20T21:55:59+02:00,2025-12-17T13:25:59-08:00,97
fastapi,tests/test_filter_pydantic_sub_model_pv2.py,test_filter_pydantic_sub_model_pv2.py,tests,Python,.py,166,6849,True,9,320,138,3,2023-07-07T19:12:13+02:00,2026-02-17T01:59:14-08:00,458
fastapi,tests/test_form_default.py,test_form_default.py,tests,Python,.py,22,829,True,3,40,6,2,2025-12-02T05:39:55+01:00,2026-02-17T01:59:14-08:00,46
fastapi,tests/test_forms_from_non_typing_sequences.py,test_forms_from_non_typing_sequences.py,tests,Python,.py,31,1202,True,4,53,7,3,2020-01-17T14:45:55+03:00,2022-05-13T18:38:22-05:00,60
fastapi,tests/test_forms_single_model.py,test_forms_single_model.py,tests,Python,.py,116,3452,True,9,343,202,3,2024-09-05T16:40:48+02:00,2026-02-17T01:59:14-08:00,545
fastapi,tests/test_forms_single_param.py,test_forms_single_param.py,tests,Python,.py,99,4192,True,4,176,67,2,2024-09-05T13:24:36+02:00,2026-02-08T02:18:38-08:00,243
fastapi,tests/test_frontend.py,test_frontend.py,tests,Python,.py,1051,42460,True,6,1420,14,1,2026-06-20T02:20:49+02:00,2026-07-29T19:04:36+02:00,1434
fastapi,tests/test_generate_unique_id_function.py,test_generate_unique_id_function.py,tests,Python,.py,1644,76760,True,7,2959,1260,3,2022-03-04T14:02:18-08:00,2026-02-08T02:18:38-08:00,4219
fastapi,tests/test_generic_parameterless_depends.py,test_generic_parameterless_depends.py,tests,Python,.py,60,2023,True,4,112,33,3,2024-04-02T05:52:56+03:00,2026-02-08T02:18:38-08:00,145
fastapi,tests/test_get_model_definitions_formfeed_escape.py,test_get_model_definitions_formfeed_escape.py,tests,Python,.py,148,6103,True,8,374,214,4,2025-09-20T13:10:37-05:00,2026-02-04T09:34:02-05:00,588
fastapi,tests/test_get_request_body.py,test_get_request_body.py,tests,Python,.py,103,4311,True,8,263,149,5,2020-07-19T15:47:50+05:30,2026-02-08T02:18:38-08:00,412
fastapi,tests/test_http_connection_injection.py,test_http_connection_injection.py,tests,Python,.py,26,972,True,1,39,0,1,2020-08-09T16:56:41+03:00,2020-08-09T16:56:41+03:00,39
fastapi,tests/test_include_route.py,test_include_route.py,tests,Python,.py,14,496,True,3,27,5,2,2018-12-28T20:35:48+04:00,2020-04-08T05:37:38+01:00,32
fastapi,tests/test_include_router_defaults_overrides.py,test_include_router_defaults_overrides.py,tests,Python,.py,7207,394863,True,8,19345,12041,3,2020-11-29T18:32:18+01:00,2026-02-08T02:18:38-08:00,31386
fastapi,tests/test_infer_param_optionality.py,test_infer_param_optionality.py,tests,Python,.py,303,13515,True,10,626,289,5,2019-09-29T23:03:16+01:00,2026-02-17T01:59:14-08:00,915
fastapi,tests/test_inherited_custom_class.py,test_inherited_custom_class.py,tests,Python,.py,49,1797,True,8,144,77,2,2020-01-08T21:50:21+01:00,2026-06-15T17:53:46+02:00,221
fastapi,tests/test_invalid_path_param.py,test_invalid_path_param.py,tests,Python,.py,51,1666,True,2,80,5,1,2019-06-03T21:59:40+04:00,2025-12-17T13:25:59-08:00,85
fastapi,tests/test_invalid_sequence_param.py,test_invalid_sequence_param.py,tests,Python,.py,47,1545,True,7,81,18,2,2019-05-30T17:40:43+04:00,2026-02-17T01:59:14-08:00,99
fastapi,tests/test_json_type.py,test_json_type.py,tests,Python,.py,43,1694,True,1,63,0,1,2026-02-06T03:41:43+09:00,2026-02-06T03:41:43+09:00,63
fastapi,tests/test_jsonable_encoder.py,test_jsonable_encoder.py,tests,Python,.py,246,10584,True,30,496,151,18,2018-12-22T17:15:04+04:00,2026-08-05T09:34:07+02:00,647
fastapi,tests/test_list_bytes_file_order_preserved_issue_14811.py,test_list_bytes_file_order_preserved_issue_14811.py,tests,Python,.py,35,1411,True,2,47,1,2,2026-02-10T04:14:38-08:00,2026-02-10T06:46:48-05:00,48
fastapi,tests/test_local_docs.py,test_local_docs.py,tests,Python,.py,56,2548,True,4,82,15,3,2019-05-20T09:26:54+02:00,2026-06-15T17:53:46+02:00,97
fastapi,tests/test_modules_same_name_body/__init__.py,__init__.py,tests/test_modules_same_name_body,Python,.py,0,0,True,1,0,0,1,2019-06-28T19:35:16+02:00,2019-06-28T19:35:16+02:00,0
fastapi,tests/test_modules_same_name_body/app/__init__.py,__init__.py,tests/test_modules_same_name_body/app,Python,.py,0,0,True,1,0,0,1,2019-06-28T19:35:16+02:00,2019-06-28T19:35:16+02:00,0
fastapi,tests/test_modules_same_name_body/app/a.py,a.py,tests/test_modules_same_name_body/app,Python,.py,5,160,True,2,9,1,1,2019-06-28T19:35:16+02:00,2022-05-13T18:38:22-05:00,10
fastapi,tests/test_modules_same_name_body/app/b.py,b.py,tests/test_modules_same_name_body/app,Python,.py,5,161,True,2,9,1,1,2019-06-28T19:35:16+02:00,2022-05-13T18:38:22-05:00,10
fastapi,tests/test_modules_same_name_body/app/main.py,main.py,tests/test_modules_same_name_body/app,Python,.py,5,150,True,1,8,0,1,2019-06-28T19:35:16+02:00,2019-06-28T19:35:16+02:00,8
fastapi,tests/test_modules_same_name_body/test_main.py,test_main.py,tests/test_modules_same_name_body,Python,.py,148,6366,True,10,405,249,5,2019-06-28T19:35:16+02:00,2026-02-08T02:18:38-08:00,654
fastapi,tests/test_multi_body_errors.py,test_multi_body_errors.py,tests,Python,.py,175,6875,True,20,586,395,8,2018-12-30T00:07:31+04:00,2026-02-08T02:18:38-08:00,981
fastapi,tests/test_multi_query_errors.py,test_multi_query_errors.py,tests,Python,.py,111,4504,True,15,330,208,4,2018-12-30T00:07:31+04:00,2026-02-08T02:18:38-08:00,538
fastapi,tests/test_multipart_installation.py,test_multipart_installation.py,tests,Python,.py,115,5809,True,4,192,43,2,2020-08-08T09:14:10+02:00,2024-10-27T22:46:26+01:00,235
fastapi,tests/test_nested_annotated_in_sequence.py,test_nested_annotated_in_sequence.py,tests,Python,.py,128,5175,True,1,143,0,1,2026-07-28T16:04:16+02:00,2026-07-28T16:04:16+02:00,143
fastapi,tests/test_no_schema_split.py,test_no_schema_split.py,tests,Python,.py,157,6653,True,4,215,39,2,2025-10-29T10:09:30-03:00,2026-02-04T09:34:02-05:00,254
fastapi,tests/test_no_swagger_ui_redirect.py,test_no_swagger_ui_redirect.py,tests,Python,.py,20,786,True,3,34,3,3,2019-05-21T14:39:58-04:00,2020-04-08T05:37:38+01:00,37
fastapi,tests/test_openapi_cache_root_path.py,test_openapi_cache_root_path.py,tests,Python,.py,56,2348,True,1,75,0,1,2026-02-24T01:28:10-08:00,2026-02-24T01:28:10-08:00,75
fastapi,tests/test_openapi_examples.py,test_openapi_examples.py,tests,Python,.py,399,16749,True,8,759,337,2,2023-08-26T20:03:13+02:00,2026-02-17T01:59:14-08:00,1096
fastapi,tests/test_openapi_model_description_trim_on_formfeed.py,test_openapi_model_description_trim_on_formfeed.py,tests,Python,.py,21,660,True,1,31,0,1,2025-06-17T09:46:27+02:00,2025-06-17T09:46:27+02:00,31
fastapi,tests/test_openapi_query_parameter_extension.py,test_openapi_query_parameter_extension.py,tests,Python,.py,122,4901,True,8,317,186,3,2022-08-26T02:26:20-07:00,2026-02-17T01:59:14-08:00,503
fastapi,tests/test_openapi_route_extensions.py,test_openapi_route_extensions.py,tests,Python,.py,36,1273,True,4,90,45,2,2021-07-29T16:01:13-04:00,2026-02-08T02:18:38-08:00,135
fastapi,tests/test_openapi_schema_type.py,test_openapi_schema_type.py,tests,Python,.py,20,722,True,4,30,6,2,2025-09-20T19:47:24+02:00,2026-06-15T17:53:46+02:00,36
fastapi,tests/test_openapi_separate_input_output_schemas.py,test_openapi_separate_input_output_schemas.py,tests,Python,.py,648,28494,True,10,1069,393,4,2023-08-25T21:10:22+02:00,2026-02-17T01:59:14-08:00,1462
fastapi,tests/test_openapi_servers.py,test_openapi_servers.py,tests,Python,.py,51,1759,True,5,132,72,2,2020-06-14T15:38:29+02:00,2025-12-27T10:19:10-08:00,204
fastapi,tests/test_operations_signatures.py,test_operations_signatures.py,tests,Python,.py,18,934,True,1,22,0,1,2019-05-27T16:08:13+04:00,2019-05-27T16:08:13+04:00,22
fastapi,tests/test_optional_file_list.py,test_optional_file_list.py,tests,Python,.py,21,789,True,3,33,5,2,2025-12-02T08:10:27+01:00,2026-02-17T01:59:14-08:00,38
fastapi,tests/test_orjson_response_class.py,test_orjson_response_class.py,tests,Python,.py,22,944,True,4,37,5,3,2022-09-02T18:17:31+08:00,2026-06-15T17:53:46+02:00,42
fastapi,tests/test_param_class.py,test_param_class.py,tests,Python,.py,16,604,True,7,34,9,2,2018-12-28T16:10:29+04:00,2026-02-17T01:59:14-08:00,43
fastapi,tests/test_param_in_path_and_dependency.py,test_param_in_path_and_dependency.py,tests,Python,.py,88,3648,True,8,234,135,5,2020-02-28T22:36:30+01:00,2026-02-08T02:18:38-08:00,369
fastapi,tests/test_param_include_in_schema.py,test_param_include_in_schema.py,tests,Python,.py,227,8848,True,10,399,153,6,2022-01-23T23:54:59+08:00,2026-02-17T01:59:14-08:00,552
fastapi,tests/test_params_repr.py,test_params_repr.py,tests,Python,.py,58,2321,True,7,181,67,3,2020-06-12T19:22:30-04:00,2025-12-27T10:19:10-08:00,248
fastapi,tests/test_path.py,test_path.py,tests,Python,.py,628,21003,True,12,2159,1379,5,2018-12-08T11:56:07+04:00,2025-12-27T10:19:10-08:00,3538
fastapi,tests/test_prepare_release.py,test_prepare_release.py,tests,Python,.py,218,7400,True,1,307,0,1,2026-05-31T18:00:38+02:00,2026-05-31T18:00:38+02:00,307
fastapi,tests/test_put_no_body.py,test_put_no_body.py,tests,Python,.py,92,3889,True,11,246,143,5,2018-12-30T00:07:31+04:00,2026-02-08T02:18:38-08:00,389
fastapi,tests/test_pydantic_v1_error.py,test_pydantic_v1_error.py,tests,Python,.py,61,2347,True,2,98,2,1,2025-12-27T04:54:56-08:00,2026-02-17T01:59:14-08:00,100
fastapi,tests/test_pydanticv2_dataclasses_uuid_stringified_annotations.py,test_pydanticv2_dataclasses_uuid_stringified_annotations.py,tests,Python,.py,39,1131,True,4,58,7,2,2025-12-09T03:12:24-08:00,2026-03-16T11:16:48+01:00,65
fastapi,tests/test_query.py,test_query.py,tests,Python,.py,217,7548,True,12,652,375,3,2018-12-08T11:56:07+04:00,2025-12-27T10:19:10-08:00,1027
fastapi,tests/test_query_cookie_header_model_extra_params.py,test_query_cookie_header_model_extra_params.py,tests,Python,.py,106,3282,True,3,147,7,2,2025-12-02T05:57:19+01:00,2026-05-23T20:35:05+02:00,154
fastapi,tests/test_read_with_orm_mode.py,test_read_with_orm_mode.py,tests,Python,.py,31,1215,True,5,124,81,1,2021-08-24T12:21:05+02:00,2025-12-27T04:54:56-08:00,205
fastapi,tests/test_regex_deprecated_body.py,test_regex_deprecated_body.py,tests,Python,.py,140,5490,True,7,267,113,3,2023-07-07T19:12:13+02:00,2026-02-04T09:34:02-05:00,380
fastapi,tests/test_regex_deprecated_params.py,test_regex_deprecated_params.py,tests,Python,.py,132,5209,True,8,261,115,3,2023-07-07T19:12:13+02:00,2026-02-08T02:18:38-08:00,376
fastapi,tests/test_repeated_cookie_headers.py,test_repeated_cookie_headers.py,tests,Python,.py,21,792,True,1,34,0,1,2020-06-13T08:44:51-04:00,2020-06-13T08:44:51-04:00,34
fastapi,tests/test_repeated_dependency_schema.py,test_repeated_dependency_schema.py,tests,Python,.py,96,4075,True,9,196,87,5,2019-08-24T19:55:25-07:00,2026-02-08T02:18:38-08:00,283
fastapi,tests/test_repeated_parameter_alias.py,test_repeated_parameter_alias.py,tests,Python,.py,97,4262,True,5,252,146,3,2022-08-18T22:31:19+02:00,2026-02-08T02:18:38-08:00,398
fastapi,tests/test_request_body_parameters_media_type.py,test_request_body_parameters_media_type.py,tests,Python,.py,170,7344,True,11,337,153,5,2019-08-31T01:32:39+03:00,2026-02-08T02:18:38-08:00,490
fastapi,tests/test_request_param_model_by_alias.py,test_request_param_model_by_alias.py,tests,Python,.py,51,2182,True,2,79,7,2,2025-12-02T08:24:09+01:00,2025-12-20T07:55:38-08:00,86
fastapi,tests/test_request_params/__init__.py,__init__.py,tests/test_request_params,Python,.py,0,0,True,1,0,0,1,2025-12-11T17:15:36+01:00,2025-12-11T17:15:36+01:00,0
fastapi,tests/test_request_params/test_body/__init__.py,__init__.py,tests/test_request_params/test_body,Python,.py,0,0,True,1,0,0,1,2025-12-11T17:15:36+01:00,2025-12-11T17:15:36+01:00,0
fastapi,tests/test_request_params/test_body/test_list.py,test_list.py,tests/test_request_params/test_body,Python,.py,361,12158,True,7,584,151,2,2025-12-11T17:15:36+01:00,2026-02-17T01:59:14-08:00,735
fastapi,tests/test_request_params/test_body/test_optional_list.py,test_optional_list.py,tests/test_request_params/test_body,Python,.py,368,12933,True,6,715,261,2,2025-12-11T17:15:36+01:00,2026-02-17T01:59:14-08:00,976
fastapi,tests/test_request_params/test_body/test_optional_str.py,test_optional_str.py,tests/test_request_params/test_body,Python,.py,343,11786,True,6,664,235,2,2025-12-11T17:15:36+01:00,2026-02-17T01:59:14-08:00,899
fastapi,tests/test_request_params/test_body/test_required_str.py,test_required_str.py,tests/test_request_params/test_body,Python,.py,344,11204,True,6,570,151,2,2025-12-11T17:15:36+01:00,2026-02-17T01:59:14-08:00,721
fastapi,tests/test_request_params/test_body/utils.py,utils.py,tests/test_request_params/test_body,Python,.py,5,268,True,2,9,2,2,2025-12-11T17:15:36+01:00,2025-12-17T13:25:59-08:00,11
fastapi,tests/test_request_params/test_cookie/__init__.py,__init__.py,tests/test_request_params/test_cookie,Python,.py,0,0,True,1,0,0,1,2025-12-11T17:15:36+01:00,2025-12-11T17:15:36+01:00,0
fastapi,tests/test_request_params/test_cookie/test_list.py,test_list.py,tests/test_request_params/test_cookie,Python,.py,3,234,True,1,3,0,1,2025-12-11T17:15:36+01:00,2025-12-11T17:15:36+01:00,3
fastapi,tests/test_request_params/test_cookie/test_optional_list.py,test_optional_list.py,tests/test_request_params/test_cookie,Python,.py,3,234,True,1,3,0,1,2025-12-11T17:15:36+01:00,2025-12-11T17:15:36+01:00,3
fastapi,tests/test_request_params/test_cookie/test_optional_str.py,test_optional_str.py,tests/test_request_params/test_cookie,Python,.py,271,8810,True,7,473,137,2,2025-12-11T17:15:36+01:00,2026-02-17T01:59:14-08:00,610
fastapi,tests/test_request_params/test_cookie/test_required_str.py,test_required_str.py,tests/test_request_params/test_cookie,Python,.py,352,10642,True,6,599,177,2,2025-12-11T17:15:36+01:00,2026-02-08T02:18:38-08:00,776
fastapi,tests/test_request_params/test_file/__init__.py,__init__.py,tests/test_request_params/test_file,Python,.py,0,0,True,1,0,0,1,2025-12-11T17:15:36+01:00,2025-12-11T17:15:36+01:00,0
fastapi,tests/test_request_params/test_file/test_list.py,test_list.py,tests/test_request_params/test_file,Python,.py,388,11832,True,7,691,238,2,2025-12-11T17:15:36+01:00,2026-02-21T05:01:31-08:00,929
fastapi,tests/test_request_params/test_file/test_optional.py,test_optional.py,tests/test_request_params/test_file,Python,.py,301,10017,True,7,496,133,2,2025-12-11T17:15:36+01:00,2026-02-21T05:01:31-08:00,629
fastapi,tests/test_request_params/test_file/test_optional_list.py,test_optional_list.py,tests/test_request_params/test_file,Python,.py,321,11068,True,7,558,175,2,2025-12-11T17:15:36+01:00,2026-02-21T05:01:31-08:00,733
fastapi,tests/test_request_params/test_file/test_required.py,test_required.py,tests/test_request_params/test_file,Python,.py,372,11347,True,6,605,168,2,2025-12-11T17:15:36+01:00,2026-02-21T05:01:31-08:00,773
fastapi,tests/test_request_params/test_file/utils.py,utils.py,tests/test_request_params/test_file,Python,.py,5,271,True,2,9,2,2,2025-12-11T17:15:36+01:00,2025-12-17T13:25:59-08:00,11
fastapi,tests/test_request_params/test_form/__init__.py,__init__.py,tests/test_request_params/test_form,Python,.py,0,0,True,1,0,0,1,2025-12-11T17:15:36+01:00,2025-12-11T17:15:36+01:00,0
fastapi,tests/test_request_params/test_form/test_list.py,test_list.py,tests/test_request_params/test_form,Python,.py,364,11973,True,6,584,148,2,2025-12-11T17:15:36+01:00,2025-12-27T10:31:34-08:00,732
fastapi,tests/test_request_params/test_form/test_optional_list.py,test_optional_list.py,tests/test_request_params/test_form,Python,.py,288,10103,True,6,529,171,2,2025-12-11T17:15:36+01:00,2026-02-17T01:59:14-08:00,700
fastapi,tests/test_request_params/test_form/test_optional_str.py,test_optional_str.py,tests/test_request_params/test_form,Python,.py,267,9087,True,6,474,137,2,2025-12-11T17:15:36+01:00,2026-02-17T01:59:14-08:00,611
fastapi,tests/test_request_params/test_form/test_required_str.py,test_required_str.py,tests/test_request_params/test_form,Python,.py,340,10904,True,5,550,135,2,2025-12-11T17:15:36+01:00,2025-12-27T10:19:10-08:00,685
fastapi,tests/test_request_params/test_form/utils.py,utils.py,tests/test_request_params/test_form,Python,.py,5,285,True,2,9,2,2,2025-12-11T17:15:36+01:00,2025-12-17T13:25:59-08:00,11
fastapi,tests/test_request_params/test_header/__init__.py,__init__.py,tests/test_request_params/test_header,Python,.py,0,0,True,1,0,0,1,2025-12-11T17:15:36+01:00,2025-12-11T17:15:36+01:00,0
fastapi,tests/test_request_params/test_header/test_list.py,test_list.py,tests/test_request_params/test_header,Python,.py,360,11614,True,7,619,192,2,2025-12-11T17:15:36+01:00,2026-02-08T02:18:38-08:00,811
fastapi,tests/test_request_params/test_header/test_optional_list.py,test_optional_list.py,tests/test_request_params/test_header,Python,.py,287,9842,True,7,524,172,2,2025-12-11T17:15:36+01:00,2026-02-17T01:59:14-08:00,696
fastapi,tests/test_request_params/test_header/test_optional_str.py,test_optional_str.py,tests/test_request_params/test_header,Python,.py,263,8706,True,7,466,138,2,2025-12-11T17:15:36+01:00,2026-02-17T01:59:14-08:00,604
fastapi,tests/test_request_params/test_header/test_required_str.py,test_required_str.py,tests/test_request_params/test_header,Python,.py,341,10528,True,6,584,173,2,2025-12-11T17:15:36+01:00,2026-02-08T02:18:38-08:00,757
fastapi,tests/test_request_params/test_path/__init__.py,__init__.py,tests/test_request_params/test_path,Python,.py,0,0,True,1,0,0,1,2025-12-11T17:15:36+01:00,2025-12-11T17:15:36+01:00,0
fastapi,tests/test_request_params/test_path/test_list.py,test_list.py,tests/test_request_params/test_path,Python,.py,1,63,True,1,1,0,1,2025-12-11T17:15:36+01:00,2025-12-11T17:15:36+01:00,1
fastapi,tests/test_request_params/test_path/test_optional_list.py,test_optional_list.py,tests/test_request_params/test_path,Python,.py,1,45,True,1,1,0,1,2025-12-11T17:15:36+01:00,2025-12-11T17:15:36+01:00,1
fastapi,tests/test_request_params/test_path/test_optional_str.py,test_optional_str.py,tests/test_request_params/test_path,Python,.py,1,45,True,1,1,0,1,2025-12-11T17:15:36+01:00,2025-12-11T17:15:36+01:00,1
fastapi,tests/test_request_params/test_path/test_required_str.py,test_required_str.py,tests/test_request_params/test_path,Python,.py,74,2492,True,6,124,36,2,2025-12-11T17:15:36+01:00,2026-02-09T16:35:43+01:00,160
fastapi,tests/test_request_params/test_query/__init__.py,__init__.py,tests/test_request_params/test_query,Python,.py,0,0,True,1,0,0,1,2025-12-11T17:15:36+01:00,2025-12-11T17:15:36+01:00,0
fastapi,tests/test_request_params/test_query/test_list.py,test_list.py,tests/test_request_params/test_query,Python,.py,361,11469,True,7,620,192,2,2025-12-11T17:15:36+01:00,2026-02-08T02:18:38-08:00,812
fastapi,tests/test_request_params/test_query/test_optional_list.py,test_optional_list.py,tests/test_request_params/test_query,Python,.py,283,9625,True,7,520,172,2,2025-12-11T17:15:36+01:00,2026-02-17T01:59:14-08:00,692
fastapi,tests/test_request_params/test_query/test_optional_str.py,test_optional_str.py,tests/test_request_params/test_query,Python,.py,263,8577,True,7,465,137,2,2025-12-11T17:15:36+01:00,2026-02-17T01:59:14-08:00,602
fastapi,tests/test_request_params/test_query/test_required_str.py,test_required_str.py,tests/test_request_params/test_query,Python,.py,344,10401,True,6,591,177,2,2025-12-11T17:15:36+01:00,2026-02-08T02:18:38-08:00,768
fastapi,tests/test_required_noneable.py,test_required_noneable.py,tests,Python,.py,37,1486,True,2,65,5,1,2022-05-14T14:08:31-05:00,2026-02-17T01:59:14-08:00,70
fastapi,tests/test_response_by_alias.py,test_response_by_alias.py,tests,Python,.py,284,11945,True,8,738,408,2,2020-06-28T13:58:21+02:00,2026-02-08T02:18:38-08:00,1146
fastapi,tests/test_response_change_status_code.py,test_response_change_status_code.py,tests,Python,.py,15,589,True,3,30,4,2,2019-06-06T14:29:40+04:00,2020-04-08T05:37:38+01:00,34
fastapi,tests/test_response_class_no_mediatype.py,test_response_class_no_mediatype.py,tests,Python,.py,99,3730,True,8,253,139,3,2019-11-24T05:15:39-08:00,2026-02-08T02:18:38-08:00,392
fastapi,tests/test_response_code_no_body.py,test_response_code_no_body.py,tests,Python,.py,98,3602,True,9,248,133,3,2019-11-24T05:15:39-08:00,2026-02-08T02:18:38-08:00,381
fastapi,tests/test_response_dependency.py,test_response_dependency.py,tests,Python,.py,126,5306,True,1,173,0,1,2026-02-05T13:23:16-05:00,2026-02-05T13:23:16-05:00,173
fastapi,tests/test_response_model_as_return_annotation.py,test_response_model_as_return_annotation.py,tests,Python,.py,959,51969,True,15,2387,1266,4,2023-01-07T15:45:48+02:00,2026-06-15T17:53:46+02:00,3653
fastapi,tests/test_response_model_data_filter.py,test_response_model_data_filter.py,tests,Python,.py,54,1701,True,2,82,3,1,2023-07-07T19:12:13+02:00,2025-12-17T13:25:59-08:00,85
fastapi,tests/test_response_model_data_filter_no_inheritance.py,test_response_model_data_filter_no_inheritance.py,tests,Python,.py,56,1721,True,2,84,3,1,2023-07-07T19:12:13+02:00,2025-12-17T13:25:59-08:00,87
fastapi,tests/test_response_model_default_factory.py,test_response_model_default_factory.py,tests,Python,.py,30,1264,True,1,47,0,1,2025-09-21T02:51:40+08:00,2025-09-21T02:51:40+08:00,47
fastapi,tests/test_response_model_include_exclude.py,test_response_model_include_exclude.py,tests,Python,.py,137,4118,True,2,230,55,2,2021-07-04T21:53:40+03:00,2021-07-19T20:14:58+01:00,285
fastapi,tests/test_response_model_invalid.py,test_response_model_invalid.py,tests,Python,.py,29,1099,True,2,47,4,2,2020-02-29T05:04:35-08:00,2025-12-17T13:25:59-08:00,51
fastapi,tests/test_response_model_sub_types.py,test_response_model_sub_types.py,tests,Python,.py,143,5933,True,7,379,218,3,2020-02-29T05:04:35-08:00,2026-02-08T02:18:38-08:00,597
fastapi,tests/test_response_set_response_code_empty.py,test_response_set_response_code_empty.py,tests,Python,.py,94,3723,True,1,104,0,1,2026-05-05T11:44:36+02:00,2026-05-05T11:44:36+02:00,104
fastapi,tests/test_return_none_stringified_annotations.py,test_return_none_stringified_annotations.py,tests,Python,.py,12,431,True,1,17,0,1,2025-09-20T20:44:43+02:00,2025-09-20T20:44:43+02:00,17
fastapi,tests/test_route_scope.py,test_route_scope.py,tests,Python,.py,33,1530,True,3,53,3,2,2022-02-21T16:51:26+01:00,2025-09-29T12:29:38+09:00,56
fastapi,tests/test_router_circular_import.py,test_router_circular_import.py,tests,Python,.py,9,317,True,1,12,0,1,2026-02-10T11:58:40+01:00,2026-02-10T11:58:40+01:00,12
fastapi,tests/test_router_events.py,test_router_events.py,tests,Python,.py,297,12287,True,11,442,64,5,2020-02-29T21:28:23+01:00,2026-06-15T17:53:46+02:00,506
fastapi,tests/test_router_include_context.py,test_router_include_context.py,tests,Python,.py,794,32160,True,4,1076,1,1,2026-06-14T14:35:48+02:00,2026-07-16T16:57:38+02:00,1077
fastapi,tests/test_router_prefix_with_template.py,test_router_prefix_with_template.py,tests,Python,.py,13,484,True,3,25,2,2,2019-06-28T20:15:17+02:00,2020-04-08T05:37:38+01:00,27
fastapi,tests/test_router_redirect_slashes.py,test_router_redirect_slashes.py,tests,Python,.py,26,974,True,1,40,0,1,2023-06-22T13:37:50+03:00,2023-06-22T13:37:50+03:00,40
fastapi,tests/test_schema_compat_pydantic_v2.py,test_schema_compat_pydantic_v2.py,tests,Python,.py,108,4280,True,4,143,22,2,2025-12-02T09:34:13+05:30,2026-06-15T17:53:46+02:00,165
fastapi,tests/test_schema_extra_examples.py,test_schema_extra_examples.py,tests,Python,.py,818,35532,True,15,2545,1688,6,2021-05-05T11:20:56-07:00,2026-02-17T01:59:14-08:00,4233
fastapi,tests/test_schema_ref_pydantic_v2.py,test_schema_ref_pydantic_v2.py,tests,Python,.py,58,2164,True,2,72,4,1,2025-11-13T14:59:07+01:00,2025-12-20T07:55:38-08:00,76
fastapi,tests/test_security_api_key_cookie.py,test_security_api_key_cookie.py,tests,Python,.py,56,2157,True,10,137,67,4,2018-12-28T20:35:48+04:00,2026-02-08T02:18:38-08:00,204
fastapi,tests/test_security_api_key_cookie_description.py,test_security_api_key_cookie_description.py,tests,Python,.py,61,2345,True,6,145,70,4,2021-07-29T12:30:48+02:00,2026-02-08T02:18:38-08:00,215
fastapi,tests/test_security_api_key_cookie_optional.py,test_security_api_key_cookie_optional.py,tests,Python,.py,60,2267,True,10,143,69,3,2019-04-03T15:44:52+04:00,2026-02-17T01:59:14-08:00,212
fastapi,tests/test_security_api_key_header.py,test_security_api_key_header.py,tests,Python,.py,54,2097,True,9,132,62,3,2018-12-28T20:35:48+04:00,2026-02-08T02:18:38-08:00,194
fastapi,tests/test_security_api_key_header_description.py,test_security_api_key_header_description.py,tests,Python,.py,59,2285,True,5,140,65,3,2021-07-29T12:30:48+02:00,2026-02-08T02:18:38-08:00,205
fastapi,tests/test_security_api_key_header_optional.py,test_security_api_key_header_optional.py,tests,Python,.py,57,2200,True,9,138,65,2,2019-04-03T15:44:52+04:00,2026-02-17T01:59:14-08:00,203
fastapi,tests/test_security_api_key_query.py,test_security_api_key_query.py,tests,Python,.py,54,2076,True,9,132,62,3,2018-12-28T20:35:48+04:00,2026-02-08T02:18:38-08:00,194
fastapi,tests/test_security_api_key_query_description.py,test_security_api_key_query_description.py,tests,Python,.py,59,2256,True,5,140,65,3,2021-07-29T12:30:48+02:00,2026-02-08T02:18:38-08:00,205
fastapi,tests/test_security_api_key_query_optional.py,test_security_api_key_query_optional.py,tests,Python,.py,57,2179,True,9,138,65,2,2019-04-03T15:44:52+04:00,2026-02-17T01:59:14-08:00,203
fastapi,tests/test_security_http_base.py,test_security_http_base.py,tests,Python,.py,50,2254,True,10,122,58,4,2018-12-29T23:04:54+04:00,2026-02-08T02:18:38-08:00,180
fastapi,tests/test_security_http_base_description.py,test_security_http_base_description.py,tests,Python,.py,52,2201,True,5,127,63,3,2021-07-29T12:30:48+02:00,2026-02-08T02:18:38-08:00,190
fastapi,tests/test_security_http_base_optional.py,test_security_http_base_optional.py,tests,Python,.py,49,2045,True,10,122,61,3,2019-04-03T15:44:52+04:00,2026-02-17T01:59:14-08:00,183
fastapi,tests/test_security_http_basic_optional.py,test_security_http_basic_optional.py,tests,Python,.py,62,2751,True,12,147,68,3,2019-04-03T15:44:52+04:00,2026-02-17T01:59:14-08:00,215
fastapi,tests/test_security_http_basic_realm.py,test_security_http_basic_realm.py,tests,Python,.py,61,2765,True,9,141,63,3,2019-04-21T21:44:25+04:00,2026-02-08T02:18:38-08:00,204
fastapi,tests/test_security_http_basic_realm_description.py,test_security_http_basic_realm_description.py,tests,Python,.py,67,2965,True,6,151,67,3,2021-07-29T12:30:48+02:00,2026-02-08T02:18:38-08:00,218
fastapi,tests/test_security_http_bearer.py,test_security_http_bearer.py,tests,Python,.py,51,2313,True,9,126,61,3,2018-12-29T23:04:54+04:00,2026-02-08T02:18:38-08:00,187
fastapi,tests/test_security_http_bearer_description.py,test_security_http_bearer_description.py,tests,Python,.py,57,2527,True,5,136,65,3,2021-07-29T12:30:48+02:00,2026-02-08T02:18:38-08:00,201
fastapi,tests/test_security_http_bearer_optional.py,test_security_http_bearer_optional.py,tests,Python,.py,53,2307,True,11,131,64,3,2019-04-03T15:44:52+04:00,2026-02-17T01:59:14-08:00,195
fastapi,tests/test_security_http_digest.py,test_security_http_digest.py,tests,Python,.py,53,2338,True,9,128,61,3,2018-12-29T23:04:54+04:00,2026-02-08T02:18:38-08:00,189
fastapi,tests/test_security_http_digest_description.py,test_security_http_digest_description.py,tests,Python,.py,59,2538,True,5,138,65,3,2021-07-29T12:30:48+02:00,2026-02-08T02:18:38-08:00,203
fastapi,tests/test_security_http_digest_optional.py,test_security_http_digest_optional.py,tests,Python,.py,55,2332,True,11,133,64,4,2019-04-03T15:44:52+04:00,2026-02-17T01:59:14-08:00,197
fastapi,tests/test_security_oauth2.py,test_security_oauth2.py,tests,Python,.py,252,10042,True,21,724,444,10,2018-12-28T20:35:48+04:00,2026-02-08T02:18:38-08:00,1168
fastapi,tests/test_security_oauth2_authorization_code_bearer.py,test_security_oauth2_authorization_code_bearer.py,tests,Python,.py,66,2724,True,10,166,84,5,2020-01-08T16:47:19-05:00,2026-02-17T01:59:14-08:00,250
fastapi,tests/test_security_oauth2_authorization_code_bearer_description.py,test_security_oauth2_authorization_code_bearer_description.py,tests,Python,.py,66,2603,True,5,157,77,2,2021-07-29T12:30:48+02:00,2026-02-17T01:59:14-08:00,234
fastapi,tests/test_security_oauth2_authorization_code_bearer_scopes_openapi.py,test_security_oauth2_authorization_code_bearer_scopes_openapi.py,tests,Python,.py,163,6759,True,4,205,8,1,2025-12-04T04:59:24-08:00,2026-02-17T01:59:14-08:00,213
fastapi,tests/test_security_oauth2_authorization_code_bearer_scopes_openapi_simple.py,test_security_oauth2_authorization_code_bearer_scopes_openapi_simple.py,tests,Python,.py,65,2658,True,2,81,1,1,2025-12-04T14:22:01-08:00,2025-12-17T13:25:59-08:00,82
fastapi,tests/test_security_oauth2_optional.py,test_security_oauth2_optional.py,tests,Python,.py,253,9988,True,20,728,447,9,2019-04-03T15:44:52+04:00,2026-02-17T01:59:14-08:00,1175
fastapi,tests/test_security_oauth2_optional_description.py,test_security_oauth2_optional_description.py,tests,Python,.py,255,10132,True,11,705,422,5,2021-07-29T12:30:48+02:00,2026-02-17T01:59:14-08:00,1127
fastapi,tests/test_security_oauth2_password_bearer_optional.py,test_security_oauth2_password_bearer_optional.py,tests,Python,.py,56,2280,True,9,140,70,2,2019-04-03T15:44:52+04:00,2026-02-17T01:59:14-08:00,210
fastapi,tests/test_security_oauth2_password_bearer_optional_description.py,test_security_oauth2_password_bearer_optional_description.py,tests,Python,.py,61,2426,True,5,140,65,2,2021-07-29T12:30:48+02:00,2026-02-17T01:59:14-08:00,205
fastapi,tests/test_security_openid_connect.py,test_security_openid_connect.py,tests,Python,.py,61,2515,True,9,144,65,3,2018-12-28T20:35:48+04:00,2026-02-08T02:18:38-08:00,209
fastapi,tests/test_security_openid_connect_description.py,test_security_openid_connect_description.py,tests,Python,.py,64,2638,True,5,145,63,3,2021-07-29T12:30:48+02:00,2026-02-08T02:18:38-08:00,208
fastapi,tests/test_security_openid_connect_optional.py,test_security_openid_connect_optional.py,tests,Python,.py,64,2618,True,9,150,68,2,2019-04-03T15:44:52+04:00,2026-02-17T01:59:14-08:00,218
fastapi,tests/test_security_scopes.py,test_security_scopes.py,tests,Python,.py,31,1006,True,2,49,4,1,2025-11-30T06:45:49-08:00,2025-12-17T13:25:59-08:00,53
fastapi,tests/test_security_scopes_dont_propagate.py,test_security_scopes_dont_propagate.py,tests,Python,.py,28,973,True,2,49,5,2,2025-11-30T11:57:01Z,2025-12-17T13:25:59-08:00,54
fastapi,tests/test_security_scopes_sub_dependency.py,test_security_scopes_sub_dependency.py,tests,Python,.py,89,2956,True,2,111,4,1,2025-11-30T06:45:49-08:00,2025-12-17T13:25:59-08:00,115
fastapi,tests/test_serialize_response.py,test_serialize_response.py,tests,Python,.py,38,1373,True,7,87,32,3,2018-12-22T18:20:01+04:00,2026-02-17T01:59:14-08:00,119
fastapi,tests/test_serialize_response_dataclass.py,test_serialize_response_dataclass.py,tests,Python,.py,159,4958,True,8,231,38,4,2019-08-30T18:12:15-05:00,2026-02-17T01:59:14-08:00,269
fastapi,tests/test_serialize_response_model.py,test_serialize_response_model.py,tests,Python,.py,115,4229,True,8,170,18,4,2020-03-28T02:19:17+11:00,2026-08-05T09:34:07+02:00,188
fastapi,tests/test_skip_defaults.py,test_skip_defaults.py,tests,Python,.py,81,3036,True,12,146,21,6,2019-08-26T06:24:58-07:00,2026-08-05T09:34:07+02:00,167
fastapi,tests/test_sse.py,test_sse.py,tests,Python,.py,361,15533,True,6,496,6,4,2026-03-01T01:21:52-08:00,2026-08-05T09:34:07+02:00,502
fastapi,tests/test_starlette_exception.py,test_starlette_exception.py,tests,Python,.py,183,8293,True,15,469,260,8,2019-02-16T17:01:29+04:00,2026-02-08T02:18:38-08:00,729
fastapi,tests/test_starlette_urlconvertors.py,test_starlette_urlconvertors.py,tests,Python,.py,42,1678,True,7,75,12,4,2019-05-16T15:55:14+02:00,2026-06-15T17:53:46+02:00,87
fastapi,tests/test_stream_bare_type.py,test_stream_bare_type.py,tests,Python,.py,50,2128,True,2,75,1,2,2026-02-27T10:56:47-08:00,2026-07-28T12:22:08+02:00,76
fastapi,tests/test_stream_cancellation.py,test_stream_cancellation.py,tests,Python,.py,67,2751,True,2,93,4,1,2026-02-27T10:56:47-08:00,2026-06-15T17:53:46+02:00,97
fastapi,tests/test_stream_json_validation_error.py,test_stream_json_validation_error.py,tests,Python,.py,25,991,True,1,40,0,1,2026-02-27T10:56:47-08:00,2026-02-27T10:56:47-08:00,40
fastapi,tests/test_stream_status_code.py,test_stream_status_code.py,tests,Python,.py,420,19770,True,1,452,0,1,2026-07-28T20:55:12+05:30,2026-07-28T20:55:12+05:30,452
fastapi,tests/test_strict_content_type_app_level.py,test_strict_content_type_app_level.py,tests,Python,.py,27,1153,True,1,44,0,1,2026-02-23T09:45:20-08:00,2026-02-23T09:45:20-08:00,44
fastapi,tests/test_strict_content_type_nested.py,test_strict_content_type_nested.py,tests,Python,.py,56,2776,True,1,91,0,1,2026-02-23T09:45:20-08:00,2026-02-23T09:45:20-08:00,91
fastapi,tests/test_strict_content_type_router_level.py,test_strict_content_type_router_level.py,tests,Python,.py,38,1720,True,1,61,0,1,2026-02-23T09:45:20-08:00,2026-02-23T09:45:20-08:00,61
fastapi,tests/test_stringified_annotation_dependency.py,test_stringified_annotation_dependency.py,tests,Python,.py,61,2270,True,2,81,2,1,2025-12-10T04:06:05-08:00,2025-12-17T13:25:59-08:00,83
fastapi,tests/test_stringified_annotation_dependency_py314.py,test_stringified_annotation_dependency_py314.py,tests,Python,.py,20,711,True,1,30,0,1,2026-02-04T14:49:44+01:00,2026-02-04T14:49:44+01:00,30
fastapi,tests/test_stringified_annotations_simple.py,test_stringified_annotations_simple.py,tests,Python,.py,17,545,True,2,28,1,2,2025-12-04T09:18:32+01:00,2025-12-17T13:25:59-08:00,29
fastapi,tests/test_sub_callbacks.py,test_sub_callbacks.py,tests,Python,.py,275,14598,True,15,731,425,5,2020-01-08T13:22:14-08:00,2026-02-17T01:59:14-08:00,1156
fastapi,tests/test_swagger_ui_escape.py,test_swagger_ui_escape.py,tests,Python,.py,30,1167,True,2,40,3,1,2026-02-24T01:28:10-08:00,2026-06-15T17:53:46+02:00,43
fastapi,tests/test_swagger_ui_init_oauth.py,test_swagger_ui_init_oauth.py,tests,Python,.py,18,718,True,4,33,5,4,2019-10-04T01:41:04+02:00,2020-08-09T15:24:05+04:30,38
fastapi,tests/test_top_level_security_scheme_in_openapi.py,test_top_level_security_scheme_in_openapi.py,tests,Python,.py,48,1902,True,2,61,1,1,2025-10-31T19:34:30+01:00,2025-11-24T20:03:06+01:00,62
fastapi,tests/test_translate.py,test_translate.py,tests,Python,.py,54,2095,True,1,63,0,1,2026-08-18T21:42:27+02:00,2026-08-18T21:42:27+02:00,63
fastapi,tests/test_tuples.py,test_tuples.py,tests,Python,.py,246,11030,True,11,718,442,4,2022-01-23T23:13:55+01:00,2026-02-08T02:18:38-08:00,1160
fastapi,tests/test_tutorial/__init__.py,__init__.py,tests/test_tutorial,Python,.py,0,0,True,1,0,0,1,2018-12-18T21:59:06+04:00,2018-12-18T21:59:06+04:00,0
fastapi,tests/test_tutorial/test_additional_responses/__init__.py,__init__.py,tests/test_tutorial/test_additional_responses,Python,.py,0,0,True,1,0,0,1,2019-04-05T13:54:00+04:00,2019-04-05T13:54:00+04:00,0
fastapi,tests/test_tutorial/test_additional_responses/test_tutorial001.py,test_tutorial001.py,tests/test_tutorial/test_additional_responses,Python,.py,119,5213,True,15,324,197,7,2019-04-05T13:54:00+04:00,2026-02-12T05:19:43-08:00,521
fastapi,tests/test_tutorial/test_additional_responses/test_tutorial002.py,test_tutorial002.py,tests/test_tutorial/test_additional_responses,Python,.py,129,5431,True,20,344,204,7,2019-04-05T13:54:00+04:00,2026-02-27T11:53:47+01:00,548
fastapi,tests/test_tutorial/test_additional_responses/test_tutorial003.py,test_tutorial003.py,tests/test_tutorial/test_additional_responses,Python,.py,123,5453,True,15,333,202,6,2019-04-05T13:54:00+04:00,2026-02-12T05:19:43-08:00,535
fastapi,tests/test_tutorial/test_additional_responses/test_tutorial004.py,test_tutorial004.py,tests/test_tutorial/test_additional_responses,Python,.py,132,5638,True,19,352,209,7,2019-04-05T13:54:00+04:00,2026-02-27T11:53:47+01:00,561
fastapi,tests/test_tutorial/test_additional_status_codes/__init__.py,__init__.py,tests/test_tutorial/test_additional_status_codes,Python,.py,0,0,True,1,0,0,1,2019-04-12T22:43:21+04:00,2019-04-12T22:43:21+04:00,0
fastapi,tests/test_tutorial/test_additional_status_codes/test_tutorial001.py,test_tutorial001.py,tests/test_tutorial/test_additional_status_codes,Python,.py,23,934,True,7,46,14,3,2019-04-12T22:43:21+04:00,2026-02-12T05:19:43-08:00,60
fastapi,tests/test_tutorial/test_advanced_middleware/__init__.py,__init__.py,tests/test_tutorial/test_advanced_middleware,Python,.py,0,0,True,1,0,0,1,2020-03-01T21:49:20+01:00,2020-03-01T21:49:20+01:00,0
fastapi,tests/test_tutorial/test_advanced_middleware/test_tutorial001.py,test_tutorial001.py,tests/test_tutorial/test_advanced_middleware,Python,.py,10,480,True,6,20,6,4,2020-03-01T21:49:20+01:00,2026-02-12T05:19:43-08:00,26
fastapi,tests/test_tutorial/test_advanced_middleware/test_tutorial002.py,test_tutorial002.py,tests/test_tutorial/test_advanced_middleware,Python,.py,12,576,True,5,21,6,3,2020-03-01T21:49:20+01:00,2026-02-12T05:19:43-08:00,27
fastapi,tests/test_tutorial/test_advanced_middleware/test_tutorial003.py,test_tutorial003.py,tests/test_tutorial/test_advanced_middleware,Python,.py,15,671,True,5,27,5,3,2020-03-01T21:49:20+01:00,2026-02-12T05:19:43-08:00,32
fastapi,tests/test_tutorial/test_async_tests/__init__.py,__init__.py,tests/test_tutorial/test_async_tests,Python,.py,0,0,True,1,0,0,1,2020-08-08T20:01:18+02:00,2020-08-08T20:01:18+02:00,0
fastapi,tests/test_tutorial/test_async_tests/test_main_a.py,test_main_a.py,tests/test_tutorial/test_async_tests,Python,.py,5,155,True,2,9,1,1,2025-12-17T12:41:43-08:00,2026-02-12T05:19:43-08:00,10
fastapi,tests/test_tutorial/test_authentication_error_status_code/__init__.py,__init__.py,tests/test_tutorial/test_authentication_error_status_code,Python,.py,0,0,True,1,0,0,1,2025-11-24T20:03:06+01:00,2025-11-24T20:03:06+01:00,0
fastapi,tests/test_tutorial/test_authentication_error_status_code/test_tutorial001.py,test_tutorial001.py,tests/test_tutorial/test_authentication_error_status_code,Python,.py,56,1931,True,3,71,5,2,2025-11-24T20:03:06+01:00,2026-02-12T05:19:43-08:00,76
fastapi,tests/test_tutorial/test_background_tasks/__init__.py,__init__.py,tests/test_tutorial/test_background_tasks,Python,.py,0,0,True,1,0,0,1,2019-03-24T23:33:35+04:00,2019-03-24T23:33:35+04:00,0
fastapi,tests/test_tutorial/test_background_tasks/test_tutorial001.py,test_tutorial001.py,tests/test_tutorial/test_background_tasks,Python,.py,16,635,True,7,26,5,4,2019-03-24T23:33:35+04:00,2026-02-27T11:53:47+01:00,31
fastapi,tests/test_tutorial/test_background_tasks/test_tutorial002.py,test_tutorial002.py,tests/test_tutorial/test_background_tasks,Python,.py,27,968,True,8,47,13,5,2019-03-24T23:33:35+04:00,2026-02-27T11:53:47+01:00,60
fastapi,tests/test_tutorial/test_behind_a_proxy/__init__.py,__init__.py,tests/test_tutorial/test_behind_a_proxy,Python,.py,0,0,True,1,0,0,1,2020-06-11T23:53:19+02:00,2020-06-11T23:53:19+02:00,0
fastapi,tests/test_tutorial/test_behind_a_proxy/test_tutorial001.py,test_tutorial001.py,tests/test_tutorial/test_behind_a_proxy,Python,.py,32,1192,True,8,87,49,4,2020-06-11T23:53:19+02:00,2026-02-12T05:19:43-08:00,136
fastapi,tests/test_tutorial/test_behind_a_proxy/test_tutorial001_01.py,test_tutorial001_01.py,tests/test_tutorial/test_behind_a_proxy,Python,.py,15,545,True,3,23,2,1,2025-08-31T21:34:08+02:00,2026-02-12T05:19:43-08:00,25
fastapi,tests/test_tutorial/test_behind_a_proxy/test_tutorial002.py,test_tutorial002.py,tests/test_tutorial/test_behind_a_proxy,Python,.py,32,1171,True,8,87,49,4,2020-06-11T23:53:19+02:00,2026-02-12T05:19:43-08:00,136
fastapi,tests/test_tutorial/test_behind_a_proxy/test_tutorial003.py,test_tutorial003.py,tests/test_tutorial/test_behind_a_proxy,Python,.py,42,1512,True,7,121,73,2,2020-07-10T13:28:18-04:00,2026-02-12T05:19:43-08:00,194
fastapi,tests/test_tutorial/test_behind_a_proxy/test_tutorial004.py,test_tutorial004.py,tests/test_tutorial/test_behind_a_proxy,Python,.py,41,1476,True,7,118,71,2,2020-07-10T13:28:18-04:00,2026-02-12T05:19:43-08:00,189
fastapi,tests/test_tutorial/test_bigger_applications/__init__.py,__init__.py,tests/test_tutorial/test_bigger_applications,Python,.py,0,0,True,1,0,0,1,2018-12-18T21:59:06+04:00,2018-12-18T21:59:06+04:00,0
fastapi,tests/test_tutorial/test_bigger_applications/test_main.py,test_main.py,tests/test_tutorial/test_bigger_applications,Python,.py,552,23329,True,22,1687,1081,8,2019-01-14T19:23:38+04:00,2026-02-12T05:19:43-08:00,2768
fastapi,tests/test_tutorial/test_body/__init__.py,__init__.py,tests/test_tutorial/test_body,Python,.py,0,0,True,1,0,0,1,2018-12-18T21:59:06+04:00,2018-12-18T21:59:06+04:00,0
fastapi,tests/test_tutorial/test_body/test_tutorial001.py,test_tutorial001.py,tests/test_tutorial/test_body,Python,.py,307,11333,True,28,937,591,11,2018-12-18T21:59:06+04:00,2026-06-15T17:53:46+02:00,1528
fastapi,tests/test_tutorial/test_body/test_tutorial002.py,test_tutorial002.py,tests/test_tutorial/test_body,Python,.py,153,5945,True,4,243,77,3,2025-12-26T11:43:02+01:00,2026-02-12T05:19:43-08:00,320
fastapi,tests/test_tutorial/test_body/test_tutorial003.py,test_tutorial003.py,tests/test_tutorial/test_body,Python,.py,164,6276,True,4,261,84,3,2025-12-26T11:43:02+01:00,2026-02-12T05:19:43-08:00,345
fastapi,tests/test_tutorial/test_body/test_tutorial004.py,test_tutorial004.py,tests/test_tutorial/test_body,Python,.py,175,6755,True,4,280,92,3,2025-12-26T11:43:02+01:00,2026-02-12T05:19:43-08:00,372
fastapi,tests/test_tutorial/test_body_fields/__init__.py,__init__.py,tests/test_tutorial/test_body_fields,Python,.py,0,0,True,1,0,0,1,2019-12-09T16:48:54+03:00,2019-12-09T16:48:54+03:00,0
fastapi,tests/test_tutorial/test_body_fields/test_tutorial001.py,test_tutorial001.py,tests/test_tutorial/test_body_fields,Python,.py,176,7095,True,17,530,341,7,2019-12-09T16:48:54+03:00,2026-02-12T05:19:43-08:00,871
fastapi,tests/test_tutorial/test_body_multiple_params/__init__.py,__init__.py,tests/test_tutorial/test_body_multiple_params,Python,.py,0,0,True,1,0,0,1,2018-12-18T21:59:06+04:00,2018-12-18T21:59:06+04:00,0
fastapi,tests/test_tutorial/test_body_multiple_params/test_tutorial001.py,test_tutorial001.py,tests/test_tutorial/test_body_multiple_params,Python,.py,170,7085,True,19,515,330,6,2018-12-18T21:59:06+04:00,2026-02-12T05:19:43-08:00,845
fastapi,tests/test_tutorial/test_body_multiple_params/test_tutorial002.py,test_tutorial002.py,tests/test_tutorial/test_body_multiple_params,Python,.py,345,12060,True,5,506,138,3,2025-12-26T11:43:02+01:00,2026-05-05T11:44:36+02:00,644
fastapi,tests/test_tutorial/test_body_multiple_params/test_tutorial003.py,test_tutorial003.py,tests/test_tutorial/test_body_multiple_params,Python,.py,212,8248,True,19,669,444,8,2019-06-13T18:37:48+02:00,2026-02-12T05:19:43-08:00,1113
fastapi,tests/test_tutorial/test_body_multiple_params/test_tutorial004.py,test_tutorial004.py,tests/test_tutorial/test_body_multiple_params,Python,.py,278,10206,True,4,407,112,3,2025-12-26T11:43:02+01:00,2026-02-12T05:19:43-08:00,519
fastapi,tests/test_tutorial/test_body_multiple_params/test_tutorial005.py,test_tutorial005.py,tests/test_tutorial/test_body_multiple_params,Python,.py,258,9106,True,5,392,117,3,2025-12-26T11:43:02+01:00,2026-05-05T11:44:36+02:00,509
fastapi,tests/test_tutorial/test_body_nested_models/__init__.py,__init__.py,tests/test_tutorial/test_body_nested_models,Python,.py,0,0,True,1,0,0,1,2019-06-20T11:31:32+02:00,2019-06-20T11:31:32+02:00,0
fastapi,tests/test_tutorial/test_body_nested_models/test_tutorial001_tutorial002_tutorial003.py,test_tutorial001_tutorial002_tutorial003.py,tests/test_tutorial/test_body_nested_models,Python,.py,234,8736,True,6,355,99,3,2025-12-26T11:43:02+01:00,2026-06-15T17:53:46+02:00,454
fastapi,tests/test_tutorial/test_body_nested_models/test_tutorial004.py,test_tutorial004.py,tests/test_tutorial/test_body_nested_models,Python,.py,264,9729,True,4,400,119,3,2025-12-26T11:43:02+01:00,2026-02-12T05:19:43-08:00,519
fastapi,tests/test_tutorial/test_body_nested_models/test_tutorial005.py,test_tutorial005.py,tests/test_tutorial/test_body_nested_models,Python,.py,288,10561,True,4,429,122,3,2025-12-26T11:43:02+01:00,2026-02-12T05:19:43-08:00,551
fastapi,tests/test_tutorial/test_body_nested_models/test_tutorial006.py,test_tutorial006.py,tests/test_tutorial/test_body_nested_models,Python,.py,260,9715,True,4,404,129,3,2025-12-26T11:43:02+01:00,2026-02-12T05:19:43-08:00,533
fastapi,tests/test_tutorial/test_body_nested_models/test_tutorial007.py,test_tutorial007.py,tests/test_tutorial/test_body_nested_models,Python,.py,332,11912,True,4,491,141,3,2025-12-26T11:43:02+01:00,2026-02-12T05:19:43-08:00,632
fastapi,tests/test_tutorial/test_body_nested_models/test_tutorial008.py,test_tutorial008.py,tests/test_tutorial/test_body_nested_models,Python,.py,152,6154,True,4,241,77,3,2025-12-26T11:43:02+01:00,2026-02-12T05:19:43-08:00,318
fastapi,tests/test_tutorial/test_body_nested_models/test_tutorial009.py,test_tutorial009.py,tests/test_tutorial/test_body_nested_models,Python,.py,113,4607,True,18,318,195,8,2019-06-20T11:31:32+02:00,2026-02-12T05:19:43-08:00,513
fastapi,tests/test_tutorial/test_body_updates/__init__.py,__init__.py,tests/test_tutorial/test_body_updates,Python,.py,0,0,True,1,0,0,1,2019-05-27T16:08:13+04:00,2019-05-27T16:08:13+04:00,0
fastapi,tests/test_tutorial/test_body_updates/test_tutorial001.py,test_tutorial001.py,tests/test_tutorial/test_body_updates,Python,.py,181,7516,True,19,674,482,7,2019-05-27T16:08:13+04:00,2026-02-12T05:19:43-08:00,1156
fastapi,tests/test_tutorial/test_body_updates/test_tutorial002.py,test_tutorial002.py,tests/test_tutorial/test_body_updates,Python,.py,200,7985,True,4,332,119,3,2025-12-26T11:43:02+01:00,2026-02-12T05:19:43-08:00,451
fastapi,tests/test_tutorial/test_conditional_openapi/__init__.py,__init__.py,tests/test_tutorial/test_conditional_openapi,Python,.py,0,0,True,1,0,0,1,2020-05-16T17:45:12+02:00,2020-05-16T17:45:12+02:00,0
fastapi,tests/test_tutorial/test_conditional_openapi/test_tutorial001.py,test_tutorial001.py,tests/test_tutorial/test_conditional_openapi,Python,.py,50,1853,True,10,126,65,3,2020-05-16T17:45:12+02:00,2026-02-12T05:19:43-08:00,191
fastapi,tests/test_tutorial/test_configure_swagger_ui/__init__.py,__init__.py,tests/test_tutorial/test_configure_swagger_ui,Python,.py,0,0,True,1,0,0,1,2023-08-19T21:54:04+02:00,2023-08-19T21:54:04+02:00,0
fastapi,tests/test_tutorial/test_configure_swagger_ui/test_tutorial001.py,test_tutorial001.py,tests/test_tutorial/test_configure_swagger_ui,Python,.py,35,1421,True,4,67,26,2,2023-08-19T21:54:04+02:00,2026-02-12T05:19:43-08:00,93
fastapi,tests/test_tutorial/test_configure_swagger_ui/test_tutorial002.py,test_tutorial002.py,tests/test_tutorial/test_configure_swagger_ui,Python,.py,38,1573,True,5,74,30,3,2023-08-19T21:54:04+02:00,2026-02-12T05:19:43-08:00,104
fastapi,tests/test_tutorial/test_configure_swagger_ui/test_tutorial003.py,test_tutorial003.py,tests/test_tutorial/test_configure_swagger_ui,Python,.py,38,1540,True,4,73,29,2,2023-08-19T21:54:04+02:00,2026-02-12T05:19:43-08:00,102
fastapi,tests/test_tutorial/test_cookie_param_models/__init__.py,__init__.py,tests/test_tutorial/test_cookie_param_models,Python,.py,0,0,True,1,0,0,1,2024-09-17T20:54:10+02:00,2024-09-17T20:54:10+02:00,0
fastapi,tests/test_tutorial/test_cookie_param_models/test_tutorial001.py,test_tutorial001.py,tests/test_tutorial/test_cookie_param_models,Python,.py,156,6256,True,5,228,57,2,2024-09-17T20:54:10+02:00,2026-02-12T05:19:43-08:00,285
fastapi,tests/test_tutorial/test_cookie_param_models/test_tutorial002.py,test_tutorial002.py,tests/test_tutorial/test_cookie_param_models,Python,.py,166,6538,True,7,302,121,3,2024-09-17T20:54:10+02:00,2026-02-12T05:19:43-08:00,423
fastapi,tests/test_tutorial/test_cookie_params/__init__.py,__init__.py,tests/test_tutorial/test_cookie_params,Python,.py,0,0,True,1,0,0,1,2018-12-18T23:15:26+04:00,2018-12-18T23:15:26+04:00,0
fastapi,tests/test_tutorial/test_cookie_params/test_tutorial001.py,test_tutorial001.py,tests/test_tutorial/test_cookie_params,Python,.py,115,4619,True,19,294,170,7,2018-12-18T23:04:53+04:00,2026-02-12T05:19:43-08:00,464
fastapi,tests/test_tutorial/test_cors/__init__.py,__init__.py,tests/test_tutorial/test_cors,Python,.py,0,0,True,1,0,0,1,2020-03-01T21:49:20+01:00,2020-03-01T21:49:20+01:00,0
fastapi,tests/test_tutorial/test_cors/test_tutorial001.py,test_tutorial001.py,tests/test_tutorial/test_cors,Python,.py,32,1284,True,5,43,6,3,2020-03-01T21:49:20+01:00,2026-02-12T05:19:43-08:00,49
fastapi,tests/test_tutorial/test_custom_docs_ui/__init__.py,__init__.py,tests/test_tutorial/test_custom_docs_ui,Python,.py,0,0,True,1,0,0,1,2023-08-19T21:54:04+02:00,2023-08-19T21:54:04+02:00,0
fastapi,tests/test_tutorial/test_custom_docs_ui/test_tutorial001.py,test_tutorial001.py,tests/test_tutorial/test_custom_docs_ui,Python,.py,35,1431,True,7,57,9,5,2023-08-19T21:54:04+02:00,2026-02-27T11:53:47+01:00,66
fastapi,tests/test_tutorial/test_custom_docs_ui/test_tutorial002.py,test_tutorial002.py,tests/test_tutorial/test_custom_docs_ui,Python,.py,35,1349,True,4,50,2,2,2023-08-19T21:54:04+02:00,2026-02-27T11:53:47+01:00,52
fastapi,tests/test_tutorial/test_custom_request_and_route/__init__.py,__init__.py,tests/test_tutorial/test_custom_request_and_route,Python,.py,0,0,True,1,0,0,1,2019-10-04T17:23:35-07:00,2019-10-04T17:23:35-07:00,0
fastapi,tests/test_tutorial/test_custom_request_and_route/test_tutorial001.py,test_tutorial001.py,tests/test_tutorial/test_custom_request_and_route,Python,.py,36,1278,True,8,64,18,6,2019-10-04T17:23:35-07:00,2026-02-12T05:19:43-08:00,82
fastapi,tests/test_tutorial/test_custom_request_and_route/test_tutorial002.py,test_tutorial002.py,tests/test_tutorial/test_custom_request_and_route,Python,.py,35,1276,True,11,106,62,6,2019-10-04T17:23:35-07:00,2026-02-12T05:19:43-08:00,168
fastapi,tests/test_tutorial/test_custom_request_and_route/test_tutorial003.py,test_tutorial003.py,tests/test_tutorial/test_custom_request_and_route,Python,.py,23,852,True,7,41,9,4,2019-10-04T17:23:35-07:00,2026-02-12T05:19:43-08:00,50
fastapi,tests/test_tutorial/test_custom_response/__init__.py,__init__.py,tests/test_tutorial/test_custom_response,Python,.py,0,0,True,1,0,0,1,2018-12-22T08:47:44+04:00,2018-12-22T08:47:44+04:00,0
fastapi,tests/test_tutorial/test_custom_response/test_tutorial001.py,test_tutorial001.py,tests/test_tutorial/test_custom_response,Python,.py,44,1622,True,16,143,91,4,2018-12-22T08:47:44+04:00,2026-04-16T13:42:00+02:00,234
fastapi,tests/test_tutorial/test_custom_response/test_tutorial001b.py,test_tutorial001b.py,tests/test_tutorial/test_custom_response,Python,.py,39,1547,True,10,96,49,4,2020-03-01T22:30:58+01:00,2026-04-16T13:42:00+02:00,145
fastapi,tests/test_tutorial/test_custom_response/test_tutorial002_tutorial003_tutorial004.py,test_tutorial002_tutorial003_tutorial004.py,tests/test_tutorial/test_custom_response,Python,.py,59,1979,True,4,93,22,2,2025-12-26T11:43:02+01:00,2026-02-12T05:19:43-08:00,115
fastapi,tests/test_tutorial/test_custom_response/test_tutorial005.py,test_tutorial005.py,tests/test_tutorial/test_custom_response,Python,.py,33,1185,True,8,87,48,3,2020-03-01T21:49:20+01:00,2026-02-12T05:19:43-08:00,135
fastapi,tests/test_tutorial/test_custom_response/test_tutorial006.py,test_tutorial006.py,tests/test_tutorial/test_custom_response,Python,.py,31,1194,True,10,85,48,4,2020-03-01T21:49:20+01:00,2026-02-12T05:19:43-08:00,133
fastapi,tests/test_tutorial/test_custom_response/test_tutorial006b.py,test_tutorial006b.py,tests/test_tutorial/test_custom_response,Python,.py,26,1014,True,7,68,36,2,2021-07-03T21:51:28+02:00,2026-02-12T05:19:43-08:00,104
fastapi,tests/test_tutorial/test_custom_response/test_tutorial006c.py,test_tutorial006c.py,tests/test_tutorial/test_custom_response,Python,.py,26,1014,True,8,69,37,3,2021-07-03T21:51:28+02:00,2026-02-12T05:19:43-08:00,106
fastapi,tests/test_tutorial/test_custom_response/test_tutorial007.py,test_tutorial007.py,tests/test_tutorial/test_custom_response,Python,.py,7,270,True,4,14,3,2,2020-03-01T21:49:20+01:00,2026-02-12T05:19:43-08:00,17
fastapi,tests/test_tutorial/test_custom_response/test_tutorial008.py,test_tutorial008.py,tests/test_tutorial/test_custom_response,Python,.py,13,545,True,5,27,9,2,2020-03-01T21:49:20+01:00,2026-06-15T17:53:46+02:00,36
fastapi,tests/test_tutorial/test_custom_response/test_tutorial009.py,test_tutorial009.py,tests/test_tutorial/test_custom_response,Python,.py,13,545,True,4,25,7,1,2021-07-03T21:51:28+02:00,2026-06-15T17:53:46+02:00,32
fastapi,tests/test_tutorial/test_custom_response/test_tutorial009b.py,test_tutorial009b.py,tests/test_tutorial/test_custom_response,Python,.py,13,548,True,4,25,7,1,2021-07-03T21:51:28+02:00,2026-06-15T17:53:46+02:00,32
fastapi,tests/test_tutorial/test_custom_response/test_tutorial009c.py,test_tutorial009c.py,tests/test_tutorial/test_custom_response,Python,.py,8,290,True,4,15,2,2,2022-09-01T11:32:30+02:00,2026-04-16T13:42:00+02:00,17
fastapi,tests/test_tutorial/test_custom_response/test_tutorial010.py,test_tutorial010.py,tests/test_tutorial/test_custom_response,Python,.py,43,1537,True,1,50,0,1,2026-02-22T08:07:19-08:00,2026-02-22T08:07:19-08:00,50
fastapi,tests/test_tutorial/test_dataclasses/__init__.py,__init__.py,tests/test_tutorial/test_dataclasses,Python,.py,0,0,True,1,0,0,1,2023-03-17T22:35:45+02:00,2023-03-17T22:35:45+02:00,0
fastapi,tests/test_tutorial/test_dataclasses/test_tutorial001.py,test_tutorial001.py,tests/test_tutorial/test_dataclasses,Python,.py,131,5307,True,13,366,224,4,2021-07-21T19:54:08+02:00,2026-02-12T05:19:43-08:00,590
fastapi,tests/test_tutorial/test_dataclasses/test_tutorial002.py,test_tutorial002.py,tests/test_tutorial/test_dataclasses,Python,.py,79,2961,True,13,242,154,5,2021-07-21T19:54:08+02:00,2026-02-12T05:19:43-08:00,396
fastapi,tests/test_tutorial/test_dataclasses/test_tutorial003.py,test_tutorial003.py,tests/test_tutorial/test_dataclasses,Python,.py,199,8128,True,16,658,448,5,2021-07-21T19:54:08+02:00,2026-02-12T05:19:43-08:00,1106
fastapi,tests/test_tutorial/test_debugging/__init__.py,__init__.py,tests/test_tutorial/test_debugging,Python,.py,0,0,True,1,0,0,1,2025-12-26T11:43:02+01:00,2025-12-26T11:43:02+01:00,0
fastapi,tests/test_tutorial/test_debugging/test_tutorial001.py,test_tutorial001.py,tests/test_tutorial/test_debugging,Python,.py,52,1931,True,4,88,23,2,2025-12-26T11:43:02+01:00,2026-06-15T17:53:46+02:00,111
fastapi,tests/test_tutorial/test_dependencies/__init__.py,__init__.py,tests/test_tutorial/test_dependencies,Python,.py,0,0,True,1,0,0,1,2018-12-18T21:59:06+04:00,2018-12-18T21:59:06+04:00,0
fastapi,tests/test_tutorial/test_dependencies/test_tutorial001_tutorial001_02.py,test_tutorial001_tutorial001_02.py,tests/test_tutorial/test_dependencies,Python,.py,183,7880,True,4,323,131,3,2025-12-26T11:43:02+01:00,2026-02-12T05:19:43-08:00,454
fastapi,tests/test_tutorial/test_dependencies/test_tutorial002_tutorial003_tutorial004.py,test_tutorial002_tutorial003_tutorial004.py,tests/test_tutorial/test_dependencies,Python,.py,171,6477,True,4,267,87,3,2025-12-26T11:43:02+01:00,2026-02-12T05:19:43-08:00,354
fastapi,tests/test_tutorial/test_dependencies/test_tutorial005.py,test_tutorial005.py,tests/test_tutorial/test_dependencies,Python,.py,135,5129,True,4,217,73,3,2025-12-26T11:43:02+01:00,2026-02-12T05:19:43-08:00,290
fastapi,tests/test_tutorial/test_dependencies/test_tutorial006.py,test_tutorial006.py,tests/test_tutorial/test_dependencies,Python,.py,136,5436,True,16,371,221,6,2019-05-16T18:07:00+04:00,2026-02-12T05:19:43-08:00,592
fastapi,tests/test_tutorial/test_dependencies/test_tutorial007.py,test_tutorial007.py,tests/test_tutorial/test_dependencies,Python,.py,18,644,True,2,26,2,2,2025-12-26T11:43:02+01:00,2026-02-12T05:19:43-08:00,28
fastapi,tests/test_tutorial/test_dependencies/test_tutorial008.py,test_tutorial008.py,tests/test_tutorial/test_dependencies,Python,.py,54,1525,True,3,68,4,3,2025-12-26T11:43:02+01:00,2026-02-12T05:19:43-08:00,72
fastapi,tests/test_tutorial/test_dependencies/test_tutorial008b.py,test_tutorial008b.py,tests/test_tutorial/test_dependencies,Python,.py,26,1032,True,5,49,13,2,2023-12-25T18:57:35+01:00,2026-02-12T05:19:43-08:00,62
fastapi,tests/test_tutorial/test_dependencies/test_tutorial008c.py,test_tutorial008c.py,tests/test_tutorial/test_dependencies,Python,.py,35,1414,True,5,67,20,2,2024-02-25T00:06:37+01:00,2026-02-12T05:19:43-08:00,87
fastapi,tests/test_tutorial/test_dependencies/test_tutorial008d.py,test_tutorial008d.py,tests/test_tutorial/test_dependencies,Python,.py,36,1395,True,4,70,22,2,2024-02-25T00:06:37+01:00,2026-02-12T05:19:43-08:00,92
fastapi,tests/test_tutorial/test_dependencies/test_tutorial008e.py,test_tutorial008e.py,tests/test_tutorial/test_dependencies,Python,.py,18,576,True,3,31,7,1,2025-11-03T11:12:49+01:00,2026-02-12T05:19:43-08:00,38
fastapi,tests/test_tutorial/test_dependencies/test_tutorial010.py,test_tutorial010.py,tests/test_tutorial/test_dependencies,Python,.py,20,690,True,2,31,2,2,2025-12-26T11:43:02+01:00,2026-02-12T05:19:43-08:00,33
fastapi,tests/test_tutorial/test_dependencies/test_tutorial011.py,test_tutorial011.py,tests/test_tutorial/test_dependencies,Python,.py,119,4514,True,4,193,66,3,2025-12-26T11:43:02+01:00,2026-02-12T05:19:43-08:00,259
fastapi,tests/test_tutorial/test_dependencies/test_tutorial012.py,test_tutorial012.py,tests/test_tutorial/test_dependencies,Python,.py,211,8599,True,12,569,336,4,2020-11-29T18:32:18+01:00,2026-02-12T05:19:43-08:00,905
fastapi,tests/test_tutorial/test_encoder/__init__.py,__init__.py,tests/test_tutorial/test_encoder,Python,.py,0,0,True,1,0,0,1,2025-12-26T11:43:02+01:00,2025-12-26T11:43:02+01:00,0
fastapi,tests/test_tutorial/test_encoder/test_tutorial001.py,test_tutorial001.py,tests/test_tutorial/test_encoder,Python,.py,198,7533,True,4,317,105,3,2025-12-26T11:43:02+01:00,2026-02-12T05:19:43-08:00,422
fastapi,tests/test_tutorial/test_events/__init__.py,__init__.py,tests/test_tutorial/test_events,Python,.py,0,0,True,1,0,0,1,2019-03-24T12:45:46+04:00,2019-03-24T12:45:46+04:00,0
fastapi,tests/test_tutorial/test_events/test_tutorial001.py,test_tutorial001.py,tests/test_tutorial/test_events,Python,.py,94,4256,True,16,248,148,6,2019-03-24T12:45:46+04:00,2026-02-12T05:19:43-08:00,396
fastapi,tests/test_tutorial/test_events/test_tutorial002.py,test_tutorial002.py,tests/test_tutorial/test_events,Python,.py,43,1623,True,13,101,51,4,2019-03-24T12:45:46+04:00,2026-02-27T11:53:47+01:00,152
fastapi,tests/test_tutorial/test_events/test_tutorial003.py,test_tutorial003.py,tests/test_tutorial/test_events,Python,.py,95,4302,True,7,235,135,3,2023-03-07T09:46:00-06:00,2026-02-12T05:19:43-08:00,370
fastapi,tests/test_tutorial/test_extending_openapi/__init__.py,__init__.py,tests/test_tutorial/test_extending_openapi,Python,.py,0,0,True,1,0,0,1,2019-03-30T19:53:44+04:00,2019-03-30T19:53:44+04:00,0
fastapi,tests/test_tutorial/test_extending_openapi/test_tutorial001.py,test_tutorial001.py,tests/test_tutorial/test_extending_openapi,Python,.py,44,1712,True,10,114,64,3,2019-03-30T19:53:44+04:00,2026-02-12T05:19:43-08:00,178
fastapi,tests/test_tutorial/test_extra_data_types/__init__.py,__init__.py,tests/test_tutorial/test_extra_data_types,Python,.py,0,0,True,1,0,0,1,2018-12-22T14:35:48+04:00,2018-12-22T14:35:48+04:00,0
fastapi,tests/test_tutorial/test_extra_data_types/test_tutorial001.py,test_tutorial001.py,tests/test_tutorial/test_extra_data_types,Python,.py,154,6484,True,19,485,322,8,2018-12-22T14:35:48+04:00,2026-02-12T05:19:43-08:00,807
fastapi,tests/test_tutorial/test_extra_models/__init__.py,__init__.py,tests/test_tutorial/test_extra_models,Python,.py,0,0,True,1,0,0,1,2019-03-25T23:28:09+04:00,2019-03-25T23:28:09+04:00,0
fastapi,tests/test_tutorial/test_extra_models/test_tutorial001_tutorial002.py,test_tutorial001_tutorial002.py,tests/test_tutorial/test_extra_models,Python,.py,152,6259,True,4,258,97,3,2025-12-26T11:43:02+01:00,2026-02-12T05:19:43-08:00,355
fastapi,tests/test_tutorial/test_extra_models/test_tutorial003.py,test_tutorial003.py,tests/test_tutorial/test_extra_models,Python,.py,147,6250,True,17,373,215,7,2019-03-25T23:28:09+04:00,2026-02-12T05:19:43-08:00,588
fastapi,tests/test_tutorial/test_extra_models/test_tutorial004.py,test_tutorial004.py,tests/test_tutorial/test_extra_models,Python,.py,67,2558,True,14,175,100,5,2019-03-25T23:28:09+04:00,2026-02-12T05:19:43-08:00,275
fastapi,tests/test_tutorial/test_extra_models/test_tutorial005.py,test_tutorial005.py,tests/test_tutorial/test_extra_models,Python,.py,49,1911,True,14,133,76,6,2019-06-20T11:31:32+02:00,2026-02-12T05:19:43-08:00,209
fastapi,tests/test_tutorial/test_first_steps/__init__.py,__init__.py,tests/test_tutorial/test_first_steps,Python,.py,0,0,True,1,0,0,1,2018-12-18T21:59:06+04:00,2018-12-18T21:59:06+04:00,0
fastapi,tests/test_tutorial/test_first_steps/test_tutorial001_tutorial002_tutorial003.py,test_tutorial001_tutorial002_tutorial003.py,tests/test_tutorial/test_first_steps,Python,.py,49,1606,True,3,75,19,2,2025-12-26T11:43:02+01:00,2026-02-12T05:19:43-08:00,94
fastapi,tests/test_tutorial/test_generate_clients/__init__.py,__init__.py,tests/test_tutorial/test_generate_clients,Python,.py,0,0,True,1,0,0,1,2022-03-04T14:02:18-08:00,2022-03-04T14:02:18-08:00,0
fastapi,tests/test_tutorial/test_generate_clients/test_tutorial001.py,test_tutorial001.py,tests/test_tutorial/test_generate_clients,Python,.py,144,6149,True,4,242,89,3,2025-12-26T11:43:02+01:00,2026-02-12T05:19:43-08:00,331
fastapi,tests/test_tutorial/test_generate_clients/test_tutorial002.py,test_tutorial002.py,tests/test_tutorial/test_generate_clients,Python,.py,188,8298,True,4,326,128,3,2025-12-26T11:43:02+01:00,2026-02-12T05:19:43-08:00,454
fastapi,tests/test_tutorial/test_generate_clients/test_tutorial003.py,test_tutorial003.py,tests/test_tutorial/test_generate_clients,Python,.py,188,8276,True,8,483,285,2,2022-03-04T14:02:18-08:00,2026-02-12T05:19:43-08:00,768
fastapi,tests/test_tutorial/test_generate_clients/test_tutorial004.py,test_tutorial004.py,tests/test_tutorial/test_generate_clients,Python,.py,230,9511,True,4,409,173,3,2025-12-26T11:43:02+01:00,2026-02-12T05:19:43-08:00,582
fastapi,tests/test_tutorial/test_graphql/__init__.py,__init__.py,tests/test_tutorial/test_graphql,Python,.py,0,0,True,1,0,0,1,2025-12-26T11:43:02+01:00,2025-12-26T11:43:02+01:00,0
fastapi,tests/test_tutorial/test_graphql/test_tutorial001.py,test_tutorial001.py,tests/test_tutorial/test_graphql,Python,.py,64,2501,True,3,106,33,2,2025-12-26T11:43:02+01:00,2026-02-12T05:19:43-08:00,139
fastapi,tests/test_tutorial/test_handling_errors/__init__.py,__init__.py,tests/test_tutorial/test_handling_errors,Python,.py,0,0,True,1,0,0,1,2019-02-16T17:01:29+04:00,2019-02-16T17:01:29+04:00,0
fastapi,tests/test_tutorial/test_handling_errors/test_tutorial001.py,test_tutorial001.py,tests/test_tutorial/test_handling_errors,Python,.py,89,3831,True,14,243,146,6,2019-02-16T17:01:29+04:00,2026-02-12T05:19:43-08:00,389
fastapi,tests/test_tutorial/test_handling_errors/test_tutorial002.py,test_tutorial002.py,tests/test_tutorial/test_handling_errors,Python,.py,89,3904,True,15,244,147,7,2019-02-16T17:01:29+04:00,2026-02-12T05:19:43-08:00,391
fastapi,tests/test_tutorial/test_handling_errors/test_tutorial003.py,test_tutorial003.py,tests/test_tutorial/test_handling_errors,Python,.py,90,3827,True,12,241,143,5,2019-05-29T16:27:55+04:00,2026-02-12T05:19:43-08:00,384
fastapi,tests/test_tutorial/test_handling_errors/test_tutorial004.py,test_tutorial004.py,tests/test_tutorial/test_handling_errors,Python,.py,93,3985,True,16,267,164,6,2019-05-29T16:27:55+04:00,2026-02-12T05:19:43-08:00,431
fastapi,tests/test_tutorial/test_handling_errors/test_tutorial005.py,test_tutorial005.py,tests/test_tutorial/test_handling_errors,Python,.py,108,4533,True,18,350,234,8,2019-05-29T16:27:55+04:00,2026-02-12T05:19:43-08:00,584
fastapi,tests/test_tutorial/test_handling_errors/test_tutorial006.py,test_tutorial006.py,tests/test_tutorial/test_handling_errors,Python,.py,101,4196,True,15,290,179,6,2020-01-17T13:37:44+02:00,2026-02-12T05:19:43-08:00,469
fastapi,tests/test_tutorial/test_header_param_models/__init__.py,__init__.py,tests/test_tutorial/test_header_param_models,Python,.py,0,0,True,1,0,0,1,2024-09-17T20:54:10+02:00,2024-09-17T20:54:10+02:00,0
fastapi,tests/test_tutorial/test_header_param_models/test_tutorial001.py,test_tutorial001.py,tests/test_tutorial/test_header_param_models,Python,.py,195,7682,True,7,271,61,3,2024-09-17T20:54:10+02:00,2026-05-27T12:47:28+02:00,332
fastapi,tests/test_tutorial/test_header_param_models/test_tutorial002.py,test_tutorial002.py,tests/test_tutorial/test_header_param_models,Python,.py,189,7440,True,7,284,80,2,2024-09-17T20:54:10+02:00,2026-02-12T05:19:43-08:00,364
fastapi,tests/test_tutorial/test_header_param_models/test_tutorial003.py,test_tutorial003.py,tests/test_tutorial/test_header_param_models,Python,.py,232,8948,True,7,336,87,4,2025-03-23T20:48:54Z,2026-05-27T12:47:28+02:00,423
fastapi,tests/test_tutorial/test_header_params/__init__.py,__init__.py,tests/test_tutorial/test_header_params,Python,.py,0,0,True,1,0,0,1,2018-12-18T22:33:59+04:00,2018-12-18T22:33:59+04:00,0
fastapi,tests/test_tutorial/test_header_params/test_tutorial001.py,test_tutorial001.py,tests/test_tutorial/test_header_params,Python,.py,107,4452,True,16,279,163,5,2018-12-18T22:33:59+04:00,2026-02-12T05:19:43-08:00,442
fastapi,tests/test_tutorial/test_header_params/test_tutorial002.py,test_tutorial002.py,tests/test_tutorial/test_header_params,Python,.py,118,4674,True,10,282,155,3,2023-03-18T13:29:59+01:00,2026-02-12T05:19:43-08:00,437
fastapi,tests/test_tutorial/test_header_params/test_tutorial003.py,test_tutorial003.py,tests/test_tutorial/test_header_params,Python,.py,115,4655,True,11,235,111,5,2023-03-18T13:29:59+01:00,2026-02-12T05:19:43-08:00,346
fastapi,tests/test_tutorial/test_json_base64_bytes/__init__.py,__init__.py,tests/test_tutorial/test_json_base64_bytes,Python,.py,0,0,True,1,0,0,1,2026-02-21T05:01:31-08:00,2026-02-21T05:01:31-08:00,0
fastapi,tests/test_tutorial/test_json_base64_bytes/test_tutorial001.py,test_tutorial001.py,tests/test_tutorial/test_json_base64_bytes,Python,.py,212,9117,True,1,225,0,1,2026-02-21T05:01:31-08:00,2026-02-21T05:01:31-08:00,225
fastapi,tests/test_tutorial/test_metadata/__init__.py,__init__.py,tests/test_tutorial/test_metadata,Python,.py,0,0,True,1,0,0,1,2020-04-02T07:55:20+03:00,2020-04-02T07:55:20+03:00,0
fastapi,tests/test_tutorial/test_metadata/test_tutorial001.py,test_tutorial001.py,tests/test_tutorial/test_metadata,Python,.py,46,1959,True,9,134,82,5,2020-04-02T07:55:20+03:00,2026-02-12T05:19:43-08:00,216
fastapi,tests/test_tutorial/test_metadata/test_tutorial001_1.py,test_tutorial001_1.py,tests/test_tutorial/test_metadata,Python,.py,46,1930,True,5,86,34,2,2023-06-30T20:25:16+02:00,2026-02-12T05:19:43-08:00,120
fastapi,tests/test_tutorial/test_metadata/test_tutorial002.py,test_tutorial002.py,tests/test_tutorial/test_metadata,Python,.py,37,1330,True,3,66,21,2,2025-12-26T11:43:02+01:00,2026-02-12T05:19:43-08:00,87
fastapi,tests/test_tutorial/test_metadata/test_tutorial003.py,test_tutorial003.py,tests/test_tutorial/test_metadata,Python,.py,44,1634,True,3,77,21,2,2025-12-26T11:43:02+01:00,2026-02-12T05:19:43-08:00,98
fastapi,tests/test_tutorial/test_metadata/test_tutorial004.py,test_tutorial004.py,tests/test_tutorial/test_metadata,Python,.py,60,2324,True,7,166,100,3,2020-06-13T07:58:06-04:00,2026-02-12T05:19:43-08:00,266
fastapi,tests/test_tutorial/test_middleware/__init__.py,__init__.py,tests/test_tutorial/test_middleware,Python,.py,0,0,True,1,0,0,1,2025-12-26T11:43:02+01:00,2025-12-26T11:43:02+01:00,0
fastapi,tests/test_tutorial/test_middleware/test_tutorial001.py,test_tutorial001.py,tests/test_tutorial/test_middleware,Python,.py,21,694,True,3,36,9,2,2025-12-26T11:43:02+01:00,2026-02-12T05:19:43-08:00,45
fastapi,tests/test_tutorial/test_openapi_callbacks/__init__.py,__init__.py,tests/test_tutorial/test_openapi_callbacks,Python,.py,0,0,True,1,0,0,1,2019-12-11T18:58:01+02:00,2019-12-11T18:58:01+02:00,0
fastapi,tests/test_tutorial/test_openapi_callbacks/test_tutorial001.py,test_tutorial001.py,tests/test_tutorial/test_openapi_callbacks,Python,.py,196,9656,True,15,543,335,7,2019-12-11T18:58:01+02:00,2026-02-12T05:19:43-08:00,878
fastapi,tests/test_tutorial/test_openapi_webhooks/__init__.py,__init__.py,tests/test_tutorial/test_openapi_webhooks,Python,.py,0,0,True,1,0,0,1,2023-06-30T20:25:16+02:00,2023-06-30T20:25:16+02:00,0
fastapi,tests/test_tutorial/test_openapi_webhooks/test_tutorial001.py,test_tutorial001.py,tests/test_tutorial/test_openapi_webhooks,Python,.py,121,5313,True,7,216,87,3,2023-06-30T20:25:16+02:00,2026-06-15T17:53:46+02:00,303
fastapi,tests/test_tutorial/test_path_operation_advanced_configurations/__init__.py,__init__.py,tests/test_tutorial/test_path_operation_advanced_configurations,Python,.py,0,0,True,1,0,0,1,2018-12-28T16:10:29+04:00,2018-12-28T16:10:29+04:00,0
fastapi,tests/test_tutorial/test_path_operation_advanced_configurations/test_tutorial001.py,test_tutorial001.py,tests/test_tutorial/test_path_operation_advanced_configurations,Python,.py,31,1172,True,11,88,51,3,2018-12-28T16:10:29+04:00,2026-02-12T05:19:43-08:00,139
fastapi,tests/test_tutorial/test_path_operation_advanced_configurations/test_tutorial002.py,test_tutorial002.py,tests/test_tutorial/test_path_operation_advanced_configurations,Python,.py,31,1155,True,11,88,51,4,2018-12-28T16:10:29+04:00,2026-02-12T05:19:43-08:00,139
fastapi,tests/test_tutorial/test_path_operation_advanced_configurations/test_tutorial003.py,test_tutorial003.py,tests/test_tutorial/test_path_operation_advanced_configurations,Python,.py,18,658,True,11,142,118,5,2019-10-04T22:02:40+02:00,2026-02-12T05:19:43-08:00,260
fastapi,tests/test_tutorial/test_path_operation_advanced_configurations/test_tutorial004.py,test_tutorial004.py,tests/test_tutorial/test_path_operation_advanced_configurations,Python,.py,133,5741,True,19,491,349,8,2019-11-24T09:00:51-05:00,2026-02-12T05:19:43-08:00,840
fastapi,tests/test_tutorial/test_path_operation_advanced_configurations/test_tutorial005.py,test_tutorial005.py,tests/test_tutorial/test_path_operation_advanced_configurations,Python,.py,31,1173,True,6,83,46,2,2021-07-29T16:01:13-04:00,2026-02-12T05:19:43-08:00,129
fastapi,tests/test_tutorial/test_path_operation_advanced_configurations/test_tutorial006.py,test_tutorial006.py,tests/test_tutorial/test_path_operation_advanced_configurations,Python,.py,54,2186,True,7,135,75,3,2021-07-29T16:01:13-04:00,2026-02-12T05:19:43-08:00,210
fastapi,tests/test_tutorial/test_path_operation_advanced_configurations/test_tutorial007.py,test_tutorial007.py,tests/test_tutorial/test_path_operation_advanced_configurations,Python,.py,106,3675,True,11,224,106,4,2021-07-29T16:01:13-04:00,2026-02-12T05:19:43-08:00,330
fastapi,tests/test_tutorial/test_path_operation_configurations/__init__.py,__init__.py,tests/test_tutorial/test_path_operation_configurations,Python,.py,0,0,True,1,0,0,1,2018-12-28T16:10:29+04:00,2018-12-28T16:10:29+04:00,0
fastapi,tests/test_tutorial/test_path_operation_configurations/test_tutorial001.py,test_tutorial001.py,tests/test_tutorial/test_path_operation_configurations,Python,.py,182,7100,True,4,302,112,3,2025-12-26T11:43:02+01:00,2026-02-12T05:19:43-08:00,414
fastapi,tests/test_tutorial/test_path_operation_configurations/test_tutorial002.py,test_tutorial002.py,tests/test_tutorial/test_path_operation_configurations,Python,.py,215,8557,True,4,361,134,3,2025-12-26T11:43:02+01:00,2026-02-12T05:19:43-08:00,495
fastapi,tests/test_tutorial/test_path_operation_configurations/test_tutorial002b.py,test_tutorial002b.py,tests/test_tutorial/test_path_operation_configurations,Python,.py,49,1913,True,6,130,73,1,2022-01-23T18:43:04+01:00,2026-02-12T05:19:43-08:00,203
fastapi,tests/test_tutorial/test_path_operation_configurations/test_tutorial003_tutorial004.py,test_tutorial003_tutorial004.py,tests/test_tutorial/test_path_operation_configurations,Python,.py,198,7878,True,5,327,116,3,2025-12-26T11:43:02+01:00,2026-02-12T05:19:43-08:00,443
fastapi,tests/test_tutorial/test_path_operation_configurations/test_tutorial005.py,test_tutorial005.py,tests/test_tutorial/test_path_operation_configurations,Python,.py,132,5702,True,19,490,349,6,2018-12-28T16:10:29+04:00,2026-02-12T05:19:43-08:00,839
fastapi,tests/test_tutorial/test_path_operation_configurations/test_tutorial006.py,test_tutorial006.py,tests/test_tutorial/test_path_operation_configurations,Python,.py,68,2652,True,11,182,108,3,2018-12-28T16:10:29+04:00,2026-02-12T05:19:43-08:00,290
fastapi,tests/test_tutorial/test_path_params/__init__.py,__init__.py,tests/test_tutorial/test_path_params,Python,.py,0,0,True,1,0,0,1,2019-05-29T13:34:46+04:00,2019-05-29T13:34:46+04:00,0
fastapi,tests/test_tutorial/test_path_params/test_tutorial001.py,test_tutorial001.py,tests/test_tutorial/test_path_params,Python,.py,115,4584,True,4,198,77,3,2025-12-26T11:43:02+01:00,2026-02-12T05:19:43-08:00,275
fastapi,tests/test_tutorial/test_path_params/test_tutorial002.py,test_tutorial002.py,tests/test_tutorial/test_path_params,Python,.py,121,4876,True,4,207,78,3,2025-12-26T11:43:02+01:00,2026-02-12T05:19:43-08:00,285
fastapi,tests/test_tutorial/test_path_params/test_tutorial003.py,test_tutorial003.py,tests/test_tutorial/test_path_params,Python,.py,132,5323,True,4,227,89,3,2025-12-26T11:43:02+01:00,2026-02-12T05:19:43-08:00,316
fastapi,tests/test_tutorial/test_path_params/test_tutorial003b.py,test_tutorial003b.py,tests/test_tutorial/test_path_params,Python,.py,38,1430,True,3,64,17,2,2025-12-26T11:43:02+01:00,2026-02-12T05:19:43-08:00,81
fastapi,tests/test_tutorial/test_path_params/test_tutorial004.py,test_tutorial004.py,tests/test_tutorial/test_path_params,Python,.py,90,3902,True,14,244,146,7,2019-05-29T13:34:46+04:00,2026-02-12T05:19:43-08:00,390
fastapi,tests/test_tutorial/test_path_params/test_tutorial005.py,test_tutorial005.py,tests/test_tutorial/test_path_params,Python,.py,111,4710,True,21,451,328,7,2019-05-30T17:40:43+04:00,2026-02-12T05:19:43-08:00,779
fastapi,tests/test_tutorial/test_path_params_numeric_validations/__init__.py,__init__.py,tests/test_tutorial/test_path_params_numeric_validations,Python,.py,0,0,True,1,0,0,1,2025-12-26T11:43:02+01:00,2025-12-26T11:43:02+01:00,0
fastapi,tests/test_tutorial/test_path_params_numeric_validations/test_tutorial001.py,test_tutorial001.py,tests/test_tutorial/test_path_params_numeric_validations,Python,.py,157,6280,True,4,264,97,3,2025-12-26T11:43:02+01:00,2026-02-12T05:19:43-08:00,361
fastapi,tests/test_tutorial/test_path_params_numeric_validations/test_tutorial002_tutorial003.py,test_tutorial002_tutorial003.py,tests/test_tutorial/test_path_params_numeric_validations,Python,.py,164,6348,True,4,267,92,3,2025-12-26T11:43:02+01:00,2026-02-12T05:19:43-08:00,359
fastapi,tests/test_tutorial/test_path_params_numeric_validations/test_tutorial004.py,test_tutorial004.py,tests/test_tutorial/test_path_params_numeric_validations,Python,.py,177,6793,True,4,281,91,3,2025-12-26T11:43:02+01:00,2026-02-12T05:19:43-08:00,372
fastapi,tests/test_tutorial/test_path_params_numeric_validations/test_tutorial005.py,test_tutorial005.py,tests/test_tutorial/test_path_params_numeric_validations,Python,.py,192,7347,True,4,299,92,3,2025-12-26T11:43:02+01:00,2026-02-12T05:19:43-08:00,391
fastapi,tests/test_tutorial/test_path_params_numeric_validations/test_tutorial006.py,test_tutorial006.py,tests/test_tutorial/test_path_params_numeric_validations,Python,.py,211,8076,True,4,328,102,3,2025-12-26T11:43:02+01:00,2026-02-12T05:19:43-08:00,430
fastapi,tests/test_tutorial/test_python_types/__init__.py,__init__.py,tests/test_tutorial/test_python_types,Python,.py,0,0,True,1,0,0,1,2025-12-26T11:43:02+01:00,2025-12-26T11:43:02+01:00,0
fastapi,tests/test_tutorial/test_python_types/test_tutorial001_tutorial002.py,test_tutorial001_tutorial002.py,tests/test_tutorial/test_python_types,Python,.py,14,400,True,2,20,2,2,2025-12-26T11:43:02+01:00,2026-02-12T05:19:43-08:00,22
fastapi,tests/test_tutorial/test_python_types/test_tutorial003.py,test_tutorial003.py,tests/test_tutorial/test_python_types,Python,.py,7,346,True,3,14,2,2,2025-12-26T11:43:02+01:00,2026-06-15T17:53:46+02:00,16
fastapi,tests/test_tutorial/test_python_types/test_tutorial004.py,test_tutorial004.py,tests/test_tutorial/test_python_types,Python,.py,3,178,True,2,6,1,2,2025-12-26T11:43:02+01:00,2026-02-12T05:19:43-08:00,7
fastapi,tests/test_tutorial/test_python_types/test_tutorial005.py,test_tutorial005.py,tests/test_tutorial/test_python_types,Python,.py,10,420,True,3,17,5,2,2025-12-26T11:43:02+01:00,2026-06-15T17:53:46+02:00,22
fastapi,tests/test_tutorial/test_python_types/test_tutorial006.py,test_tutorial006.py,tests/test_tutorial/test_python_types,Python,.py,12,427,True,2,17,1,2,2025-12-26T11:43:02+01:00,2026-02-12T05:19:43-08:00,18
fastapi,tests/test_tutorial/test_python_types/test_tutorial007.py,test_tutorial007.py,tests/test_tutorial/test_python_types,Python,.py,5,221,True,2,9,1,2,2025-12-26T11:43:02+01:00,2026-02-12T05:19:43-08:00,10
fastapi,tests/test_tutorial/test_python_types/test_tutorial008.py,test_tutorial008.py,tests/test_tutorial/test_python_types,Python,.py,13,418,True,2,18,1,2,2025-12-26T11:43:02+01:00,2026-02-12T05:19:43-08:00,19
fastapi,tests/test_tutorial/test_python_types/test_tutorial008b.py,test_tutorial008b.py,tests/test_tutorial/test_python_types,Python,.py,20,638,True,2,28,1,2,2025-12-26T11:43:02+01:00,2026-02-12T05:19:43-08:00,29
fastapi,tests/test_tutorial/test_python_types/test_tutorial009_tutorial009b.py,test_tutorial009_tutorial009b.py,tests/test_tutorial/test_python_types,Python,.py,25,763,True,2,34,2,2,2025-12-26T11:43:02+01:00,2026-02-12T05:19:43-08:00,36
fastapi,tests/test_tutorial/test_python_types/test_tutorial010.py,test_tutorial010.py,tests/test_tutorial/test_python_types,Python,.py,3,167,True,2,6,1,2,2025-12-26T11:43:02+01:00,2026-02-12T05:19:43-08:00,7
fastapi,tests/test_tutorial/test_python_types/test_tutorial011.py,test_tutorial011.py,tests/test_tutorial/test_python_types,Python,.py,19,649,True,2,25,1,2,2025-12-26T11:43:02+01:00,2026-02-12T05:19:43-08:00,26
fastapi,tests/test_tutorial/test_python_types/test_tutorial013.py,test_tutorial013.py,tests/test_tutorial/test_python_types,Python,.py,3,137,True,2,6,1,2,2025-12-26T11:43:02+01:00,2026-02-12T05:19:43-08:00,7
fastapi,tests/test_tutorial/test_query_param_models/__init__.py,__init__.py,tests/test_tutorial/test_query_param_models,Python,.py,0,0,True,1,0,0,1,2024-09-17T20:54:10+02:00,2024-09-17T20:54:10+02:00,0
fastapi,tests/test_tutorial/test_query_param_models/test_tutorial001.py,test_tutorial001.py,tests/test_tutorial/test_query_param_models,Python,.py,212,8024,True,5,290,63,2,2024-09-17T20:54:10+02:00,2026-02-12T05:19:43-08:00,353
fastapi,tests/test_tutorial/test_query_param_models/test_tutorial002.py,test_tutorial002.py,tests/test_tutorial/test_query_param_models,Python,.py,218,8214,True,6,325,92,2,2024-09-17T20:54:10+02:00,2026-02-12T05:19:43-08:00,417
fastapi,tests/test_tutorial/test_query_params/__init__.py,__init__.py,tests/test_tutorial/test_query_params,Python,.py,0,0,True,1,0,0,1,2018-12-18T23:38:38+04:00,2018-12-18T23:38:38+04:00,0
fastapi,tests/test_tutorial/test_query_params/test_tutorial001.py,test_tutorial001.py,tests/test_tutorial/test_query_params,Python,.py,125,4815,True,4,206,73,3,2025-12-26T11:43:02+01:00,2026-02-12T05:19:43-08:00,279
fastapi,tests/test_tutorial/test_query_params/test_tutorial002.py,test_tutorial002.py,tests/test_tutorial/test_query_params,Python,.py,124,4856,True,4,209,76,3,2025-12-26T11:43:02+01:00,2026-02-12T05:19:43-08:00,285
fastapi,tests/test_tutorial/test_query_params/test_tutorial003.py,test_tutorial003.py,tests/test_tutorial/test_query_params,Python,.py,145,5646,True,4,239,85,3,2025-12-26T11:43:02+01:00,2026-02-12T05:19:43-08:00,324
fastapi,tests/test_tutorial/test_query_params/test_tutorial004.py,test_tutorial004.py,tests/test_tutorial/test_query_params,Python,.py,153,6086,True,4,253,91,3,2025-12-26T11:43:02+01:00,2026-02-12T05:19:43-08:00,344
fastapi,tests/test_tutorial/test_query_params/test_tutorial005.py,test_tutorial005.py,tests/test_tutorial/test_query_params,Python,.py,103,4234,True,16,308,197,5,2018-12-18T23:38:38+04:00,2026-02-12T05:19:43-08:00,505
fastapi,tests/test_tutorial/test_query_params/test_tutorial006.py,test_tutorial006.py,tests/test_tutorial/test_query_params,Python,.py,150,5984,True,17,453,292,6,2018-12-18T23:38:38+04:00,2026-02-12T05:19:43-08:00,745
fastapi,tests/test_tutorial/test_query_params_str_validations/__init__.py,__init__.py,tests/test_tutorial/test_query_params_str_validations,Python,.py,0,0,True,1,0,0,1,2018-12-22T18:47:05+04:00,2018-12-22T18:47:05+04:00,0
fastapi,tests/test_tutorial/test_query_params_str_validations/test_tutorial001.py,test_tutorial001.py,tests/test_tutorial/test_query_params_str_validations,Python,.py,114,4738,True,13,324,197,6,2018-12-22T18:47:05+04:00,2026-02-12T05:19:43-08:00,521
fastapi,tests/test_tutorial/test_query_params_str_validations/test_tutorial002.py,test_tutorial002.py,tests/test_tutorial/test_query_params_str_validations,Python,.py,132,5446,True,4,219,72,3,2025-12-26T11:43:02+01:00,2026-02-12T05:19:43-08:00,291
fastapi,tests/test_tutorial/test_query_params_str_validations/test_tutorial003.py,test_tutorial003.py,tests/test_tutorial/test_query_params_str_validations,Python,.py,143,5745,True,4,231,73,3,2025-12-26T11:43:02+01:00,2026-02-12T05:19:43-08:00,304
fastapi,tests/test_tutorial/test_query_params_str_validations/test_tutorial004.py,test_tutorial004.py,tests/test_tutorial/test_query_params_str_validations,Python,.py,130,5381,True,5,227,84,3,2025-12-26T04:45:20-08:00,2026-02-12T05:19:43-08:00,311
fastapi,tests/test_tutorial/test_query_params_str_validations/test_tutorial005.py,test_tutorial005.py,tests/test_tutorial/test_query_params_str_validations,Python,.py,126,4971,True,4,206,68,3,2025-12-26T11:43:02+01:00,2026-02-12T05:19:43-08:00,274
fastapi,tests/test_tutorial/test_query_params_str_validations/test_tutorial006.py,test_tutorial006.py,tests/test_tutorial/test_query_params_str_validations,Python,.py,131,5057,True,4,210,67,3,2025-12-26T11:43:02+01:00,2026-02-12T05:19:43-08:00,277
fastapi,tests/test_tutorial/test_query_params_str_validations/test_tutorial006c.py,test_tutorial006c.py,tests/test_tutorial/test_query_params_str_validations,Python,.py,139,5584,True,4,222,69,3,2025-12-26T11:43:02+01:00,2026-02-12T05:19:43-08:00,291
fastapi,tests/test_tutorial/test_query_params_str_validations/test_tutorial007.py,test_tutorial007.py,tests/test_tutorial/test_query_params_str_validations,Python,.py,128,5226,True,4,213,72,3,2025-12-26T11:43:02+01:00,2026-02-12T05:19:43-08:00,285
fastapi,tests/test_tutorial/test_query_params_str_validations/test_tutorial008.py,test_tutorial008.py,tests/test_tutorial/test_query_params_str_validations,Python,.py,130,5482,True,4,216,73,3,2025-12-26T11:43:02+01:00,2026-02-12T05:19:43-08:00,289
fastapi,tests/test_tutorial/test_query_params_str_validations/test_tutorial009.py,test_tutorial009.py,tests/test_tutorial/test_query_params_str_validations,Python,.py,115,4865,True,4,197,69,3,2025-12-26T11:43:02+01:00,2026-02-12T05:19:43-08:00,266
fastapi,tests/test_tutorial/test_query_params_str_validations/test_tutorial010.py,test_tutorial010.py,tests/test_tutorial/test_query_params_str_validations,Python,.py,141,6000,True,13,452,294,5,2023-03-18T13:29:59+01:00,2026-02-12T05:19:43-08:00,746
fastapi,tests/test_tutorial/test_query_params_str_validations/test_tutorial011.py,test_tutorial011.py,tests/test_tutorial/test_query_params_str_validations,Python,.py,110,4482,True,17,308,187,6,2019-03-22T21:47:54+04:00,2026-02-12T05:19:43-08:00,495
fastapi,tests/test_tutorial/test_query_params_str_validations/test_tutorial012.py,test_tutorial012.py,tests/test_tutorial/test_query_params_str_validations,Python,.py,108,4380,True,13,282,164,6,2019-05-30T17:40:43+04:00,2026-02-12T05:19:43-08:00,446
fastapi,tests/test_tutorial/test_query_params_str_validations/test_tutorial013.py,test_tutorial013.py,tests/test_tutorial/test_query_params_str_validations,Python,.py,108,4301,True,15,284,166,7,2019-06-03T21:59:40+04:00,2026-02-12T05:19:43-08:00,450
fastapi,tests/test_tutorial/test_query_params_str_validations/test_tutorial014.py,test_tutorial014.py,tests/test_tutorial/test_query_params_str_validations,Python,.py,94,3852,True,9,236,131,4,2022-01-23T23:54:59+08:00,2026-02-12T05:19:43-08:00,367
fastapi,tests/test_tutorial/test_query_params_str_validations/test_tutorial015.py,test_tutorial015.py,tests/test_tutorial/test_query_params_str_validations,Python,.py,128,5159,True,5,150,7,2,2025-03-01T23:02:35+01:00,2026-02-12T05:19:43-08:00,157
fastapi,tests/test_tutorial/test_request_files/__init__.py,__init__.py,tests/test_tutorial/test_request_files,Python,.py,0,0,True,1,0,0,1,2018-12-22T08:23:35+04:00,2018-12-22T08:23:35+04:00,0
fastapi,tests/test_tutorial/test_request_files/test_tutorial001.py,test_tutorial001.py,tests/test_tutorial/test_request_files,Python,.py,197,8267,True,25,556,340,7,2018-12-22T08:23:35+04:00,2026-02-21T05:01:31-08:00,896
fastapi,tests/test_tutorial/test_request_files/test_tutorial001_02.py,test_tutorial001_02.py,tests/test_tutorial/test_request_files,Python,.py,179,7883,True,11,472,276,3,2022-01-23T20:14:13+01:00,2026-02-21T05:01:31-08:00,748
fastapi,tests/test_tutorial/test_request_files/test_tutorial001_03.py,test_tutorial001_03.py,tests/test_tutorial/test_request_files,Python,.py,165,7211,True,10,436,259,3,2022-01-23T20:14:13+01:00,2026-02-21T05:01:31-08:00,695
fastapi,tests/test_tutorial/test_request_files/test_tutorial002.py,test_tutorial002.py,tests/test_tutorial/test_request_files,Python,.py,234,9446,True,20,642,388,7,2019-04-14T22:12:14+04:00,2026-02-21T05:01:31-08:00,1030
fastapi,tests/test_tutorial/test_request_files/test_tutorial003.py,test_tutorial003.py,tests/test_tutorial/test_request_files,Python,.py,210,8806,True,10,509,283,3,2022-01-23T20:14:13+01:00,2026-02-21T05:01:31-08:00,792
fastapi,tests/test_tutorial/test_request_form_models/__init__.py,__init__.py,tests/test_tutorial/test_request_form_models,Python,.py,0,0,True,3,0,0,1,2024-09-05T16:40:48+02:00,2024-09-05T17:16:50+02:00,0
fastapi,tests/test_tutorial/test_request_form_models/test_tutorial001.py,test_tutorial001.py,tests/test_tutorial/test_request_form_models,Python,.py,168,6390,True,9,609,425,3,2024-09-05T16:40:48+02:00,2026-02-12T05:19:43-08:00,1034
fastapi,tests/test_tutorial/test_request_form_models/test_tutorial002.py,test_tutorial002.py,tests/test_tutorial/test_request_form_models,Python,.py,184,6927,True,7,290,88,3,2024-09-06T19:31:18+02:00,2026-02-12T05:19:43-08:00,378
fastapi,tests/test_tutorial/test_request_forms/__init__.py,__init__.py,tests/test_tutorial/test_request_forms,Python,.py,0,0,True,1,0,0,1,2018-12-22T07:40:56+04:00,2018-12-22T07:40:56+04:00,0
fastapi,tests/test_tutorial/test_request_forms/test_tutorial001.py,test_tutorial001.py,tests/test_tutorial/test_request_forms,Python,.py,170,6457,True,21,542,356,6,2018-12-22T07:40:56+04:00,2026-02-12T05:19:43-08:00,898
fastapi,tests/test_tutorial/test_request_forms_and_files/__init__.py,__init__.py,tests/test_tutorial/test_request_forms_and_files,Python,.py,0,0,True,1,0,0,1,2018-12-22T08:39:26+04:00,2018-12-22T08:39:26+04:00,0
fastapi,tests/test_tutorial/test_request_forms_and_files/test_tutorial001.py,test_tutorial001.py,tests/test_tutorial/test_request_forms_and_files,Python,.py,225,8279,True,22,689,444,7,2018-12-22T08:39:26+04:00,2026-02-21T05:01:31-08:00,1133
fastapi,tests/test_tutorial/test_response_change_status_code/__init__.py,__init__.py,tests/test_tutorial/test_response_change_status_code,Python,.py,0,0,True,1,0,0,1,2019-06-06T14:29:40+04:00,2019-06-06T14:29:40+04:00,0
fastapi,tests/test_tutorial/test_response_change_status_code/test_tutorial001.py,test_tutorial001.py,tests/test_tutorial/test_response_change_status_code,Python,.py,11,527,True,6,21,6,3,2019-06-06T14:29:40+04:00,2026-02-12T05:19:43-08:00,27
fastapi,tests/test_tutorial/test_response_cookies/__init__.py,__init__.py,tests/test_tutorial/test_response_cookies,Python,.py,0,0,True,1,0,0,1,2019-04-26T15:13:59+04:00,2019-04-26T15:13:59+04:00,0
fastapi,tests/test_tutorial/test_response_cookies/test_tutorial001.py,test_tutorial001.py,tests/test_tutorial/test_response_cookies,Python,.py,8,409,True,6,17,5,3,2019-04-26T15:13:59+04:00,2026-02-12T05:19:43-08:00,22
fastapi,tests/test_tutorial/test_response_cookies/test_tutorial002.py,test_tutorial002.py,tests/test_tutorial/test_response_cookies,Python,.py,8,420,True,6,17,5,3,2019-06-06T14:29:40+04:00,2026-02-12T05:19:43-08:00,22
fastapi,tests/test_tutorial/test_response_directly/__init__.py,__init__.py,tests/test_tutorial/test_response_directly,Python,.py,0,0,True,1,0,0,1,2025-12-10T09:55:32+01:00,2025-12-10T09:55:32+01:00,0
fastapi,tests/test_tutorial/test_response_directly/test_tutorial001.py,test_tutorial001.py,tests/test_tutorial/test_response_directly,Python,.py,147,5808,True,6,385,229,3,2025-12-10T09:55:32+01:00,2026-02-12T05:19:43-08:00,614
fastapi,tests/test_tutorial/test_response_directly/test_tutorial002.py,test_tutorial002.py,tests/test_tutorial/test_response_directly,Python,.py,59,1895,True,3,88,20,2,2025-12-26T11:43:02+01:00,2026-02-12T05:19:43-08:00,108
fastapi,tests/test_tutorial/test_response_headers/__init__.py,__init__.py,tests/test_tutorial/test_response_headers,Python,.py,0,0,True,1,0,0,1,2019-04-26T15:13:59+04:00,2019-04-26T15:13:59+04:00,0
fastapi,tests/test_tutorial/test_response_headers/test_tutorial001.py,test_tutorial001.py,tests/test_tutorial/test_response_headers,Python,.py,9,432,True,6,18,5,3,2019-04-26T15:13:59+04:00,2026-02-12T05:19:43-08:00,23
fastapi,tests/test_tutorial/test_response_headers/test_tutorial002.py,test_tutorial002.py,tests/test_tutorial/test_response_headers,Python,.py,8,384,True,6,17,5,3,2019-06-06T14:29:40+04:00,2026-02-12T05:19:43-08:00,22
fastapi,tests/test_tutorial/test_response_model/__init__.py,__init__.py,tests/test_tutorial/test_response_model,Python,.py,0,0,True,1,0,0,1,2018-12-22T08:54:52+04:00,2018-12-22T08:54:52+04:00,0
fastapi,tests/test_tutorial/test_response_model/test_tutorial001_tutorial001_01.py,test_tutorial001_tutorial001_01.py,tests/test_tutorial/test_response_model,Python,.py,187,7368,True,4,299,99,3,2025-12-26T11:43:02+01:00,2026-02-12T05:19:43-08:00,398
fastapi,tests/test_tutorial/test_response_model/test_tutorial002.py,test_tutorial002.py,tests/test_tutorial/test_response_model,Python,.py,128,5211,True,4,215,78,3,2025-12-26T11:43:02+01:00,2026-02-12T05:19:43-08:00,293
fastapi,tests/test_tutorial/test_response_model/test_tutorial003.py,test_tutorial003.py,tests/test_tutorial/test_response_model,Python,.py,148,6081,True,18,380,223,7,2018-12-22T08:54:52+04:00,2026-02-12T05:19:43-08:00,603
fastapi,tests/test_tutorial/test_response_model/test_tutorial003_01.py,test_tutorial003_01.py,tests/test_tutorial/test_response_model,Python,.py,148,6087,True,10,369,212,3,2023-01-10T20:22:47+04:00,2026-02-12T05:19:43-08:00,581
fastapi,tests/test_tutorial/test_response_model/test_tutorial003_02.py,test_tutorial003_02.py,tests/test_tutorial/test_response_model,Python,.py,92,4025,True,7,243,143,2,2023-01-10T20:22:47+04:00,2026-02-12T05:19:43-08:00,386
fastapi,tests/test_tutorial/test_response_model/test_tutorial003_03.py,test_tutorial003_03.py,tests/test_tutorial/test_response_model,Python,.py,31,1225,True,6,82,45,1,2023-01-10T20:22:47+04:00,2026-02-12T05:19:43-08:00,127
fastapi,tests/test_tutorial/test_response_model/test_tutorial003_04.py,test_tutorial003_04.py,tests/test_tutorial/test_response_model,Python,.py,13,408,True,4,23,6,2,2023-01-10T20:22:47+04:00,2026-02-12T05:19:43-08:00,29
fastapi,tests/test_tutorial/test_response_model/test_tutorial003_05.py,test_tutorial003_05.py,tests/test_tutorial/test_response_model,Python,.py,103,4360,True,8,262,148,3,2023-01-10T20:22:47+04:00,2026-02-12T05:19:43-08:00,410
fastapi,tests/test_tutorial/test_response_model/test_tutorial004.py,test_tutorial004.py,tests/test_tutorial/test_response_model,Python,.py,139,5527,True,17,402,254,8,2019-05-25T11:35:57-04:00,2026-02-12T05:19:43-08:00,656
fastapi,tests/test_tutorial/test_response_model/test_tutorial005.py,test_tutorial005.py,tests/test_tutorial/test_response_model,Python,.py,155,6723,True,16,421,255,7,2019-05-27T16:08:13+04:00,2026-02-12T05:19:43-08:00,676
fastapi,tests/test_tutorial/test_response_model/test_tutorial006.py,test_tutorial006.py,tests/test_tutorial/test_response_model,Python,.py,155,6723,True,16,421,255,7,2019-05-27T16:08:13+04:00,2026-02-12T05:19:43-08:00,676
fastapi,tests/test_tutorial/test_response_status_code/__init__.py,__init__.py,tests/test_tutorial/test_response_status_code,Python,.py,0,0,True,1,0,0,1,2025-12-26T11:43:02+01:00,2025-12-26T11:43:02+01:00,0
fastapi,tests/test_tutorial/test_response_status_code/test_tutorial001_tutorial002.py,test_tutorial001_tutorial002.py,tests/test_tutorial/test_response_status_code,Python,.py,95,3912,True,4,166,63,3,2025-12-26T11:43:02+01:00,2026-02-12T05:19:43-08:00,229
fastapi,tests/test_tutorial/test_schema_extra_example/__init__.py,__init__.py,tests/test_tutorial/test_schema_extra_example,Python,.py,0,0,True,1,0,0,1,2021-05-05T11:20:56-07:00,2021-05-05T11:20:56-07:00,0
fastapi,tests/test_tutorial/test_schema_extra_example/test_tutorial001.py,test_tutorial001.py,tests/test_tutorial/test_schema_extra_example,Python,.py,135,5523,True,7,244,100,3,2023-07-07T19:12:13+02:00,2026-02-12T05:19:43-08:00,344
fastapi,tests/test_tutorial/test_schema_extra_example/test_tutorial002.py,test_tutorial002.py,tests/test_tutorial/test_schema_extra_example,Python,.py,137,5605,True,4,239,93,3,2025-12-26T11:43:02+01:00,2026-02-12T05:19:43-08:00,332
fastapi,tests/test_tutorial/test_schema_extra_example/test_tutorial003.py,test_tutorial003.py,tests/test_tutorial/test_schema_extra_example,Python,.py,138,5796,True,4,240,93,3,2025-12-26T11:43:02+01:00,2026-02-12T05:19:43-08:00,333
fastapi,tests/test_tutorial/test_schema_extra_example/test_tutorial004.py,test_tutorial004.py,tests/test_tutorial/test_schema_extra_example,Python,.py,143,6113,True,12,495,343,5,2021-05-05T11:20:56-07:00,2026-02-12T05:19:43-08:00,838
fastapi,tests/test_tutorial/test_schema_extra_example/test_tutorial005.py,test_tutorial005.py,tests/test_tutorial/test_schema_extra_example,Python,.py,152,6841,True,7,306,145,3,2023-08-26T20:03:13+02:00,2026-02-12T05:19:43-08:00,451
fastapi,tests/test_tutorial/test_security/__init__.py,__init__.py,tests/test_tutorial/test_security,Python,.py,0,0,True,1,0,0,1,2018-12-18T21:59:06+04:00,2018-12-18T21:59:06+04:00,0
fastapi,tests/test_tutorial/test_security/test_tutorial001.py,test_tutorial001.py,tests/test_tutorial/test_security,Python,.py,61,2422,True,15,158,85,5,2018-12-18T21:59:06+04:00,2026-02-12T05:19:43-08:00,243
fastapi,tests/test_tutorial/test_security/test_tutorial002.py,test_tutorial002.py,tests/test_tutorial/test_security,Python,.py,62,2323,True,3,99,27,2,2025-12-26T11:43:02+01:00,2026-02-12T05:19:43-08:00,126
fastapi,tests/test_tutorial/test_security/test_tutorial003.py,test_tutorial003.py,tests/test_tutorial/test_security,Python,.py,192,8698,True,24,526,311,11,2018-12-28T16:10:29+04:00,2026-02-12T05:19:43-08:00,837
fastapi,tests/test_tutorial/test_security/test_tutorial004.py,test_tutorial004.py,tests/test_tutorial/test_security,Python,.py,330,14636,True,4,526,154,3,2025-12-26T11:43:02+01:00,2026-02-12T05:19:43-08:00,680
fastapi,tests/test_tutorial/test_security/test_tutorial005.py,test_tutorial005.py,tests/test_tutorial/test_security,Python,.py,378,16786,True,26,938,506,12,2019-04-09T23:29:04+04:00,2026-06-15T17:53:46+02:00,1444
fastapi,tests/test_tutorial/test_security/test_tutorial006.py,test_tutorial006.py,tests/test_tutorial/test_security,Python,.py,66,2798,True,13,158,78,5,2019-04-21T22:30:58+04:00,2026-02-12T05:19:43-08:00,236
fastapi,tests/test_tutorial/test_security/test_tutorial007.py,test_tutorial007.py,tests/test_tutorial/test_security,Python,.py,75,3438,True,3,115,23,2,2025-12-26T11:43:02+01:00,2026-02-12T05:19:43-08:00,138
fastapi,tests/test_tutorial/test_separate_openapi_schemas/__init__.py,__init__.py,tests/test_tutorial/test_separate_openapi_schemas,Python,.py,0,0,True,1,0,0,1,2023-08-25T21:10:22+02:00,2023-08-25T21:10:22+02:00,0
fastapi,tests/test_tutorial/test_separate_openapi_schemas/test_tutorial001.py,test_tutorial001.py,tests/test_tutorial/test_separate_openapi_schemas,Python,.py,137,5839,True,8,259,111,3,2023-08-25T21:10:22+02:00,2026-02-12T05:19:43-08:00,370
fastapi,tests/test_tutorial/test_separate_openapi_schemas/test_tutorial002.py,test_tutorial002.py,tests/test_tutorial/test_separate_openapi_schemas,Python,.py,137,5839,True,7,242,94,3,2023-08-25T21:10:22+02:00,2026-02-12T05:19:43-08:00,336
fastapi,tests/test_tutorial/test_server_sent_events/__init__.py,__init__.py,tests/test_tutorial/test_server_sent_events,Python,.py,0,0,True,1,0,0,1,2026-03-01T01:21:52-08:00,2026-03-01T01:21:52-08:00,0
fastapi,tests/test_tutorial/test_server_sent_events/test_tutorial001.py,test_tutorial001.py,tests/test_tutorial/test_server_sent_events,Python,.py,183,8566,True,1,191,0,1,2026-03-01T01:21:52-08:00,2026-03-01T01:21:52-08:00,191
fastapi,tests/test_tutorial/test_server_sent_events/test_tutorial002.py,test_tutorial002.py,tests/test_tutorial/test_server_sent_events,Python,.py,70,3081,True,1,83,0,1,2026-03-01T01:21:52-08:00,2026-03-01T01:21:52-08:00,83
fastapi,tests/test_tutorial/test_server_sent_events/test_tutorial003.py,test_tutorial003.py,tests/test_tutorial/test_server_sent_events,Python,.py,64,2753,True,1,73,0,1,2026-03-01T01:21:52-08:00,2026-03-01T01:21:52-08:00,73
fastapi,tests/test_tutorial/test_server_sent_events/test_tutorial004.py,test_tutorial004.py,tests/test_tutorial/test_server_sent_events,Python,.py,147,6112,True,1,164,0,1,2026-03-01T01:21:52-08:00,2026-03-01T01:21:52-08:00,164
fastapi,tests/test_tutorial/test_server_sent_events/test_tutorial005.py,test_tutorial005.py,tests/test_tutorial/test_server_sent_events,Python,.py,131,5456,True,1,141,0,1,2026-03-01T01:21:52-08:00,2026-03-01T01:21:52-08:00,141
fastapi,tests/test_tutorial/test_settings/__init__.py,__init__.py,tests/test_tutorial/test_settings,Python,.py,0,0,True,1,0,0,1,2020-04-02T07:55:20+03:00,2020-04-02T07:55:20+03:00,0
fastapi,tests/test_tutorial/test_settings/test_app01.py,test_app01.py,tests/test_tutorial/test_settings,Python,.py,69,2359,True,4,100,19,2,2025-12-26T11:43:02+01:00,2026-02-27T11:53:47+01:00,119
fastapi,tests/test_tutorial/test_settings/test_app02.py,test_app02.py,tests/test_tutorial/test_settings,Python,.py,29,1040,True,8,65,25,5,2020-04-02T07:55:20+03:00,2026-02-12T05:19:43-08:00,90
fastapi,tests/test_tutorial/test_settings/test_app03.py,test_app03.py,tests/test_tutorial/test_settings,Python,.py,35,1252,True,5,65,21,2,2025-12-10T09:55:32+01:00,2026-02-12T05:19:43-08:00,86
fastapi,tests/test_tutorial/test_settings/test_tutorial001.py,test_tutorial001.py,tests/test_tutorial/test_settings,Python,.py,18,691,True,6,41,18,2,2023-07-07T19:12:13+02:00,2026-02-12T05:19:43-08:00,59
fastapi,tests/test_tutorial/test_sql_databases/__init__.py,__init__.py,tests/test_tutorial/test_sql_databases,Python,.py,0,0,True,1,0,0,1,2019-02-12T23:02:21+04:00,2019-02-12T23:02:21+04:00,0
fastapi,tests/test_tutorial/test_sql_databases/test_tutorial001.py,test_tutorial001.py,tests/test_tutorial/test_sql_databases,Python,.py,341,14492,True,13,491,131,5,2019-02-12T23:02:21+04:00,2026-06-15T17:53:46+02:00,622
fastapi,tests/test_tutorial/test_sql_databases/test_tutorial002.py,test_tutorial002.py,tests/test_tutorial/test_sql_databases,Python,.py,419,18481,True,12,528,87,7,2024-10-09T21:44:42+02:00,2026-06-15T17:53:46+02:00,615
fastapi,tests/test_tutorial/test_static_files/__init__.py,__init__.py,tests/test_tutorial/test_static_files,Python,.py,0,0,True,1,0,0,1,2025-12-26T11:43:02+01:00,2025-12-26T11:43:02+01:00,0
fastapi,tests/test_tutorial/test_static_files/test_tutorial001.py,test_tutorial001.py,tests/test_tutorial/test_static_files,Python,.py,37,1319,True,4,54,6,2,2025-12-26T11:43:02+01:00,2026-02-27T11:53:47+01:00,60
fastapi,tests/test_tutorial/test_stream_data/__init__.py,__init__.py,tests/test_tutorial/test_stream_data,Python,.py,0,0,True,1,0,0,1,2026-02-27T10:56:47-08:00,2026-02-27T10:56:47-08:00,0
fastapi,tests/test_tutorial/test_stream_data/test_tutorial001.py,test_tutorial001.py,tests/test_tutorial/test_stream_data,Python,.py,144,5858,True,1,154,0,1,2026-02-27T10:56:47-08:00,2026-02-27T10:56:47-08:00,154
fastapi,tests/test_tutorial/test_stream_data/test_tutorial002.py,test_tutorial002.py,tests/test_tutorial/test_stream_data,Python,.py,112,4481,True,2,121,0,1,2026-02-27T10:56:47-08:00,2026-02-27T12:51:40-08:00,121
fastapi,tests/test_tutorial/test_stream_json_lines/__init__.py,__init__.py,tests/test_tutorial/test_stream_json_lines,Python,.py,0,0,True,1,0,0,1,2026-02-27T10:56:47-08:00,2026-02-27T10:56:47-08:00,0
fastapi,tests/test_tutorial/test_stream_json_lines/test_tutorial001.py,test_tutorial001.py,tests/test_tutorial/test_stream_json_lines,Python,.py,133,5356,True,1,143,0,1,2026-02-27T10:56:47-08:00,2026-02-27T10:56:47-08:00,143
fastapi,tests/test_tutorial/test_strict_content_type/__init__.py,__init__.py,tests/test_tutorial/test_strict_content_type,Python,.py,0,0,True,1,0,0,1,2026-02-23T09:45:20-08:00,2026-02-23T09:45:20-08:00,0
fastapi,tests/test_tutorial/test_strict_content_type/test_tutorial001.py,test_tutorial001.py,tests/test_tutorial/test_strict_content_type,Python,.py,34,1200,True,1,43,0,1,2026-02-23T09:45:20-08:00,2026-02-23T09:45:20-08:00,43
fastapi,tests/test_tutorial/test_sub_applications/__init__.py,__init__.py,tests/test_tutorial/test_sub_applications,Python,.py,0,0,True,1,0,0,1,2019-02-14T10:57:49-08:00,2019-02-14T10:57:49-08:00,0
fastapi,tests/test_tutorial/test_sub_applications/test_tutorial001.py,test_tutorial001.py,tests/test_tutorial/test_sub_applications,Python,.py,59,2208,True,11,134,65,5,2019-02-14T10:57:49-08:00,2026-02-12T05:19:43-08:00,199
fastapi,tests/test_tutorial/test_templates/__init__.py,__init__.py,tests/test_tutorial/test_templates,Python,.py,0,0,True,1,0,0,1,2019-04-26T18:49:15+04:00,2019-04-26T18:49:15+04:00,0
fastapi,tests/test_tutorial/test_templates/test_tutorial001.py,test_tutorial001.py,tests/test_tutorial/test_templates,Python,.py,25,968,True,9,39,9,4,2019-04-26T18:49:15+04:00,2026-02-27T11:53:47+01:00,48
fastapi,tests/test_tutorial/test_testing/__init__.py,__init__.py,tests/test_tutorial/test_testing,Python,.py,0,0,True,1,0,0,1,2019-04-12T20:15:05+04:00,2019-04-12T20:15:05+04:00,0
fastapi,tests/test_tutorial/test_testing/test_main_a.py,test_main_a.py,tests/test_tutorial/test_testing,Python,.py,27,961,True,3,50,18,1,2025-12-17T12:41:43-08:00,2026-02-12T05:19:43-08:00,68
fastapi,tests/test_tutorial/test_testing/test_main_b.py,test_main_b.py,tests/test_tutorial/test_testing,Python,.py,22,766,True,6,44,16,4,2021-07-29T11:26:07+02:00,2026-02-12T05:19:43-08:00,60
fastapi,tests/test_tutorial/test_testing/test_tutorial001.py,test_tutorial001.py,tests/test_tutorial/test_testing,Python,.py,27,957,True,10,79,47,2,2019-04-12T20:15:05+04:00,2026-02-12T05:19:43-08:00,126
fastapi,tests/test_tutorial/test_testing/test_tutorial002.py,test_tutorial002.py,tests/test_tutorial/test_testing,Python,.py,5,160,True,4,12,3,1,2019-04-12T20:15:05+04:00,2026-02-12T05:19:43-08:00,15
fastapi,tests/test_tutorial/test_testing/test_tutorial003.py,test_tutorial003.py,tests/test_tutorial/test_testing,Python,.py,5,173,True,5,11,4,1,2019-04-12T20:15:05+04:00,2026-02-12T05:19:43-08:00,15
fastapi,tests/test_tutorial/test_testing/test_tutorial004.py,test_tutorial004.py,tests/test_tutorial/test_testing,Python,.py,3,108,True,3,7,2,2,2025-08-31T18:29:21+08:00,2026-02-12T05:19:43-08:00,9
fastapi,tests/test_tutorial/test_testing_dependencies/__init__.py,__init__.py,tests/test_tutorial/test_testing_dependencies,Python,.py,0,0,True,1,0,0,1,2019-06-05T15:43:18+04:00,2019-06-05T15:43:18+04:00,0
fastapi,tests/test_tutorial/test_testing_dependencies/test_tutorial001.py,test_tutorial001.py,tests/test_tutorial/test_testing_dependencies,Python,.py,59,2372,True,6,104,24,3,2019-06-05T15:43:18+04:00,2026-02-12T05:19:43-08:00,128
fastapi,tests/test_tutorial/test_using_request_directly/__init__.py,__init__.py,tests/test_tutorial/test_using_request_directly,Python,.py,0,0,True,1,0,0,1,2025-12-10T09:55:32+01:00,2025-12-10T09:55:32+01:00,0
fastapi,tests/test_tutorial/test_using_request_directly/test_tutorial001.py,test_tutorial001.py,tests/test_tutorial/test_using_request_directly,Python,.py,111,4496,True,5,199,82,3,2025-12-10T09:55:32+01:00,2026-02-12T05:19:43-08:00,281
fastapi,tests/test_tutorial/test_websockets/__init__.py,__init__.py,tests/test_tutorial/test_websockets,Python,.py,0,0,True,1,0,0,1,2019-05-24T09:41:41-07:00,2019-05-24T09:41:41-07:00,0
fastapi,tests/test_tutorial/test_websockets/test_tutorial001.py,test_tutorial001.py,tests/test_tutorial/test_websockets,Python,.py,20,829,True,7,33,7,4,2019-05-24T09:41:41-07:00,2026-02-27T13:34:37+01:00,40
fastapi,tests/test_tutorial/test_websockets/test_tutorial002.py,test_tutorial002.py,tests/test_tutorial/test_websockets,Python,.py,87,4110,True,11,150,46,8,2019-05-24T09:41:41-07:00,2026-02-27T13:34:37+01:00,196
fastapi,tests/test_tutorial/test_websockets/test_tutorial003.py,test_tutorial003.py,tests/test_tutorial/test_websockets,Python,.py,42,1490,True,8,71,16,4,2020-08-09T09:52:19-04:00,2026-02-27T13:34:37+01:00,87
fastapi,tests/test_tutorial/test_wsgi/__init__.py,__init__.py,tests/test_tutorial/test_wsgi,Python,.py,0,0,True,1,0,0,1,2020-03-01T21:49:20+01:00,2020-03-01T21:49:20+01:00,0
fastapi,tests/test_tutorial/test_wsgi/test_tutorial001.py,test_tutorial001.py,tests/test_tutorial/test_wsgi,Python,.py,11,442,True,5,22,5,3,2020-03-01T21:49:20+01:00,2026-02-12T05:19:43-08:00,27
fastapi,tests/test_typing_python39.py,test_typing_python39.py,tests,Python,.py,19,709,True,2,26,2,2,2021-08-02T16:02:34+02:00,2023-03-18T13:29:59+01:00,28
fastapi,tests/test_union_body.py,test_union_body.py,tests,Python,.py,119,5022,True,12,320,186,5,2019-08-08T03:55:33+09:00,2026-02-17T01:59:14-08:00,506
fastapi,tests/test_union_body_discriminator.py,test_union_body_discriminator.py,tests,Python,.py,193,8964,True,7,244,40,4,2025-10-08T16:48:30+02:00,2026-03-23T13:36:49+01:00,284
fastapi,tests/test_union_body_discriminator_annotated.py,test_union_body_discriminator_annotated.py,tests,Python,.py,185,8043,True,5,212,9,2,2025-12-12T06:31:21-08:00,2026-02-17T01:59:14-08:00,221
fastapi,tests/test_union_forms.py,test_union_forms.py,tests,Python,.py,143,5993,True,5,248,85,3,2025-06-26T16:22:53+01:00,2026-02-17T01:59:14-08:00,333
fastapi,tests/test_union_inherited_body.py,test_union_inherited_body.py,tests,Python,.py,127,5427,True,15,363,221,6,2019-08-08T03:55:33+09:00,2026-02-17T01:59:14-08:00,584
fastapi,tests/test_validate_response.py,test_validate_response.py,tests,Python,.py,55,1977,True,8,100,18,4,2019-08-30T18:12:15-05:00,2026-02-17T01:59:14-08:00,118
fastapi,tests/test_validate_response_dataclass.py,test_validate_response_dataclass.py,tests,Python,.py,34,1167,True,7,66,15,3,2019-08-30T18:12:15-05:00,2026-02-17T01:59:14-08:00,81
fastapi,tests/test_validate_response_recursive/__init__.py,__init__.py,tests/test_validate_response_recursive,Python,.py,0,0,True,1,0,0,1,2023-07-07T19:12:13+02:00,2023-07-07T19:12:13+02:00,0
fastapi,tests/test_validate_response_recursive/app.py,app.py,tests/test_validate_response_recursive,Python,.py,34,1151,True,3,60,13,2,2025-06-17T06:24:10-04:00,2025-12-20T07:55:38-08:00,73
fastapi,tests/test_validate_response_recursive/test_validate_response_recursive.py,test_validate_response_recursive.py,tests/test_validate_response_recursive,Python,.py,26,836,True,1,30,0,1,2025-06-17T06:24:10-04:00,2025-06-17T06:24:10-04:00,30
fastapi,tests/test_validation_error_context.py,test_validation_error_context.py,tests,Python,.py,123,4809,True,1,168,0,1,2025-12-06T04:21:57-08:00,2025-12-06T04:21:57-08:00,168
fastapi,tests/test_webhooks_security.py,test_webhooks_security.py,tests,Python,.py,124,5391,True,6,214,77,3,2023-06-30T20:25:16+02:00,2026-06-15T17:53:46+02:00,291
fastapi,tests/test_wrapped_method_forward_reference.py,test_wrapped_method_forward_reference.py,tests,Python,.py,24,997,True,1,31,0,1,2025-12-02T09:23:14-08:00,2025-12-02T09:23:14-08:00,31
fastapi,tests/test_ws_dependencies.py,test_ws_dependencies.py,tests,Python,.py,48,2164,True,2,76,4,2,2023-06-11T17:35:39-03:00,2025-12-17T13:25:59-08:00,80
fastapi,tests/test_ws_router.py,test_ws_router.py,tests,Python,.py,199,7651,True,10,282,11,8,2019-03-24T20:18:20+01:00,2026-05-05T11:44:36+02:00,293
fastapi,tests/utils.py,utils.py,tests,Python,.py,22,716,True,14,66,37,6,2019-12-13T11:29:18+01:00,2026-06-15T17:53:46+02:00,103
flask,.devcontainer/on-create-command.sh,on-create-command.sh,.devcontainer,Shell,.sh,7,165,False,3,11,4,2,2023-04-13T10:03:49-07:00,2024-04-07T10:24:40-07:00,15
flask,docs/conf.py,conf.py,docs,Python,.py,84,3386,False,78,927,1096,14,2010-04-06T16:02:14+02:00,2025-06-12T13:46:49-07:00,2023
flask,examples/celery/make_celery.py,make_celery.py,examples/celery,Python,.py,3,102,False,1,4,0,1,2023-02-09T10:50:57-08:00,2023-02-09T10:50:57-08:00,4
flask,examples/celery/src/task_app/__init__.py,__init__.py,examples/celery/src/task_app,Python,.py,31,1024,False,2,44,5,1,2023-02-09T10:50:57-08:00,2026-07-30T10:25:54-07:00,49
flask,examples/celery/src/task_app/tasks.py,tasks.py,examples/celery/src/task_app,Python,.py,15,484,False,1,23,0,1,2023-02-09T10:50:57-08:00,2023-02-09T10:50:57-08:00,23
flask,examples/celery/src/task_app/views.py,views.py,examples/celery/src/task_app,Python,.py,28,954,False,1,38,0,1,2023-02-09T10:50:57-08:00,2023-02-09T10:50:57-08:00,38
flask,examples/javascript/js_example/__init__.py,__init__.py,examples/javascript/js_example,Python,.py,3,91,False,5,9,4,1,2018-04-12T11:06:02-07:00,2026-07-30T10:25:54-07:00,13
flask,examples/javascript/js_example/views.py,views.py,examples/javascript/js_example,Python,.py,13,429,False,7,30,12,2,2018-04-12T11:06:02-07:00,2023-11-09T09:20:27-08:00,42
flask,examples/javascript/tests/conftest.py,conftest.py,examples/javascript/tests,Python,.py,10,216,True,2,16,1,2,2018-04-12T11:06:02-07:00,2019-05-06T15:39:41-04:00,17
flask,examples/javascript/tests/test_js_example.py,test_js_example.py,examples/javascript/tests,Python,.py,22,727,True,5,45,18,2,2018-04-12T11:06:02-07:00,2024-11-01T16:44:17-07:00,63
flask,examples/tutorial/flaskr/__init__.py,__init__.py,examples/tutorial/flaskr,Python,.py,36,1406,False,5,63,14,3,2018-02-09T14:39:05-08:00,2026-01-20T14:16:17+01:00,77
flask,examples/tutorial/flaskr/auth.py,auth.py,examples/tutorial/flaskr,Python,.py,90,3296,False,8,178,62,3,2018-02-09T14:39:05-08:00,2023-11-09T09:20:27-08:00,240
flask,examples/tutorial/flaskr/blog.py,blog.py,examples/tutorial/flaskr,Python,.py,100,3305,False,7,170,45,2,2018-02-09T14:39:05-08:00,2023-11-09T09:20:27-08:00,215
flask,examples/tutorial/flaskr/db.py,db.py,examples/tutorial/flaskr,Python,.py,40,1317,False,5,67,11,2,2018-02-09T14:39:05-08:00,2024-11-01T17:18:52-07:00,78
flask,examples/tutorial/tests/conftest.py,conftest.py,examples/tutorial/tests,Python,.py,44,1454,True,4,74,12,2,2018-02-09T14:39:05-08:00,2020-04-04T09:43:06-07:00,86
flask,examples/tutorial/tests/test_auth.py,test_auth.py,examples/tutorial/tests,Python,.py,53,2070,True,5,98,29,3,2018-02-09T14:39:05-08:00,2022-03-25T11:48:26-07:00,127
flask,examples/tutorial/tests/test_blog.py,test_blog.py,examples/tutorial/tests,Python,.py,61,2503,True,4,120,37,2,2018-02-09T14:39:05-08:00,2022-03-25T11:48:26-07:00,157
flask,examples/tutorial/tests/test_db.py,test_db.py,examples/tutorial/tests,Python,.py,19,616,True,5,36,7,3,2018-02-09T14:39:05-08:00,2020-04-04T09:43:06-07:00,43
flask,examples/tutorial/tests/test_factory.py,test_factory.py,examples/tutorial/tests,Python,.py,8,298,True,2,15,3,2,2018-02-09T14:39:05-08:00,2019-05-06T15:39:41-04:00,18
flask,src/flask/__init__.py,__init__.py,src/flask,Python,.py,39,2072,False,70,310,270,7,2019-06-01T08:00:25-07:00,2025-03-29T15:23:34-07:00,580
flask,src/flask/__main__.py,__main__.py,src/flask,Python,.py,2,30,False,4,18,15,1,2019-06-01T08:00:25-07:00,2021-01-29T11:29:36-08:00,33
flask,src/flask/app.py,app.py,src/flask,Python,.py,1328,65472,False,138,5835,4207,31,2019-06-01T08:00:25-07:00,2026-09-08T09:40:33-07:00,10042
flask,src/flask/blueprints.py,blueprints.py,src/flask,Python,.py,102,4541,False,61,1418,1328,17,2019-06-01T08:00:25-07:00,2024-08-06T16:46:15-06:00,2746
flask,src/flask/cli.py,cli.py,src/flask,Python,.py,899,36836,False,67,1856,728,18,2019-06-01T08:00:25-07:00,2026-06-10T11:03:21-07:00,2584
flask,src/flask/config.py,config.py,src/flask,Python,.py,286,13219,False,25,580,213,7,2019-06-01T08:00:25-07:00,2024-10-31T12:28:46-07:00,793
flask,src/flask/ctx.py,ctx.py,src/flask,Python,.py,404,18261,False,44,1116,553,8,2019-02-24T23:54:57+02:00,2026-05-01T20:17:23-07:00,1669
flask,src/flask/debughelpers.py,debughelpers.py,src/flask,Python,.py,146,6070,False,17,295,116,3,2019-06-01T08:00:25-07:00,2025-09-12T14:52:03-07:00,411
flask,src/flask/globals.py,globals.py,src/flask,Python,.py,58,2414,False,15,257,180,4,2019-06-01T08:00:25-07:00,2025-09-12T14:52:03-07:00,437
flask,src/flask/helpers.py,helpers.py,src/flask,Python,.py,534,24628,False,89,2113,1464,22,2019-06-01T08:00:25-07:00,2026-08-16T11:35:31-07:00,3577
flask,src/flask/json/__init__.py,__init__.py,src/flask/json,Python,.py,122,5583,False,28,907,737,9,2019-06-01T08:00:25-07:00,2025-09-12T14:52:03-07:00,1644
flask,src/flask/json/provider.py,provider.py,src/flask/json,Python,.py,163,7644,False,12,334,121,2,2022-07-13T07:41:43-07:00,2026-06-10T11:03:21-07:00,455
flask,src/flask/json/tag.py,tag.py,src/flask/json,Python,.py,236,9281,False,12,409,82,2,2019-06-01T08:00:25-07:00,2024-04-07T10:24:40-07:00,491
flask,src/flask/logging.py,logging.py,src/flask,Python,.py,55,2377,False,13,133,54,4,2019-06-01T08:00:25-07:00,2023-12-14T08:58:13-08:00,187
flask,src/flask/sansio/app.py,app.py,src/flask/sansio,Python,.py,832,39495,False,20,2438,1422,6,2023-06-10T12:42:24+01:00,2026-05-01T20:53:36-07:00,3860
flask,src/flask/sansio/blueprints.py,blueprints.py,src/flask/sansio,Python,.py,572,27017,False,6,821,129,3,2023-06-10T12:42:24+01:00,2025-08-19T12:29:47-07:00,950
flask,src/flask/sansio/scaffold.py,scaffold.py,src/flask/sansio,Python,.py,647,30633,False,9,932,132,3,2023-06-10T12:42:24+01:00,2026-08-11T13:15:18-07:00,1064
flask,src/flask/sessions.py,sessions.py,src/flask,Python,.py,310,14969,False,35,613,225,8,2019-06-01T08:00:25-07:00,2026-02-18T19:02:54-08:00,838
flask,src/flask/signals.py,signals.py,src/flask,Python,.py,14,750,False,8,95,78,2,2019-06-01T08:00:25-07:00,2023-08-16T15:00:49-07:00,173
flask,src/flask/templating.py,templating.py,src/flask,Python,.py,166,7336,False,21,377,153,5,2019-06-01T08:00:25-07:00,2026-02-18T19:02:54-08:00,530
flask,src/flask/testing.py,testing.py,src/flask,Python,.py,237,10134,False,39,615,293,6,2019-06-01T08:00:25-07:00,2026-07-14T16:40:58+02:00,908
flask,src/flask/typing.py,typing.py,src/flask,Python,.py,77,3114,False,26,185,98,12,2021-04-24T12:22:26+01:00,2025-05-13T08:31:54-07:00,283
flask,src/flask/views.py,views.py,src/flask,Python,.py,146,6971,False,20,326,136,6,2019-06-01T08:00:25-07:00,2026-08-11T15:32:49-07:00,462
flask,src/flask/wrappers.py,wrappers.py,src/flask,Python,.py,194,9406,False,23,354,97,5,2019-06-01T08:00:25-07:00,2024-11-01T13:13:05-07:00,451
flask,tests/conftest.py,conftest.py,tests,Python,.py,82,2546,True,32,359,246,9,2014-09-01T19:06:32+02:00,2026-07-14T12:07:37+02:00,605
flask,tests/test_appctx.py,test_appctx.py,tests,Python,.py,194,6827,True,32,542,280,11,2014-08-31T21:54:45+02:00,2026-02-19T19:41:50-08:00,822
flask,tests/test_apps/blueprintapp/__init__.py,__init__.py,tests/test_apps/blueprintapp,Python,.py,7,256,True,4,14,5,3,2014-08-31T21:48:21+02:00,2023-01-19T06:35:15-08:00,19
flask,tests/test_apps/blueprintapp/apps/__init__.py,__init__.py,tests/test_apps/blueprintapp/apps,Python,.py,0,0,True,1,0,0,1,2014-08-31T21:48:21+02:00,2014-08-31T21:48:21+02:00,0
flask,tests/test_apps/blueprintapp/apps/admin/__init__.py,__init__.py,tests/test_apps/blueprintapp/apps/admin,Python,.py,15,366,True,3,28,8,3,2014-08-31T21:48:21+02:00,2019-06-01T08:35:03-07:00,36
flask,tests/test_apps/blueprintapp/apps/frontend/__init__.py,__init__.py,tests/test_apps/blueprintapp/apps/frontend,Python,.py,9,327,True,3,20,6,3,2014-08-31T21:48:21+02:00,2019-06-01T08:35:03-07:00,26
flask,tests/test_apps/cliapp/__init__.py,__init__.py,tests/test_apps/cliapp,Python,.py,0,0,True,1,0,0,1,2016-05-16T19:36:55+02:00,2016-05-16T19:36:55+02:00,0
flask,tests/test_apps/cliapp/app.py,app.py,tests/test_apps/cliapp,Python,.py,2,52,True,4,8,5,3,2016-05-16T19:36:55+02:00,2020-04-04T09:43:06-07:00,13
flask,tests/test_apps/cliapp/factory.py,factory.py,tests/test_apps/cliapp,Python,.py,7,169,True,7,28,15,3,2017-05-23T16:56:34-07:00,2020-04-07T15:54:36-07:00,43
flask,tests/test_apps/cliapp/importerrorapp.py,importerrorapp.py,tests/test_apps/cliapp,Python,.py,3,73,True,4,10,5,3,2016-12-30T15:02:08-06:00,2020-04-04T09:43:06-07:00,15
flask,tests/test_apps/cliapp/inner1/__init__.py,__init__.py,tests/test_apps/cliapp/inner1,Python,.py,2,55,True,1,3,0,1,2017-07-14T19:27:45-07:00,2017-07-14T19:27:45-07:00,3
flask,tests/test_apps/cliapp/inner1/inner2/__init__.py,__init__.py,tests/test_apps/cliapp/inner1/inner2,Python,.py,0,0,True,1,0,0,1,2017-07-14T19:27:45-07:00,2017-07-14T19:27:45-07:00,0
flask,tests/test_apps/cliapp/inner1/inner2/flask.py,flask.py,tests/test_apps/cliapp/inner1/inner2,Python,.py,2,47,True,1,3,0,1,2017-07-14T19:27:45-07:00,2017-07-14T19:27:45-07:00,3
flask,tests/test_apps/cliapp/multiapp.py,multiapp.py,tests/test_apps/cliapp,Python,.py,3,67,True,4,10,6,3,2016-05-16T19:36:55+02:00,2020-04-04T09:43:06-07:00,16
flask,tests/test_apps/helloworld/hello.py,hello.py,tests/test_apps/helloworld,Python,.py,5,104,True,2,8,0,2,2017-06-15T11:27:50-07:00,2019-05-06T15:39:41-04:00,8
flask,tests/test_apps/helloworld/wsgi.py,wsgi.py,tests/test_apps/helloworld,Python,.py,1,36,True,2,2,1,2,2017-06-15T11:27:50-07:00,2019-05-31T14:53:26-04:00,3
flask,tests/test_apps/subdomaintestmodule/__init__.py,__init__.py,tests/test_apps/subdomaintestmodule,Python,.py,2,73,True,4,5,3,3,2014-08-31T21:48:21+02:00,2023-11-09T09:20:27-08:00,8
flask,tests/test_async.py,test_async.py,tests,Python,.py,104,3335,True,12,185,40,4,2020-07-06T20:54:26+01:00,2023-02-23T08:35:16-08:00,225
flask,tests/test_basic.py,test_basic.py,tests,Python,.py,1487,54273,True,135,5630,3670,49,2014-08-31T21:54:45+02:00,2026-08-11T13:15:18-07:00,9300
flask,tests/test_blueprints.py,test_blueprints.py,tests,Python,.py,790,31287,True,59,2413,1297,17,2014-08-31T21:54:45+02:00,2026-08-10T16:45:01-07:00,3710
flask,tests/test_cli.py,test_cli.py,tests,Python,.py,536,20303,True,82,1384,676,34,2016-05-16T19:36:55+02:00,2026-07-14T12:07:37+02:00,2060
flask,tests/test_config.py,test_config.py,tests,Python,.py,193,7748,True,35,1055,805,11,2014-08-31T21:54:45+02:00,2023-05-02T10:38:27-07:00,1860
flask,tests/test_converters.py,test_converters.py,tests,Python,.py,29,1093,True,4,58,16,2,2019-02-24T23:54:57+02:00,2021-05-14T08:11:09-07:00,74
flask,tests/test_helpers.py,test_helpers.py,tests,Python,.py,273,11218,True,108,2778,2400,42,2014-08-31T21:54:45+02:00,2026-02-19T19:41:50-08:00,5178
flask,tests/test_instance_config.py,test_instance_config.py,tests,Python,.py,80,3317,True,20,282,171,6,2014-09-04T15:43:18+02:00,2025-03-29T15:42:58-07:00,453
flask,tests/test_json.py,test_json.py,tests,Python,.py,272,8741,True,9,457,111,3,2020-10-31T20:13:03-07:00,2024-04-07T10:24:40-07:00,568
flask,tests/test_json_tag.py,test_json_tag.py,tests,Python,.py,64,1998,True,11,120,34,5,2017-06-02T10:01:30-07:00,2023-02-23T08:55:01-08:00,154
flask,tests/test_logging.py,test_logging.py,tests,Python,.py,69,2529,True,14,146,48,3,2017-07-28T14:55:52-07:00,2020-04-04T12:28:08-07:00,194
flask,tests/test_regression.py,test_regression.py,tests,Python,.py,22,712,True,23,221,191,7,2014-08-31T21:54:45+02:00,2022-03-25T11:48:26-07:00,412
flask,tests/test_reqctx.py,test_reqctx.py,tests,Python,.py,190,6696,True,36,759,530,14,2014-08-31T21:54:45+02:00,2026-05-01T20:17:23-07:00,1289
flask,tests/test_request.py,test_request.py,tests,Python,.py,53,1902,True,2,70,0,1,2024-11-01T13:13:05-07:00,2024-11-12T20:32:53-08:00,70
flask,tests/test_session_interface.py,test_session_interface.py,tests,Python,.py,21,784,True,4,41,13,2,2020-10-16T20:57:56-05:00,2025-09-12T14:52:03-07:00,54
flask,tests/test_signals.py,test_signals.py,tests,Python,.py,139,4864,True,27,473,292,8,2014-08-31T21:54:45+02:00,2023-11-09T09:20:27-08:00,765
flask,tests/test_subclassing.py,test_subclassing.py,tests,Python,.py,15,480,True,16,89,68,4,2014-08-31T21:54:45+02:00,2025-09-19T16:58:48-07:00,157
flask,tests/test_templating.py,test_templating.py,tests,Python,.py,387,15403,True,35,1248,716,14,2014-08-31T21:54:45+02:00,2025-05-17T12:17:18+08:00,1964
flask,tests/test_testing.py,test_testing.py,tests,Python,.py,286,10563,True,53,1056,689,15,2014-08-31T21:54:45+02:00,2026-07-14T16:40:58+02:00,1745
flask,tests/test_user_error_handler.py,test_user_error_handler.py,tests,Python,.py,215,8436,True,20,557,230,12,2014-12-28T17:19:09+01:00,2022-04-29T01:49:23+08:00,787
flask,tests/test_views.py,test_views.py,tests,Python,.py,187,7058,True,23,604,333,8,2014-08-31T21:54:45+02:00,2026-08-10T16:45:01-07:00,937
flask,tests/type_check/typing_app_decorators.py,typing_app_decorators.py,tests/type_check,Python,.py,18,589,True,1,32,0,1,2024-11-08T08:09:01-08:00,2024-11-08T08:09:01-08:00,32
flask,tests/type_check/typing_error_handler.py,typing_error_handler.py,tests/type_check,Python,.py,21,647,True,1,33,0,1,2024-11-08T08:09:01-08:00,2024-11-08T08:09:01-08:00,33
flask,tests/type_check/typing_route.py,typing_route.py,tests/type_check,Python,.py,71,2532,True,1,112,0,1,2024-11-08T08:09:01-08:00,2024-11-08T08:09:01-08:00,112
pytest,bench/bench.py,bench.py,bench,Python,.py,12,383,False,23,48,31,9,2010-10-15T16:36:25+02:00,2024-06-17T17:01:28+02:00,79
pytest,bench/bench_argcomplete.py,bench_argcomplete.py,bench,Python,.py,16,631,False,10,45,23,4,2013-08-06T15:33:27+02:00,2024-06-17T17:01:28+02:00,68
pytest,bench/empty.py,empty.py,bench,Python,.py,3,98,False,9,14,9,5,2010-10-15T16:36:25+02:00,2024-11-29T20:30:17+01:00,23
pytest,bench/manyparam.py,manyparam.py,bench,Python,.py,9,205,False,7,20,4,3,2013-12-09T08:14:58+01:00,2024-06-17T17:01:28+02:00,24
pytest,bench/skip.py,skip.py,bench,Python,.py,7,166,False,10,18,6,5,2013-12-07T19:11:37+01:00,2024-06-17T17:01:28+02:00,24
pytest,bench/unit_test.py,unit_test.py,bench,Python,.py,13,291,True,3,16,0,3,2020-11-01T15:09:32+02:00,2024-06-17T17:01:28+02:00,16
pytest,bench/xunit.py,xunit.py,bench,Python,.py,12,236,False,2,14,0,2,2020-10-23T18:51:51+03:00,2024-06-17T17:01:28+02:00,14
pytest,doc/en/conf.py,conf.py,doc/en,Python,.py,273,11624,False,152,988,656,38,2012-06-06T08:52:53+09:00,2026-09-06T10:17:53-03:00,1644
pytest,doc/en/conftest.py,conftest.py,doc/en,Python,.py,2,66,False,4,5,1,3,2012-06-06T08:52:53+09:00,2024-06-17T17:01:28+02:00,6
pytest,doc/en/example/assertion/failure_demo.py,failure_demo.py,doc/en/example/assertion,Python,.py,196,5721,False,33,419,136,13,2012-06-06T08:52:53+09:00,2025-01-09T22:24:07+01:00,555
pytest,doc/en/example/assertion/global_testmodule_config/conftest.py,conftest.py,doc/en/example/assertion/global_testmodule_config,Python,.py,11,366,False,11,26,9,4,2012-06-06T08:52:53+09:00,2024-06-17T17:01:28+02:00,35
pytest,doc/en/example/assertion/global_testmodule_config/test_hello_world.py,test_hello_world.py,doc/en/example/assertion/global_testmodule_config,Python,.py,4,81,True,6,10,2,3,2018-03-18T21:23:39-07:00,2024-06-17T17:01:28+02:00,12
pytest,doc/en/example/assertion/test_failures.py,test_failures.py,doc/en/example/assertion,Python,.py,11,464,True,13,35,19,8,2012-06-06T08:52:53+09:00,2024-06-17T17:01:28+02:00,54
pytest,doc/en/example/assertion/test_setup_flow_example.py,test_setup_flow_example.py,doc/en/example/assertion,Python,.py,34,1289,True,9,52,5,4,2012-06-06T08:52:53+09:00,2024-06-17T17:01:28+02:00,57
pytest,doc/en/example/conftest.py,conftest.py,doc/en/example,Python,.py,2,87,False,5,6,2,4,2012-06-06T08:52:53+09:00,2024-06-17T17:01:28+02:00,8
pytest,doc/en/example/customdirectory/conftest.py,conftest.py,doc/en/example/customdirectory,Python,.py,24,1071,False,3,31,1,3,2023-06-02T16:03:39+03:00,2024-06-17T17:01:28+02:00,32
pytest,doc/en/example/customdirectory/tests/test_first.py,test_first.py,doc/en/example/customdirectory/tests,Python,.py,4,87,True,2,6,0,2,2023-06-02T16:03:39+03:00,2024-06-17T17:01:28+02:00,6
pytest,doc/en/example/customdirectory/tests/test_second.py,test_second.py,doc/en/example/customdirectory/tests,Python,.py,4,88,True,2,6,0,2,2023-06-02T16:03:39+03:00,2024-06-17T17:01:28+02:00,6
pytest,doc/en/example/customdirectory/tests/test_third.py,test_third.py,doc/en/example/customdirectory/tests,Python,.py,4,87,True,2,6,0,2,2023-06-02T16:03:39+03:00,2024-06-17T17:01:28+02:00,6
pytest,doc/en/example/fixtures/test_fixtures_order_autouse.py,test_fixtures_order_autouse.py,doc/en/example/fixtures,Python,.py,28,598,True,2,47,0,2,2020-12-16T11:53:14-05:00,2024-06-17T17:01:28+02:00,47
pytest,doc/en/example/fixtures/test_fixtures_order_autouse_multiple_scopes.py,test_fixtures_order_autouse_multiple_scopes.py,doc/en/example/fixtures,Python,.py,20,560,True,2,33,0,2,2020-12-16T11:53:14-05:00,2024-06-17T17:01:28+02:00,33
pytest,doc/en/example/fixtures/test_fixtures_order_autouse_temp_effects.py,test_fixtures_order_autouse_temp_effects.py,doc/en/example/fixtures,Python,.py,24,639,True,2,38,0,2,2020-12-16T11:53:14-05:00,2024-06-17T17:01:28+02:00,38
pytest,doc/en/example/fixtures/test_fixtures_order_dependencies.py,test_fixtures_order_dependencies.py,doc/en/example/fixtures,Python,.py,28,584,True,3,48,1,3,2020-12-16T11:53:14-05:00,2024-06-17T17:01:28+02:00,49
pytest,doc/en/example/fixtures/test_fixtures_order_scope.py,test_fixtures_order_scope.py,doc/en/example/fixtures,Python,.py,23,646,True,2,38,0,2,2020-12-16T11:53:14-05:00,2024-06-17T17:01:28+02:00,38
pytest,doc/en/example/fixtures/test_fixtures_request_different_scope.py,test_fixtures_request_different_scope.py,doc/en/example/fixtures,Python,.py,20,514,True,2,31,0,2,2020-12-16T11:53:14-05:00,2024-06-17T17:01:28+02:00,31
pytest,doc/en/example/multipython.py,multipython.py,doc/en/example,Python,.py,55,1958,False,31,185,115,11,2012-06-06T08:52:53+09:00,2025-09-12T13:20:26+03:00,300
pytest,doc/en/example/nonpython/__init__.py,__init__.py,doc/en/example/nonpython,Python,.py,0,0,False,1,0,0,1,2012-06-06T08:52:53+09:00,2012-06-06T08:52:53+09:00,0
pytest,doc/en/example/nonpython/conftest.py,conftest.py,doc/en/example/nonpython,Python,.py,37,1549,False,22,88,38,10,2012-06-06T08:52:53+09:00,2024-06-17T17:01:28+02:00,126
pytest,doc/en/example/pythoncollection.py,pythoncollection.py,doc/en/example,Python,.py,10,236,False,11,22,7,6,2012-06-06T08:52:53+09:00,2024-06-17T17:01:28+02:00,29
pytest,doc/en/example/xfail_demo.py,xfail_demo.py,doc/en/example,Python,.py,24,485,False,9,44,3,6,2012-06-06T08:52:53+09:00,2024-06-17T17:01:28+02:00,47
pytest,extra/get_issues.py,get_issues.py,extra,Python,.py,71,2370,False,22,157,68,8,2013-11-18T21:31:32+01:00,2024-06-17T17:01:28+02:00,225
pytest,scripts/diff-assert-rewrite.py,diff-assert-rewrite.py,scripts,Python,.py,133,5769,False,2,175,18,1,2026-08-22T07:52:33+02:00,2026-08-25T17:28:51+02:00,193
pytest,scripts/generate-gh-release-notes.py,generate-gh-release-notes.py,scripts,Python,.py,53,2155,False,8,98,29,5,2023-12-31T10:09:33-03:00,2025-11-03T23:04:14+02:00,127
pytest,scripts/prepare-release-pr.py,prepare-release-pr.py,scripts,Python,.py,140,4989,False,21,254,74,8,2020-12-16T07:50:02-03:00,2025-08-27T19:19:40+09:00,328
pytest,scripts/release.py,release.py,scripts,Python,.py,119,4969,False,24,210,62,13,2018-07-14T10:21:31-03:00,2025-06-02T15:43:30+03:00,272
pytest,scripts/update-plugin-list.py,update-plugin-list.py,scripts,Python,.py,187,7575,False,30,300,71,18,2021-01-29T15:19:54+01:00,2025-11-26T15:41:16+01:00,371
pytest,src/_pytest/__init__.py,__init__.py,src/_pytest,Python,.py,10,391,False,7,19,6,4,2018-05-26T09:05:41+02:00,2024-06-17T17:01:28+02:00,25
pytest,src/_pytest/_argcomplete.py,_argcomplete.py,src/_pytest,Python,.py,90,3776,False,18,164,46,8,2018-05-26T09:05:41+02:00,2024-06-17T17:01:28+02:00,210
pytest,src/_pytest/_code/__init__.py,__init__.py,src/_pytest/_code,Python,.py,22,521,False,14,52,26,5,2018-05-26T09:05:41+02:00,2024-11-29T19:59:40+01:00,78
pytest,src/_pytest/_code/code.py,code.py,src/_pytest/_code,Python,.py,1414,60879,False,182,3302,1617,35,2018-05-26T09:05:41+02:00,2026-08-18T17:39:17+02:00,4919
pytest,src/_pytest/_code/source.py,source.py,src/_pytest/_code,Python,.py,226,9287,False,65,800,537,12,2018-05-26T09:05:41+02:00,2026-08-18T17:39:12+02:00,1337
pytest,src/_pytest/_io/__init__.py,__init__.py,src/_pytest/_io,Python,.py,7,190,False,10,53,43,6,2019-01-20T10:40:20-08:00,2024-06-17T17:01:28+02:00,96
pytest,src/_pytest/_io/pprint.py,pprint.py,src/_pytest/_io,Python,.py,617,21409,False,28,1461,763,6,2023-11-17T18:40:29Z,2026-06-21T06:49:47+02:00,2224
pytest,src/_pytest/_io/saferepr.py,saferepr.py,src/_pytest/_io,Python,.py,126,4920,False,33,384,229,13,2019-01-20T10:40:20-08:00,2026-02-14T17:33:30+01:00,613
pytest,src/_pytest/_io/terminalwriter.py,terminalwriter.py,src/_pytest/_io,Python,.py,219,8994,False,49,962,704,13,2020-04-29T14:49:32+03:00,2025-09-14T14:15:40+03:00,1666
pytest,src/_pytest/_io/wcwidth.py,wcwidth.py,src/_pytest/_io,Python,.py,43,1289,False,3,58,1,3,2020-05-26T14:59:16+03:00,2024-06-17T17:01:28+02:00,59
pytest,src/_pytest/_py/__init__.py,__init__.py,src/_pytest/_py,Python,.py,0,0,False,1,0,0,1,2022-10-19T10:10:49-04:00,2022-10-19T10:10:49-04:00,0
pytest,src/_pytest/_py/error.py,error.py,src/_pytest/_py,Python,.py,97,3475,False,12,180,61,5,2022-10-19T10:10:49-04:00,2025-01-21T10:32:01-03:00,241
pytest,src/_pytest/_py/path.py,path.py,src/_pytest/_py,Python,.py,1271,49229,False,31,2375,900,7,2022-10-19T10:10:49-04:00,2025-09-16T09:48:10-03:00,3275
pytest,src/_pytest/approx.py,approx.py,src/_pytest,Python,.py,844,39460,False,5,1022,6,4,2026-06-23T19:36:55+03:00,2026-08-25T03:33:31-04:00,1028
pytest,src/_pytest/assertion/__init__.py,__init__.py,src/_pytest/assertion,Python,.py,214,9343,False,57,413,155,14,2018-05-26T09:05:41+02:00,2026-08-18T23:14:06+02:00,568
pytest,src/_pytest/assertion/_compare_any.py,_compare_any.py,src/_pytest/assertion,Python,.py,128,5250,False,10,213,74,2,2026-05-25T13:52:30+02:00,2026-07-24T18:58:29+02:00,287
pytest,src/_pytest/assertion/_compare_mapping.py,_compare_mapping.py,src/_pytest/assertion,Python,.py,66,2726,False,4,104,32,1,2026-05-25T13:52:30+02:00,2026-07-24T18:58:29+02:00,136
pytest,src/_pytest/assertion/_compare_sequence.py,_compare_sequence.py,src/_pytest/assertion,Python,.py,84,3596,False,4,130,34,2,2026-05-25T13:53:57+02:00,2026-07-24T18:58:29+02:00,164
pytest,src/_pytest/assertion/_compare_set.py,_compare_set.py,src/_pytest/assertion,Python,.py,81,2667,False,3,133,32,1,2026-05-25T21:50:37+02:00,2026-06-13T17:55:05+02:00,165
pytest,src/_pytest/assertion/_guards.py,_guards.py,src/_pytest/assertion,Python,.py,39,1954,False,2,63,2,2,2026-05-25T21:50:37+02:00,2026-06-25T22:23:44+09:00,65
pytest,src/_pytest/assertion/_typing.py,_typing.py,src/_pytest/assertion,Python,.py,23,1153,False,4,37,2,1,2026-05-25T21:50:37+02:00,2026-07-31T09:56:04+02:00,39
pytest,src/_pytest/assertion/compare_text.py,compare_text.py,src/_pytest/assertion,Python,.py,116,4542,False,4,181,47,2,2026-05-25T13:56:17+02:00,2026-07-24T18:58:29+02:00,228
pytest,src/_pytest/assertion/highlight.py,highlight.py,src/_pytest/assertion,Python,.py,7,327,False,1,11,0,1,2026-05-25T21:50:37+02:00,2026-05-25T21:50:37+02:00,11
pytest,src/_pytest/assertion/rewrite.py,rewrite.py,src/_pytest/assertion,Python,.py,1029,47805,False,196,2906,1717,35,2018-05-26T09:05:41+02:00,2026-08-19T22:03:50+02:00,4623
pytest,src/_pytest/assertion/truncate.py,truncate.py,src/_pytest/assertion,Python,.py,133,6164,False,30,360,201,9,2018-05-26T09:05:41+02:00,2026-07-31T09:56:04+02:00,561
pytest,src/_pytest/assertion/util.py,util.py,src/_pytest/assertion,Python,.py,165,7010,False,114,1486,1295,31,2018-05-26T09:05:41+02:00,2026-08-15T21:56:35+02:00,2781
pytest,src/_pytest/cacheprovider.py,cacheprovider.py,src/_pytest,Python,.py,553,23778,False,133,1405,739,26,2018-05-26T09:05:41+02:00,2026-09-06T10:17:53-03:00,2144
pytest,src/_pytest/capture.py,capture.py,src/_pytest,Python,.py,917,37552,False,138,2822,1659,28,2017-12-20T10:28:50-08:00,2026-07-07T10:06:50-04:00,4481
pytest,src/_pytest/compat.py,compat.py,src/_pytest,Python,.py,255,10668,False,140,1110,789,28,2018-05-26T09:05:41+02:00,2026-09-06T10:17:53-03:00,1899
pytest,src/_pytest/config/__init__.py,__init__.py,src/_pytest/config,Python,.py,2103,89879,False,379,5150,2702,67,2018-06-05T09:06:43+02:00,2026-09-06T10:17:53-03:00,7852
pytest,src/_pytest/config/argparsing.py,argparsing.py,src/_pytest/config,Python,.py,515,22732,False,100,1340,725,23,2018-06-05T09:55:28+02:00,2026-07-24T17:37:16+02:00,2065
pytest,src/_pytest/config/exceptions.py,exceptions.py,src/_pytest/config,Python,.py,9,315,False,11,24,10,6,2018-06-05T10:07:02+02:00,2025-10-12T16:33:40+03:00,34
pytest,src/_pytest/config/findpaths.py,findpaths.py,src/_pytest/config,Python,.py,417,18132,False,70,1023,522,18,2018-06-05T10:07:02+02:00,2026-09-06T10:17:53-03:00,1545
pytest,src/_pytest/debugging.py,debugging.py,src/_pytest,Python,.py,330,13853,False,86,922,519,20,2017-07-26T17:18:29+02:00,2025-11-10T23:41:33+02:00,1441
pytest,src/_pytest/deprecated.py,deprecated.py,src/_pytest,Python,.py,126,6251,False,152,616,450,19,2018-05-26T09:05:41+02:00,2026-07-31T22:43:41+08:00,1066
pytest,src/_pytest/doctest.py,doctest.py,src/_pytest,Python,.py,620,25930,False,108,1400,651,28,2018-05-26T09:05:41+02:00,2026-07-13T08:43:02+03:00,2051
pytest,src/_pytest/faulthandler.py,faulthandler.py,src/_pytest,Python,.py,92,4250,False,28,359,240,9,2019-06-12T18:49:51-03:00,2025-10-06T15:36:17+02:00,599
pytest,src/_pytest/fixtures.py,fixtures.py,src/_pytest,Python,.py,2244,102209,False,355,5857,3280,54,2018-05-26T09:05:41+02:00,2026-08-17T12:09:01+02:00,9137
pytest,src/_pytest/freeze_support.py,freeze_support.py,src/_pytest,Python,.py,36,1300,False,14,82,37,7,2018-05-26T09:05:41+02:00,2024-11-10T19:25:05+01:00,119
pytest,src/_pytest/helpconfig.py,helpconfig.py,src/_pytest,Python,.py,257,10088,False,62,476,182,21,2018-05-26T09:05:41+02:00,2026-07-24T17:37:16+02:00,658
pytest,src/_pytest/hookspec.py,hookspec.py,src/_pytest,Python,.py,896,42100,False,138,2320,1022,26,2017-07-26T17:18:29+02:00,2026-07-27T21:10:17Z,3342
pytest,src/_pytest/junitxml.py,junitxml.py,src/_pytest,Python,.py,610,26644,False,110,1420,694,34,2018-05-26T09:05:41+02:00,2026-09-06T10:17:53-03:00,2114
pytest,src/_pytest/legacypath.py,legacypath.py,src/_pytest,Python,.py,352,16833,False,31,667,196,10,2021-10-16T10:28:45+03:00,2026-07-22T17:36:33+02:00,863
pytest,src/_pytest/logging.py,logging.py,src/_pytest,Python,.py,811,36228,False,145,2084,1102,39,2018-05-26T09:05:41+02:00,2026-08-26T10:05:53+02:00,3186
pytest,src/_pytest/main.py,main.py,src/_pytest,Python,.py,1077,44147,False,247,3080,1874,34,2018-05-26T09:05:41+02:00,2026-09-06T10:17:53-03:00,4954
pytest,src/_pytest/mark/__init__.py,__init__.py,src/_pytest/mark,Python,.py,250,10542,False,72,568,244,21,2018-05-26T09:05:41+02:00,2026-08-10T08:22:22+02:00,812
pytest,src/_pytest/mark/expression.py,expression.py,src/_pytest/mark,Python,.py,290,11686,False,36,529,166,12,2020-04-25T13:38:53+03:00,2026-05-13T23:42:37+08:00,695
pytest,src/_pytest/mark/structures.py,structures.py,src/_pytest/mark,Python,.py,575,24510,False,158,1577,882,34,2018-05-26T09:05:41+02:00,2026-07-28T07:49:22+02:00,2459
pytest,src/_pytest/monkeypatch.py,monkeypatch.py,src/_pytest,Python,.py,377,16778,False,60,725,269,20,2018-05-26T09:05:41+02:00,2026-09-04T12:09:35+02:00,994
pytest,src/_pytest/nodeid.py,nodeid.py,src/_pytest,Python,.py,95,4405,False,1,113,0,1,2026-09-06T10:17:53-03:00,2026-09-06T10:17:53-03:00,113
pytest,src/_pytest/nodes.py,nodes.py,src/_pytest,Python,.py,640,27476,False,185,1975,1185,28,2018-05-26T09:05:41+02:00,2026-09-06T10:17:53-03:00,3160
pytest,src/_pytest/outcomes.py,outcomes.py,src/_pytest,Python,.py,204,8799,False,71,679,392,20,2018-05-26T09:05:41+02:00,2026-03-15T13:26:12+02:00,1071
pytest,src/_pytest/pastebin.py,pastebin.py,src/_pytest,Python,.py,101,4281,False,32,214,93,13,2018-05-26T09:05:41+02:00,2026-05-10T22:59:54+03:00,307
pytest,src/_pytest/pathlib.py,pathlib.py,src/_pytest,Python,.py,905,39450,False,128,1773,668,28,2018-09-29T11:42:31+02:00,2026-08-17T12:13:08+02:00,2441
pytest,src/_pytest/pytester.py,pytester.py,src/_pytest,Python,.py,1501,63484,False,239,3658,1843,37,2018-05-26T09:05:41+02:00,2026-09-06T10:17:53-03:00,5501
pytest,src/_pytest/pytester_assertions.py,pytester_assertions.py,src/_pytest,Python,.py,65,2253,False,8,93,19,7,2020-11-09T18:27:40+02:00,2026-02-14T17:33:30+01:00,112
pytest,src/_pytest/python.py,python.py,src/_pytest,Python,.py,1615,71919,False,368,4863,3094,56,2017-10-11T18:11:50+02:00,2026-09-06T10:17:53-03:00,7957
pytest,src/_pytest/raises.py,raises.py,src/_pytest,Python,.py,1286,59802,False,23,1597,90,11,2025-03-29T14:08:12+01:00,2026-07-28T16:10:09+02:00,1687
pytest,src/_pytest/recwarn.py,recwarn.py,src/_pytest,Python,.py,308,13830,False,108,928,550,29,2018-05-26T09:05:41+02:00,2026-07-22T07:54:50+02:00,1478
pytest,src/_pytest/reports.py,reports.py,src/_pytest,Python,.py,611,24348,False,109,1270,536,19,2018-06-26T21:17:36+02:00,2026-09-06T10:17:53-03:00,1806
pytest,src/_pytest/runner.py,runner.py,src/_pytest,Python,.py,497,20342,False,135,1498,905,24,2018-05-26T09:05:41+02:00,2026-09-06T10:17:53-03:00,2403
pytest,src/_pytest/scope.py,scope.py,src/_pytest,Python,.py,68,2736,False,8,116,25,6,2021-08-01T06:11:56-03:00,2026-04-01T08:35:35-07:00,141
pytest,src/_pytest/setuponly.py,setuponly.py,src/_pytest,Python,.py,80,3167,False,27,177,79,12,2018-05-26T09:05:41+02:00,2025-03-11T09:14:36+01:00,256
pytest,src/_pytest/setupplan.py,setupplan.py,src/_pytest,Python,.py,32,1184,False,12,57,18,6,2018-05-26T09:05:41+02:00,2024-06-17T17:01:28+02:00,75
pytest,src/_pytest/skipping.py,skipping.py,src/_pytest,Python,.py,271,10850,False,73,952,583,21,2018-05-26T09:05:41+02:00,2026-07-24T23:22:36+01:00,1535
pytest,src/_pytest/stash.py,stash.py,src/_pytest,Python,.py,79,3090,False,7,144,28,4,2021-07-18T13:51:09+03:00,2024-06-17T17:01:28+02:00,172
pytest,src/_pytest/stepwise.py,stepwise.py,src/_pytest,Python,.py,185,8112,False,31,372,153,12,2018-10-14T09:23:21+01:00,2026-09-06T10:17:53-03:00,525
pytest,src/_pytest/subtests.py,subtests.py,src/_pytest,Python,.py,342,13536,False,5,426,7,3,2025-11-01T11:43:53-03:00,2026-09-06T10:17:53-03:00,433
pytest,src/_pytest/terminal.py,terminal.py,src/_pytest,Python,.py,1573,66205,False,252,3343,1595,59,2018-05-26T09:05:41+02:00,2026-09-06T10:17:53-03:00,4938
pytest,src/_pytest/terminalprogress.py,terminalprogress.py,src/_pytest,Python,.py,24,1153,False,2,31,1,1,2025-11-16T15:05:10+02:00,2025-11-18T20:50:06+02:00,32
pytest,src/_pytest/threadexception.py,threadexception.py,src/_pytest,Python,.py,122,4892,False,14,294,146,7,2020-11-13T23:47:19+02:00,2026-08-17T12:09:12+02:00,440
pytest,src/_pytest/timing.py,timing.py,src/_pytest,Python,.py,68,3196,False,10,102,5,5,2020-05-22T16:10:51-03:00,2026-02-10T15:36:50+01:00,107
pytest,src/_pytest/tmpdir.py,tmpdir.py,src/_pytest,Python,.py,300,13062,False,102,1110,761,21,2018-05-26T09:05:41+02:00,2026-07-30T15:48:03+02:00,1871
pytest,src/_pytest/tracemalloc.py,tracemalloc.py,src/_pytest,Python,.py,20,778,False,1,24,0,1,2024-11-30T21:17:32Z,2024-11-30T21:17:32Z,24
pytest,src/_pytest/unittest.py,unittest.py,src/_pytest,Python,.py,559,25100,False,88,1230,579,14,2018-05-26T09:05:41+02:00,2026-08-19T11:10:06+02:00,1809
pytest,src/_pytest/unraisableexception.py,unraisableexception.py,src/_pytest,Python,.py,152,6484,False,14,316,132,7,2020-11-13T23:47:19+02:00,2026-08-17T12:09:12+02:00,448
pytest,src/_pytest/warning_types.py,warning_types.py,src/_pytest,Python,.py,110,4241,False,53,331,165,13,2018-08-29T17:53:51-03:00,2026-03-20T21:04:28+02:00,496
pytest,src/_pytest/warnings.py,warnings.py,src/_pytest,Python,.py,100,3885,False,73,554,432,15,2018-05-26T09:05:41+02:00,2026-07-22T22:32:09+02:00,986
pytest,src/py.py,py.py,src,Python,.py,10,329,False,5,17,2,5,2022-10-19T10:10:49-04:00,2024-06-17T17:01:28+02:00,19
pytest,src/pytest/__init__.py,__init__.py,src/pytest,Python,.py,184,5688,False,65,280,90,18,2019-11-27T10:53:05-05:00,2026-06-23T19:36:55+03:00,370
pytest,src/pytest/__main__.py,__main__.py,src/pytest,Python,.py,5,175,False,7,15,6,4,2019-12-02T15:18:04-03:00,2026-05-24T10:14:57+02:00,21
pytest,testing/_py/test_local.py,test_local.py,testing/_py,Python,.py,1318,52632,True,36,1702,122,14,2022-10-19T21:42:11-04:00,2026-07-13T07:35:26+02:00,1824
pytest,testing/acceptance_test.py,acceptance_test.py,testing,Python,.py,1539,61200,True,281,3490,1721,52,2010-01-13T16:17:50+01:00,2026-08-01T14:09:53+02:00,5211
pytest,testing/code/test_code.py,test_code.py,testing/code,Python,.py,165,6033,True,55,712,485,15,2009-09-06T16:59:39+02:00,2026-05-30T19:49:42+08:00,1197
pytest,testing/code/test_excinfo.py,test_excinfo.py,testing/code,Python,.py,1979,77215,True,183,4385,2119,47,2009-09-06T16:59:39+02:00,2026-08-18T17:39:17+02:00,6504
pytest,testing/code/test_source.py,test_source.py,testing/code,Python,.py,560,18321,True,116,1933,1211,23,2009-09-06T16:59:39+02:00,2026-08-18T17:39:12+02:00,3144
pytest,testing/conftest.py,conftest.py,testing,Python,.py,195,8065,False,77,622,363,17,2010-01-13T16:17:50+01:00,2026-08-17T12:10:47+02:00,985
pytest,testing/deprecated_test.py,deprecated_test.py,testing,Python,.py,301,12226,True,151,1670,1303,27,2016-07-23T11:56:04-03:00,2026-07-24T11:24:55+02:00,2973
pytest,testing/example_scripts/__init__.py,__init__.py,testing/example_scripts,Python,.py,0,0,False,1,0,0,1,2021-07-27T22:50:26+01:00,2021-07-27T22:50:26+01:00,0
pytest,testing/example_scripts/acceptance/fixture_mock_integration.py,fixture_mock_integration.py,testing/example_scripts/acceptance,Python,.py,12,359,False,9,28,7,6,2018-08-04T15:14:00-03:00,2024-06-17T17:01:28+02:00,35
pytest,testing/example_scripts/collect/collect_init_tests/tests/__init__.py,__init__.py,testing/example_scripts/collect/collect_init_tests/tests,Python,.py,4,90,True,5,7,1,3,2018-08-25T11:09:43-03:00,2024-06-17T17:01:28+02:00,8
pytest,testing/example_scripts/collect/collect_init_tests/tests/test_foo.py,test_foo.py,testing/example_scripts/collect/collect_init_tests/tests,Python,.py,4,89,True,5,7,1,3,2018-08-25T11:09:43-03:00,2024-06-17T17:01:28+02:00,8
pytest,testing/example_scripts/collect/package_infinite_recursion/conftest.py,conftest.py,testing/example_scripts/collect/package_infinite_recursion,Python,.py,4,125,False,7,9,3,4,2018-08-02T15:18:36-03:00,2024-06-17T17:01:28+02:00,12
pytest,testing/example_scripts/collect/package_infinite_recursion/tests/__init__.py,__init__.py,testing/example_scripts/collect/package_infinite_recursion/tests,Python,.py,0,0,True,1,0,0,1,2018-08-02T15:18:36-03:00,2018-08-02T15:18:36-03:00,0
pytest,testing/example_scripts/collect/package_infinite_recursion/tests/test_basic.py,test_basic.py,testing/example_scripts/collect/package_infinite_recursion/tests,Python,.py,4,85,True,5,7,1,3,2018-08-02T15:18:36-03:00,2024-06-17T17:01:28+02:00,8
pytest,testing/example_scripts/collect/package_init_given_as_arg/pkg/__init__.py,__init__.py,testing/example_scripts/collect/package_init_given_as_arg/pkg,Python,.py,4,90,False,4,6,0,3,2018-09-20T17:52:35-03:00,2024-06-17T17:01:28+02:00,6
pytest,testing/example_scripts/collect/package_init_given_as_arg/pkg/test_foo.py,test_foo.py,testing/example_scripts/collect/package_init_given_as_arg/pkg,Python,.py,4,89,True,6,8,2,4,2018-09-20T17:52:35-03:00,2024-06-17T17:01:28+02:00,10
pytest,testing/example_scripts/config/collect_pytest_prefix/conftest.py,conftest.py,testing/example_scripts/config/collect_pytest_prefix,Python,.py,3,70,False,5,7,2,3,2018-08-04T16:35:24-03:00,2024-06-17T17:01:28+02:00,9
pytest,testing/example_scripts/config/collect_pytest_prefix/test_foo.py,test_foo.py,testing/example_scripts/config/collect_pytest_prefix,Python,.py,4,89,True,5,7,1,3,2018-08-04T16:35:24-03:00,2024-06-17T17:01:28+02:00,8
pytest,testing/example_scripts/conftest_usageerror/conftest.py,conftest.py,testing/example_scripts/conftest_usageerror,Python,.py,7,223,False,6,13,1,4,2018-06-26T22:59:40+02:00,2024-06-17T17:01:28+02:00,14
pytest,testing/example_scripts/customdirectory/conftest.py,conftest.py,testing/example_scripts/customdirectory,Python,.py,19,693,False,3,25,0,3,2023-06-02T16:03:39+03:00,2024-06-17T17:01:28+02:00,25
pytest,testing/example_scripts/customdirectory/tests/test_first.py,test_first.py,testing/example_scripts/customdirectory/tests,Python,.py,5,114,True,3,7,0,3,2023-06-02T16:03:39+03:00,2024-06-17T17:01:28+02:00,7
pytest,testing/example_scripts/customdirectory/tests/test_second.py,test_second.py,testing/example_scripts/customdirectory/tests,Python,.py,5,115,True,3,7,0,3,2023-06-02T16:03:39+03:00,2024-06-17T17:01:28+02:00,7
pytest,testing/example_scripts/customdirectory/tests/test_third.py,test_third.py,testing/example_scripts/customdirectory/tests,Python,.py,5,114,True,3,7,0,3,2023-06-02T16:03:39+03:00,2024-06-17T17:01:28+02:00,7
pytest,testing/example_scripts/dataclasses/test_compare_dataclasses.py,test_compare_dataclasses.py,testing/example_scripts/dataclasses,Python,.py,11,339,True,6,20,4,4,2018-11-12T15:36:16-06:00,2024-06-17T17:01:28+02:00,24
pytest,testing/example_scripts/dataclasses/test_compare_dataclasses_field_comparison_off.py,test_compare_dataclasses_field_comparison_off.py,testing/example_scripts/dataclasses,Python,.py,11,382,True,6,20,4,4,2018-11-12T15:36:16-06:00,2024-06-17T17:01:28+02:00,24
pytest,testing/example_scripts/dataclasses/test_compare_dataclasses_verbose.py,test_compare_dataclasses_verbose.py,testing/example_scripts/dataclasses,Python,.py,11,347,True,6,20,4,4,2018-11-12T15:36:16-06:00,2024-06-17T17:01:28+02:00,24
pytest,testing/example_scripts/dataclasses/test_compare_dataclasses_with_custom_eq.py,test_compare_dataclasses_with_custom_eq.py,testing/example_scripts/dataclasses,Python,.py,13,425,True,4,22,3,3,2021-12-12T14:38:45+02:00,2024-11-29T20:30:17+01:00,25
pytest,testing/example_scripts/dataclasses/test_compare_initvar.py,test_compare_initvar.py,testing/example_scripts/dataclasses,Python,.py,10,260,True,3,15,0,3,2022-04-08T17:00:31-04:00,2024-06-17T17:01:28+02:00,15
pytest,testing/example_scripts/dataclasses/test_compare_recursive_dataclasses.py,test_compare_recursive_dataclasses.py,testing/example_scripts/dataclasses,Python,.py,35,614,True,6,67,20,5,2020-06-02T15:38:41+02:00,2024-06-17T17:01:28+02:00,87
pytest,testing/example_scripts/dataclasses/test_compare_two_different_dataclasses.py,test_compare_two_different_dataclasses.py,testing/example_scripts/dataclasses,Python,.py,15,518,True,7,29,8,4,2018-11-12T15:36:16-06:00,2024-06-17T17:01:28+02:00,37
pytest,testing/example_scripts/doctest/main_py/__main__.py,__main__.py,testing/example_scripts/doctest/main_py,Python,.py,4,108,False,3,6,0,3,2021-07-27T22:50:26+01:00,2024-06-17T17:01:28+02:00,6
pytest,testing/example_scripts/doctest/main_py/test_normal_module.py,test_normal_module.py,testing/example_scripts/doctest/main_py,Python,.py,8,137,True,3,10,0,3,2021-07-27T22:50:26+01:00,2024-06-17T17:01:28+02:00,10
pytest,testing/example_scripts/fixtures/custom_item/conftest.py,conftest.py,testing/example_scripts/fixtures/custom_item,Python,.py,11,375,False,8,25,7,4,2018-07-31T17:50:55-03:00,2024-06-17T17:01:28+02:00,32
pytest,testing/example_scripts/fixtures/custom_item/foo/__init__.py,__init__.py,testing/example_scripts/fixtures/custom_item/foo,Python,.py,0,0,False,1,0,0,1,2018-07-31T17:50:55-03:00,2018-07-31T17:50:55-03:00,0
pytest,testing/example_scripts/fixtures/custom_item/foo/test_foo.py,test_foo.py,testing/example_scripts/fixtures/custom_item/foo,Python,.py,4,85,True,5,7,1,3,2018-07-31T17:50:55-03:00,2024-06-17T17:01:28+02:00,8
pytest,testing/example_scripts/fixtures/fill_fixtures/test_conftest_funcargs_only_available_in_subdir/sub1/__init__.py,__init__.py,testing/example_scripts/fixtures/fill_fixtures/test_conftest_funcargs_only_available_in_subdir/sub1,Python,.py,0,0,False,1,0,0,1,2018-06-29T10:58:33+02:00,2018-06-29T10:58:33+02:00,0
pytest,testing/example_scripts/fixtures/fill_fixtures/test_conftest_funcargs_only_available_in_subdir/sub1/conftest.py,conftest.py,testing/example_scripts/fixtures/fill_fixtures/test_conftest_funcargs_only_available_in_subdir/sub1,Python,.py,7,205,False,6,12,2,4,2018-06-29T10:58:33+02:00,2024-06-17T17:01:28+02:00,14
pytest,testing/example_scripts/fixtures/fill_fixtures/test_conftest_funcargs_only_available_in_subdir/sub1/test_in_sub1.py,test_in_sub1.py,testing/example_scripts/fixtures/fill_fixtures/test_conftest_funcargs_only_available_in_subdir/sub1,Python,.py,4,91,True,5,7,1,3,2018-06-29T10:58:33+02:00,2024-06-17T17:01:28+02:00,8
pytest,testing/example_scripts/fixtures/fill_fixtures/test_conftest_funcargs_only_available_in_subdir/sub2/__init__.py,__init__.py,testing/example_scripts/fixtures/fill_fixtures/test_conftest_funcargs_only_available_in_subdir/sub2,Python,.py,0,0,False,1,0,0,1,2018-06-29T10:58:33+02:00,2018-06-29T10:58:33+02:00,0
pytest,testing/example_scripts/fixtures/fill_fixtures/test_conftest_funcargs_only_available_in_subdir/sub2/conftest.py,conftest.py,testing/example_scripts/fixtures/fill_fixtures/test_conftest_funcargs_only_available_in_subdir/sub2,Python,.py,8,246,False,8,15,4,3,2018-06-29T10:58:33+02:00,2025-09-16T09:48:10-03:00,19
pytest,testing/example_scripts/fixtures/fill_fixtures/test_conftest_funcargs_only_available_in_subdir/sub2/test_in_sub2.py,test_in_sub2.py,testing/example_scripts/fixtures/fill_fixtures/test_conftest_funcargs_only_available_in_subdir/sub2,Python,.py,4,91,True,5,7,1,3,2018-06-29T10:58:33+02:00,2024-06-17T17:01:28+02:00,8
pytest,testing/example_scripts/fixtures/fill_fixtures/test_detect_recursive_dependency_error.py,test_detect_recursive_dependency_error.py,testing/example_scripts/fixtures/fill_fixtures,Python,.py,11,198,True,5,19,1,3,2018-10-20T09:44:42-03:00,2024-06-17T17:01:28+02:00,20
pytest,testing/example_scripts/fixtures/fill_fixtures/test_extend_fixture_conftest_conftest/conftest.py,conftest.py,testing/example_scripts/fixtures/fill_fixtures/test_extend_fixture_conftest_conftest,Python,.py,6,125,False,5,10,1,3,2018-06-29T10:58:33+02:00,2024-06-17T17:01:28+02:00,11
pytest,testing/example_scripts/fixtures/fill_fixtures/test_extend_fixture_conftest_conftest/pkg/__init__.py,__init__.py,testing/example_scripts/fixtures/fill_fixtures/test_extend_fixture_conftest_conftest/pkg,Python,.py,0,0,False,1,0,0,1,2018-06-29T10:58:33+02:00,2018-06-29T10:58:33+02:00,0
pytest,testing/example_scripts/fixtures/fill_fixtures/test_extend_fixture_conftest_conftest/pkg/conftest.py,conftest.py,testing/example_scripts/fixtures/fill_fixtures/test_extend_fixture_conftest_conftest/pkg,Python,.py,6,131,False,5,10,1,3,2018-06-29T10:58:33+02:00,2024-06-17T17:01:28+02:00,11
pytest,testing/example_scripts/fixtures/fill_fixtures/test_extend_fixture_conftest_conftest/pkg/test_spam.py,test_spam.py,testing/example_scripts/fixtures/fill_fixtures/test_extend_fixture_conftest_conftest/pkg,Python,.py,4,115,True,5,7,1,3,2018-06-29T10:58:33+02:00,2024-06-17T17:01:28+02:00,8
pytest,testing/example_scripts/fixtures/fill_fixtures/test_extend_fixture_conftest_module/conftest.py,conftest.py,testing/example_scripts/fixtures/fill_fixtures/test_extend_fixture_conftest_module,Python,.py,6,125,False,5,10,1,3,2018-06-29T10:58:33+02:00,2024-06-17T17:01:28+02:00,11
pytest,testing/example_scripts/fixtures/fill_fixtures/test_extend_fixture_conftest_module/test_extend_fixture_conftest_module.py,test_extend_fixture_conftest_module.py,testing/example_scripts/fixtures/fill_fixtures/test_extend_fixture_conftest_module,Python,.py,8,184,True,5,14,1,3,2018-06-29T10:58:33+02:00,2024-06-17T17:01:28+02:00,15
pytest,testing/example_scripts/fixtures/fill_fixtures/test_extend_fixture_module_class.py,test_extend_fixture_module_class.py,testing/example_scripts/fixtures/fill_fixtures,Python,.py,12,279,True,6,20,2,3,2018-06-29T10:58:33+02:00,2024-06-17T17:01:28+02:00,22
pytest,testing/example_scripts/fixtures/fill_fixtures/test_funcarg_basic.py,test_funcarg_basic.py,testing/example_scripts/fixtures/fill_fixtures,Python,.py,11,242,True,6,20,2,3,2018-06-29T10:58:33+02:00,2024-06-17T17:01:28+02:00,22
pytest,testing/example_scripts/fixtures/fill_fixtures/test_funcarg_lookup_classlevel.py,test_funcarg_lookup_classlevel.py,testing/example_scripts/fixtures/fill_fixtures,Python,.py,9,254,True,7,16,3,3,2018-06-29T10:58:33+02:00,2024-06-17T17:01:28+02:00,19
pytest,testing/example_scripts/fixtures/fill_fixtures/test_funcarg_lookup_modulelevel.py,test_funcarg_lookup_modulelevel.py,testing/example_scripts/fixtures/fill_fixtures,Python,.py,11,319,True,6,20,2,3,2018-06-29T10:58:33+02:00,2024-06-17T17:01:28+02:00,22
pytest,testing/example_scripts/fixtures/fill_fixtures/test_funcarg_lookupfails.py,test_funcarg_lookupfails.py,testing/example_scripts/fixtures/fill_fixtures,Python,.py,8,168,True,5,14,1,3,2018-06-29T10:58:33+02:00,2024-06-17T17:01:28+02:00,15
pytest,testing/example_scripts/fixtures/test_fixture_named_request.py,test_fixture_named_request.py,testing/example_scripts/fixtures,Python,.py,8,142,True,3,13,0,2,2019-06-30T13:14:38-03:00,2024-06-17T17:01:28+02:00,13
pytest,testing/example_scripts/fixtures/test_getfixturevalue_dynamic.py,test_getfixturevalue_dynamic.py,testing/example_scripts/fixtures,Python,.py,14,321,True,6,25,2,4,2018-10-03T18:50:14-03:00,2026-04-08T14:55:18+03:00,27
pytest,testing/example_scripts/issue88_initial_file_multinodes/conftest.py,conftest.py,testing/example_scripts/issue88_initial_file_multinodes,Python,.py,11,387,False,9,26,8,4,2018-06-26T22:59:40+02:00,2024-06-17T17:01:28+02:00,34
pytest,testing/example_scripts/issue88_initial_file_multinodes/test_hello.py,test_hello.py,testing/example_scripts/issue88_initial_file_multinodes,Python,.py,4,91,True,5,7,1,3,2018-06-26T22:59:40+02:00,2024-06-17T17:01:28+02:00,8
pytest,testing/example_scripts/issue_519.py,issue_519.py,testing/example_scripts,Python,.py,38,1456,False,16,106,49,6,2017-01-18T14:39:47+01:00,2026-07-27T19:02:42+01:00,155
pytest,testing/example_scripts/marks/marks_considered_keywords/conftest.py,conftest.py,testing/example_scripts/marks/marks_considered_keywords,Python,.py,0,0,False,1,0,0,1,2019-01-18T22:05:41+01:00,2019-01-18T22:05:41+01:00,0
pytest,testing/example_scripts/marks/marks_considered_keywords/test_marks_as_keywords.py,test_marks_as_keywords.py,testing/example_scripts/marks/marks_considered_keywords,Python,.py,6,122,True,5,10,1,3,2019-01-18T22:05:41+01:00,2024-06-17T17:01:28+02:00,11
pytest,testing/example_scripts/perf_examples/collect_stats/generate_folders.py,generate_folders.py,testing/example_scripts/perf_examples/collect_stats,Python,.py,23,919,False,9,35,4,6,2018-10-25T18:39:54+02:00,2024-06-17T17:01:28+02:00,39
pytest,testing/example_scripts/perf_examples/collect_stats/template_test.py,template_test.py,testing/example_scripts/perf_examples/collect_stats,Python,.py,4,87,True,5,7,1,3,2018-10-25T18:39:54+02:00,2024-06-17T17:01:28+02:00,8
pytest,testing/example_scripts/tmpdir/tmp_path_fixture.py,tmp_path_fixture.py,testing/example_scripts/tmpdir,Python,.py,7,226,False,3,10,0,3,2021-03-13T21:22:54+02:00,2024-06-17T17:01:28+02:00,10
pytest,testing/example_scripts/unittest/test_parametrized_fixture_error_message.py,test_parametrized_fixture_error_message.py,testing/example_scripts/unittest,Python,.py,11,285,True,6,19,2,3,2018-10-03T19:42:41-03:00,2024-06-17T17:01:28+02:00,21
pytest,testing/example_scripts/unittest/test_setup_skip.py,test_setup_skip.py,testing/example_scripts/unittest,Python,.py,11,343,True,6,18,1,4,2019-01-31T20:24:11-02:00,2024-06-17T17:01:28+02:00,19
pytest,testing/example_scripts/unittest/test_setup_skip_class.py,test_setup_skip_class.py,testing/example_scripts/unittest,Python,.py,12,369,True,6,19,1,4,2019-01-31T20:24:11-02:00,2024-06-17T17:01:28+02:00,20
pytest,testing/example_scripts/unittest/test_setup_skip_module.py,test_setup_skip_module.py,testing/example_scripts/unittest,Python,.py,10,297,True,6,17,1,4,2019-01-31T20:24:11-02:00,2024-06-17T17:01:28+02:00,18
pytest,testing/example_scripts/unittest/test_unittest_asyncio.py,test_unittest_asyncio.py,testing/example_scripts/unittest,Python,.py,17,630,True,9,33,6,5,2020-03-14T18:50:43+01:00,2024-06-17T17:01:28+02:00,39
pytest,testing/example_scripts/unittest/test_unittest_asynctest.py,test_unittest_asynctest.py,testing/example_scripts/unittest,Python,.py,16,470,True,8,31,5,6,2020-05-01T12:56:06-03:00,2024-06-17T17:01:28+02:00,36
pytest,testing/example_scripts/unittest/test_unittest_plain_async.py,test_unittest_plain_async.py,testing/example_scripts/unittest,Python,.py,6,163,True,3,9,0,2,2020-08-04T19:37:41-03:00,2024-06-17T17:01:28+02:00,9
pytest,testing/example_scripts/warnings/test_group_warnings_by_message.py,test_group_warnings_by_message.py,testing/example_scripts/warnings,Python,.py,14,333,True,6,30,6,4,2019-01-22T19:42:22-02:00,2024-06-17T17:01:28+02:00,36
pytest,testing/example_scripts/warnings/test_group_warnings_by_message_summary/test_1.py,test_1.py,testing/example_scripts/warnings/test_group_warnings_by_message_summary,Python,.py,14,335,True,3,24,0,3,2020-04-05T16:10:05+02:00,2024-06-17T17:01:28+02:00,24
pytest,testing/example_scripts/warnings/test_group_warnings_by_message_summary/test_2.py,test_2.py,testing/example_scripts/warnings/test_group_warnings_by_message_summary,Python,.py,5,119,True,3,8,0,3,2020-04-05T16:10:05+02:00,2024-06-17T17:01:28+02:00,8
pytest,testing/examples/test_issue519.py,test_issue519.py,testing/examples,Python,.py,6,239,True,6,15,6,3,2018-06-26T22:59:40+02:00,2024-06-17T17:01:28+02:00,21
pytest,testing/freeze/create_executable.py,create_executable.py,testing/freeze,Python,.py,11,463,False,10,27,11,6,2016-07-26T21:29:07-03:00,2024-06-17T17:01:28+02:00,38
pytest,testing/freeze/runtests_script.py,runtests_script.py,testing/freeze,Python,.py,9,230,False,8,18,4,5,2016-07-26T21:29:07-03:00,2024-06-17T17:01:28+02:00,22
pytest,testing/freeze/tests/test_trivial.py,test_trivial.py,testing/freeze/tests,Python,.py,6,170,True,8,15,5,4,2016-07-26T21:29:07-03:00,2024-06-17T17:01:28+02:00,20
pytest,testing/freeze/tox_run.py,tox_run.py,testing/freeze,Python,.py,13,424,False,9,26,9,5,2016-07-26T21:29:07-03:00,2026-07-14T09:39:29+02:00,35
pytest,testing/io/test_pprint.py,test_pprint.py,testing/io,Python,.py,662,21006,True,6,791,80,3,2023-11-18T09:07:00Z,2026-06-21T06:49:47+02:00,871
pytest,testing/io/test_saferepr.py,test_saferepr.py,testing/io,Python,.py,168,6131,True,24,344,113,10,2019-01-20T10:40:20-08:00,2026-02-14T17:33:30+01:00,457
pytest,testing/io/test_terminalwriter.py,test_terminalwriter.py,testing/io,Python,.py,259,9875,True,21,379,54,12,2020-04-29T19:10:45+03:00,2024-12-25T21:28:46+01:00,433
pytest,testing/io/test_wcwidth.py,test_wcwidth.py,testing/io,Python,.py,35,861,True,5,44,4,4,2020-05-26T14:59:16+03:00,2024-06-17T17:01:28+02:00,48
pytest,testing/logging/test_fixture.py,test_fixture.py,testing/logging,Python,.py,425,18327,True,48,857,282,18,2017-09-13T13:12:07+02:00,2026-08-26T10:05:22+02:00,1139
pytest,testing/logging/test_formatter.py,test_formatter.py,testing/logging,Python,.py,153,5407,True,21,234,47,10,2018-01-23T00:57:56+01:00,2026-07-28T02:55:04+05:30,281
pytest,testing/logging/test_reporting.py,test_reporting.py,testing/logging,Python,.py,1333,48577,True,84,2457,822,24,2017-09-13T13:12:07+02:00,2026-04-10T11:42:36+03:00,3279
pytest,testing/plugins_integration/bdd_wallet.py,bdd_wallet.py,testing/plugins_integration,Python,.py,27,681,False,3,42,0,3,2020-09-19T19:56:52+01:00,2024-06-17T17:01:28+02:00,42
pytest,testing/plugins_integration/django_settings.py,django_settings.py,testing/plugins_integration,Python,.py,2,61,False,2,4,0,2,2020-09-19T19:56:52+01:00,2024-06-17T17:01:28+02:00,4
pytest,testing/plugins_integration/pytest_anyio_integration.py,pytest_anyio_integration.py,testing/plugins_integration,Python,.py,7,161,False,3,11,0,3,2020-09-19T19:56:52+01:00,2024-06-17T17:01:28+02:00,11
pytest,testing/plugins_integration/pytest_asyncio_integration.py,pytest_asyncio_integration.py,testing/plugins_integration,Python,.py,7,167,False,3,11,0,3,2020-09-19T19:56:52+01:00,2024-06-17T17:01:28+02:00,11
pytest,testing/plugins_integration/pytest_mock_integration.py,pytest_mock_integration.py,testing/plugins_integration,Python,.py,4,112,False,3,6,0,3,2020-09-19T19:56:52+01:00,2024-06-17T17:01:28+02:00,6
pytest,testing/plugins_integration/pytest_rerunfailures_integration.py,pytest_rerunfailures_integration.py,testing/plugins_integration,Python,.py,9,304,False,2,13,0,2,2024-06-07T09:49:29+03:00,2024-06-17T17:01:28+02:00,13
pytest,testing/plugins_integration/pytest_trio_integration.py,pytest_trio_integration.py,testing/plugins_integration,Python,.py,7,158,False,3,11,0,3,2020-09-19T19:56:52+01:00,2024-06-17T17:01:28+02:00,11
pytest,testing/plugins_integration/pytest_twisted_integration.py,pytest_twisted_integration.py,testing/plugins_integration,Python,.py,13,416,False,3,21,0,3,2020-09-19T19:56:52+01:00,2024-06-17T17:01:28+02:00,21
pytest,testing/plugins_integration/simple_integration.py,simple_integration.py,testing/plugins_integration,Python,.py,8,186,False,3,13,0,3,2020-09-19T19:56:52+01:00,2024-06-17T17:01:28+02:00,13
pytest,testing/python/approx.py,approx.py,testing/python,Python,.py,1298,56779,False,101,2074,525,40,2016-03-06T18:53:48-08:00,2026-08-25T03:33:31-04:00,2599
pytest,testing/python/collect.py,collect.py,testing/python,Python,.py,1537,56417,False,177,3298,1543,37,2012-11-02T16:04:57+01:00,2026-08-01T14:09:53+02:00,4841
pytest,testing/python/fixtures.py,fixtures.py,testing/python,Python,.py,5371,193461,False,147,7594,1371,38,2019-02-28T20:28:54-03:00,2026-08-19T22:04:01+02:00,8965
pytest,testing/python/integration.py,integration.py,testing/python,Python,.py,394,14076,False,62,758,293,19,2012-11-06T11:04:11+01:00,2025-09-16T09:48:10-03:00,1051
pytest,testing/python/metafunc.py,metafunc.py,testing/python,Python,.py,2178,84975,False,204,4625,2099,44,2012-11-02T16:04:57+01:00,2026-09-06T10:17:53-03:00,6724
pytest,testing/python/raises.py,raises.py,testing/python,Python,.py,435,19250,False,94,802,286,37,2012-11-02T16:04:57+01:00,2026-05-19T15:45:10-04:00,1088
pytest,testing/python/raises_group.py,raises_group.py,testing/python,Python,.py,1231,55895,False,17,1702,332,6,2025-02-04T13:30:01+01:00,2026-04-13T17:17:22+02:00,2034
pytest,testing/python/show_fixtures_per_test.py,show_fixtures_per_test.py,testing/python,Python,.py,286,9629,True,13,434,106,8,2016-06-12T00:17:50+01:00,2024-06-17T17:01:28+02:00,540
pytest,testing/test_argcomplete.py,test_argcomplete.py,testing,Python,.py,72,3235,True,32,210,111,12,2013-08-06T15:33:27+02:00,2026-08-17T12:13:22+02:00,321
pytest,testing/test_assertion.py,test_assertion.py,testing,Python,.py,2730,101498,True,228,4840,1703,55,2010-11-13T11:30:40+01:00,2026-08-17T12:06:43+02:00,6543
pytest,testing/test_assertrewrite.py,test_assertrewrite.py,testing,Python,.py,2002,76002,True,261,4433,2007,56,2011-05-18T15:31:10-05:00,2026-08-26T11:32:02+02:00,6440
pytest,testing/test_assertrewrite_coverage.py,test_assertrewrite_coverage.py,testing,Python,.py,1057,39694,True,3,1231,0,1,2026-07-31T19:52:36+02:00,2026-08-26T11:32:02+02:00,1231
pytest,testing/test_cacheprovider.py,test_cacheprovider.py,testing,Python,.py,1291,50026,True,102,2585,1129,27,2018-01-27T11:46:29-02:00,2026-09-06T10:17:53-03:00,3714
pytest,testing/test_capture.py,test_capture.py,testing,Python,.py,1549,55906,True,220,4210,2436,41,2010-11-13T11:30:40+01:00,2026-05-23T11:20:40-04:00,6646
pytest,testing/test_collect_imported_tests.py,test_collect_imported_tests.py,testing,Python,.py,84,2889,True,3,108,6,1,2024-12-01T09:03:24-03:00,2024-12-01T09:31:11-03:00,114
pytest,testing/test_collection.py,test_collection.py,testing,Python,.py,2466,94587,True,204,4348,1548,45,2010-09-15T10:30:50+02:00,2026-04-07T15:10:40Z,5896
pytest,testing/test_compat.py,test_compat.py,testing,Python,.py,151,4949,True,54,474,307,19,2010-01-13T16:17:50+01:00,2025-11-05T17:01:40+02:00,781
pytest,testing/test_config.py,test_config.py,testing,Python,.py,3120,121057,True,324,6080,2574,69,2010-01-13T16:17:50+01:00,2026-08-17T12:13:22+02:00,8654
pytest,testing/test_conftest.py,test_conftest.py,testing,Python,.py,957,34932,True,124,2154,1068,33,2010-10-07T11:51:58+02:00,2026-08-17T12:13:22+02:00,3222
pytest,testing/test_debugging.py,test_debugging.py,testing,Python,.py,1255,46590,True,36,1754,312,19,2018-03-22T17:25:27+11:00,2026-07-20T14:16:46+02:00,2066
pytest,testing/test_doctest.py,test_doctest.py,testing,Python,.py,1635,55419,True,145,3006,1109,43,2010-11-13T11:30:40+01:00,2026-08-05T23:57:01+02:00,4115
pytest,testing/test_entry_points.py,test_entry_points.py,testing,Python,.py,7,315,True,12,33,23,6,2016-06-22T10:19:43+02:00,2024-06-17T17:01:28+02:00,56
pytest,testing/test_error_diffs.py,test_error_diffs.py,testing,Python,.py,284,8675,True,11,402,106,10,2020-02-04T14:38:18+01:00,2026-07-22T12:18:35+02:00,508
pytest,testing/test_faulthandler.py,test_faulthandler.py,testing,Python,.py,187,6740,True,28,301,80,10,2019-06-12T18:49:51-03:00,2025-10-06T15:36:17+02:00,381
pytest,testing/test_findpaths.py,test_findpaths.py,testing,Python,.py,237,10314,True,18,362,96,7,2020-06-08T10:03:10-03:00,2026-08-05T23:57:01+02:00,458
pytest,testing/test_helpconfig.py,test_helpconfig.py,testing,Python,.py,142,5810,True,54,316,159,17,2010-11-13T11:30:40+01:00,2026-07-24T17:37:16+02:00,475
pytest,testing/test_junitxml.py,test_junitxml.py,testing,Python,.py,1658,61790,True,198,3692,1767,58,2010-11-13T11:30:40+01:00,2026-09-06T10:17:53-03:00,5459
pytest,testing/test_legacypath.py,test_legacypath.py,testing,Python,.py,154,5869,True,22,209,22,8,2021-10-16T10:28:45+03:00,2026-07-24T10:20:08+02:00,231
pytest,testing/test_link_resolve.py,test_link_resolve.py,testing,Python,.py,70,2379,True,8,109,25,8,2020-06-08T10:56:40-03:00,2024-06-17T17:01:28+02:00,134
pytest,testing/test_main.py,test_main.py,testing,Python,.py,329,12797,True,33,1207,835,12,2010-11-05T23:37:31+01:00,2025-09-16T09:48:10-03:00,2042
pytest,testing/test_mark.py,test_mark.py,testing,Python,.py,1297,45144,True,196,2898,1357,39,2010-11-13T11:30:40+01:00,2026-09-06T10:17:53-03:00,4255
pytest,testing/test_mark_expression.py,test_mark_expression.py,testing,Python,.py,317,11738,True,23,436,80,8,2020-04-25T13:38:53+03:00,2026-05-13T23:42:37+08:00,516
pytest,testing/test_meta.py,test_meta.py,testing,Python,.py,26,793,True,10,48,14,5,2019-10-01T13:24:23-07:00,2024-06-17T17:01:28+02:00,62
pytest,testing/test_monkeypatch.py,test_monkeypatch.py,testing,Python,.py,534,18934,True,79,1113,423,26,2010-11-13T11:30:40+01:00,2026-09-04T12:09:35+02:00,1536
pytest,testing/test_nodeid.py,test_nodeid.py,testing,Python,.py,143,6738,True,1,174,0,1,2026-09-06T10:17:53-03:00,2026-09-06T10:17:53-03:00,174
pytest,testing/test_nodes.py,test_nodes.py,testing,Python,.py,130,5404,True,38,320,156,13,2017-10-23T17:49:49+01:00,2026-03-15T12:35:30+02:00,476
pytest,testing/test_parseopt.py,test_parseopt.py,testing,Python,.py,339,16209,True,106,891,495,28,2010-01-13T16:17:50+01:00,2026-07-22T20:46:20+08:00,1386
pytest,testing/test_pastebin.py,test_pastebin.py,testing,Python,.py,180,7105,True,42,431,190,15,2010-11-13T11:30:40+01:00,2026-05-10T22:59:54+03:00,621
pytest,testing/test_pathlib.py,test_pathlib.py,testing,Python,.py,1544,64148,True,62,2180,389,18,2018-10-30T13:31:55-03:00,2026-08-12T14:00:27+02:00,2569
pytest,testing/test_pluginmanager.py,test_pluginmanager.py,testing,Python,.py,505,21001,True,91,1708,1128,22,2010-01-13T16:17:50+01:00,2026-08-01T14:09:53+02:00,2836
pytest,testing/test_pytester.py,test_pytester.py,testing,Python,.py,708,28203,True,123,1559,705,27,2010-11-13T11:30:40+01:00,2026-08-06T13:21:26-04:00,2264
pytest,testing/test_python_path.py,test_python_path.py,testing,Python,.py,103,4065,True,8,151,21,6,2022-02-09T09:58:38+02:00,2025-10-24T22:44:03+03:00,172
pytest,testing/test_recwarn.py,test_recwarn.py,testing,Python,.py,542,24695,True,89,1216,560,29,2010-11-13T11:30:40+01:00,2026-07-22T07:54:50+02:00,1776
pytest,testing/test_reports.py,test_reports.py,testing,Python,.py,542,23666,True,46,888,256,13,2019-03-20T20:24:51-03:00,2026-09-06T10:17:53-03:00,1144
pytest,testing/test_runner.py,test_runner.py,testing,Python,.py,1091,40471,True,168,2298,992,39,2010-11-13T11:30:40+01:00,2026-09-06T10:17:53-03:00,3290
pytest,testing/test_runner_xunit.py,test_runner_xunit.py,testing,Python,.py,241,7857,True,30,523,226,12,2010-11-13T11:30:40+01:00,2024-06-17T17:01:28+02:00,749
pytest,testing/test_scope.py,test_scope.py,testing,Python,.py,28,1382,True,3,42,1,3,2021-08-01T06:11:56-03:00,2024-06-17T17:01:28+02:00,43
pytest,testing/test_session.py,test_session.py,testing,Python,.py,415,15535,True,82,1064,579,21,2010-01-13T16:17:50+01:00,2026-08-01T14:09:53+02:00,1643
pytest,testing/test_setuponly.py,test_setuponly.py,testing,Python,.py,273,8225,True,12,347,51,8,2019-10-15T00:40:38+02:00,2026-05-01T14:09:06+02:00,398
pytest,testing/test_setupplan.py,test_setupplan.py,testing,Python,.py,103,3534,True,5,49,18,4,2019-10-15T00:40:38+02:00,2024-06-17T17:01:28+02:00,67
pytest,testing/test_skipping.py,test_skipping.py,testing,Python,.py,1397,45601,True,151,2878,1309,42,2010-11-13T11:30:40+01:00,2026-08-12T20:05:37-04:00,4187
pytest,testing/test_stash.py,test_stash.py,testing,Python,.py,59,1876,True,5,71,2,4,2021-07-18T13:51:09+03:00,2024-06-17T17:01:28+02:00,73
pytest,testing/test_stepwise.py,test_stepwise.py,testing,Python,.py,455,16450,True,33,710,165,17,2018-10-14T09:23:21+01:00,2025-01-15T14:48:06-03:00,875
pytest,testing/test_subtests.py,test_subtests.py,testing,Python,.py,940,34848,True,4,1097,22,2,2025-11-01T11:43:53-03:00,2026-02-18T19:17:31+01:00,1119
pytest,testing/test_terminal.py,test_terminal.py,testing,Python,.py,3156,118988,True,291,5528,1949,73,2010-11-13T11:30:40+01:00,2026-07-28T07:49:36+02:00,7477
pytest,testing/test_threadexception.py,test_threadexception.py,testing,Python,.py,210,7182,True,8,272,17,7,2020-11-13T23:47:19+02:00,2025-06-03T11:08:56+02:00,289
pytest,testing/test_tmpdir.py,test_tmpdir.py,testing,Python,.py,747,29950,True,111,1352,451,19,2010-11-13T11:30:40+01:00,2026-07-28T07:49:06+02:00,1803
pytest,testing/test_unittest.py,test_unittest.py,testing,Python,.py,1481,51378,True,128,2532,789,33,2010-11-13T11:30:40+01:00,2026-08-17T05:10:33+07:00,3321
pytest,testing/test_unraisableexception.py,test_unraisableexception.py,testing,Python,.py,433,16687,True,14,599,70,8,2020-11-13T23:47:19+02:00,2026-05-27T12:38:09-05:00,669
pytest,testing/test_warning_types.py,test_warning_types.py,testing,Python,.py,41,1508,True,10,62,12,5,2019-06-15T11:40:08-03:00,2025-09-16T09:48:10-03:00,74
pytest,testing/test_warnings.py,test_warnings.py,testing,Python,.py,1010,39204,True,122,1959,787,28,2016-11-21T08:26:43-02:00,2026-08-31T01:23:15Z,2746
pytest,testing/typing_checks.py,typing_checks.py,testing,Python,.py,54,1925,False,13,90,10,9,2020-07-14T13:05:38+03:00,2026-06-16T14:36:26+03:00,100
pytest,testing/typing_raises_group.py,typing_raises_group.py,testing,Python,.py,176,8364,False,8,285,45,3,2025-02-04T13:30:01+01:00,2025-09-12T13:20:26+03:00,330
requests,docs/_themes/flask_theme_support.py,flask_theme_support.py,docs/_themes,Python,.py,74,4875,False,1,86,0,1,2011-05-15T00:38:59-04:00,2011-05-15T00:38:59-04:00,86
requests,docs/conf.py,conf.py,docs,Python,.py,291,12148,False,40,593,208,15,2011-02-13T23:54:42-05:00,2026-04-11T13:39:24-06:00,801
requests,setup.py,setup.py,,Python,.py,6,179,False,172,586,578,43,2011-02-13T13:52:37-05:00,2026-02-06T08:02:46-07:00,1164
requests,src/requests/__init__.py,__init__.py,src/requests,Python,.py,184,5637,False,9,254,35,5,2023-08-13T14:46:13-07:00,2026-06-08T19:33:26+02:00,289
requests,src/requests/__version__.py,__version__.py,src/requests,Python,.py,13,435,False,14,38,24,2,2023-08-13T14:46:13-07:00,2026-05-14T13:21:52-06:00,62
requests,src/requests/_internal_utils.py,_internal_utils.py,src/requests,Python,.py,40,1542,False,4,57,6,1,2023-08-13T14:46:13-07:00,2026-05-03T13:38:48-06:00,63
requests,src/requests/_types.py,_types.py,src/requests,Python,.py,148,6041,False,7,199,11,2,2026-05-03T13:38:48-06:00,2026-06-09T08:45:59-07:00,210
requests,src/requests/adapters.py,adapters.py,src/requests,Python,.py,634,27992,False,18,893,145,7,2023-08-13T14:46:13-07:00,2026-06-08T19:33:26+02:00,1038
requests,src/requests/api.py,api.py,src/requests,Python,.py,139,7152,False,2,188,8,1,2023-08-13T14:46:13-07:00,2026-05-03T13:38:48-06:00,196
requests,src/requests/auth.py,auth.py,src/requests,Python,.py,283,12107,False,5,401,47,2,2023-08-13T14:46:13-07:00,2026-06-08T19:33:26+02:00,448
requests,src/requests/certs.py,certs.py,src/requests,Python,.py,13,430,False,2,18,0,1,2023-08-13T14:46:13-07:00,2026-01-30T14:10:27-07:00,18
requests,src/requests/compat.py,compat.py,src/requests,Python,.py,94,2494,False,7,131,16,2,2023-08-13T14:46:13-07:00,2026-06-08T19:33:26+02:00,147
requests,src/requests/cookies.py,cookies.py,src/requests,Python,.py,503,21504,False,3,705,80,2,2023-08-13T14:46:13-07:00,2026-06-08T19:33:26+02:00,785
requests,src/requests/exceptions.py,exceptions.py,src/requests,Python,.py,98,4564,False,4,167,5,2,2023-08-13T14:46:13-07:00,2026-05-03T13:38:48-06:00,172
requests,src/requests/help.py,help.py,src/requests,Python,.py,110,4068,False,5,155,23,2,2023-08-13T14:46:13-07:00,2026-06-08T19:33:26+02:00,178
requests,src/requests/hooks.py,hooks.py,src/requests,Python,.py,35,1138,False,3,57,9,1,2023-08-13T14:46:13-07:00,2026-05-03T13:38:48-06:00,66
requests,src/requests/models.py,models.py,src/requests,Python,.py,988,41462,False,18,1341,157,6,2023-08-13T14:46:13-07:00,2026-06-09T08:45:59-07:00,1498
requests,src/requests/packages.py,packages.py,src/requests,Python,.py,19,904,False,6,46,23,3,2023-08-13T14:46:13-07:00,2024-05-14T14:59:26-07:00,69
requests,src/requests/sessions.py,sessions.py,src/requests,Python,.py,758,34072,False,11,1008,88,6,2023-08-13T14:46:13-07:00,2026-06-08T19:33:26+02:00,1096
requests,src/requests/status_codes.py,status_codes.py,src/requests,Python,.py,116,4351,False,4,135,7,3,2023-08-13T14:46:13-07:00,2026-05-03T13:38:48-06:00,142
requests,src/requests/structures.py,structures.py,src/requests,Python,.py,96,4134,False,2,150,20,1,2023-08-13T14:46:13-07:00,2026-05-03T13:38:48-06:00,170
requests,src/requests/utils.py,utils.py,src/requests,Python,.py,915,36061,False,19,1295,140,7,2022-12-07T11:24:22Z,2026-06-08T19:33:26+02:00,1435
requests,tests/__init__.py,__init__.py,tests,Python,.py,11,469,True,7,36,22,5,2016-02-05T13:21:57+01:00,2023-01-21T09:44:33+01:00,58
requests,tests/compat.py,compat.py,tests,Python,.py,19,480,True,4,34,11,2,2016-02-05T13:21:57+01:00,2022-04-29T13:16:58-06:00,45
requests,tests/conftest.py,conftest.py,tests,Python,.py,48,1934,True,6,78,11,4,2016-02-05T13:21:57+01:00,2026-05-10T20:05:15-06:00,89
requests,tests/test_adapters.py,test_adapters.py,tests,Python,.py,6,314,True,2,10,2,2,2024-02-21T19:09:48-06:00,2026-05-10T17:41:25-04:00,12
requests,tests/test_help.py,test_help.py,tests,Python,.py,18,839,True,5,54,27,2,2017-07-03T17:41:53-06:00,2023-08-13T16:08:21-07:00,81
requests,tests/test_hooks.py,test_hooks.py,tests,Python,.py,15,424,True,3,31,9,2,2016-03-13T12:03:09+01:00,2022-04-29T13:16:58-06:00,40
requests,tests/test_lowlevel.py,test_lowlevel.py,tests,Python,.py,329,15343,True,25,579,151,12,2016-03-05T23:21:00+01:00,2026-01-30T14:10:27-07:00,730
requests,tests/test_packages.py,test_packages.py,tests,Python,.py,7,229,True,1,13,0,1,2017-05-29T17:25:56-04:00,2017-05-29T17:25:56-04:00,13
requests,tests/test_requests.py,test_requests.py,tests,Python,.py,2597,108534,True,254,6350,3256,96,2012-02-15T02:52:12-05:00,2026-06-09T08:45:59-07:00,9606
requests,tests/test_structures.py,test_structures.py,tests,Python,.py,71,2757,True,7,190,99,4,2016-03-13T11:08:27+01:00,2026-04-30T11:05:37-06:00,289
requests,tests/test_testserver.py,test_testserver.py,tests,Python,.py,129,5547,True,16,255,90,6,2016-03-04T19:35:46+01:00,2026-01-30T14:10:27-07:00,345
requests,tests/test_utils.py,test_utils.py,tests,Python,.py,875,31454,True,70,1685,816,31,2012-10-25T17:43:52+02:00,2026-05-11T13:24:21-06:00,2501
requests,tests/testserver/__init__.py,__init__.py,tests/testserver,Python,.py,0,0,True,1,0,0,1,2016-03-03T21:52:59+01:00,2016-03-03T21:52:59+01:00,0
requests,tests/testserver/server.py,server.py,tests/testserver,Python,.py,144,5147,True,15,240,64,8,2016-03-03T21:52:59+01:00,2024-03-13T15:58:45-05:00,304
requests,tests/utils.py,utils.py,tests,Python,.py,15,366,True,3,19,2,2,2016-05-13T15:24:50-04:00,2022-04-29T13:16:58-06:00,21
scikit-learn,.devcontainer/setup.sh,setup.sh,.devcontainer,Shell,.sh,16,681,False,2,20,0,2,2025-10-02T10:03:02+02:00,2025-10-21T18:10:06+02:00,20
scikit-learn,.github/scripts/add_or_remove_no_pr_warning.py,add_or_remove_no_pr_warning.py,.github/scripts,Python,.py,43,1889,False,1,50,0,1,2026-04-13T16:46:14+02:00,2026-04-13T16:46:14+02:00,50
scikit-learn,.github/scripts/first-time-contributor.py,first-time-contributor.py,.github/scripts,Python,.py,93,3765,False,2,111,2,2,2026-08-10T05:38:09-07:00,2026-08-24T13:19:11+01:00,113
scikit-learn,.github/scripts/label_title_regex.py,label_title_regex.py,.github/scripts,Python,.py,17,663,False,6,46,21,3,2021-02-01T14:59:42-05:00,2026-08-24T13:19:11+01:00,67
scikit-learn,.spin/cmds.py,cmds.py,.spin,Python,.py,23,793,False,1,29,0,1,2024-07-22T11:03:14+02:00,2024-07-22T11:03:14+02:00,29
scikit-learn,asv_benchmarks/benchmarks/__init__.py,__init__.py,asv_benchmarks/benchmarks,Python,.py,1,49,False,1,1,0,1,2020-07-29T15:28:25+02:00,2020-07-29T15:28:25+02:00,1
scikit-learn,asv_benchmarks/benchmarks/cluster.py,cluster.py,asv_benchmarks/benchmarks,Python,.py,79,2925,False,5,146,42,4,2020-07-29T15:28:25+02:00,2023-06-21T17:50:07+02:00,188
scikit-learn,asv_benchmarks/benchmarks/common.py,common.py,asv_benchmarks/benchmarks,Python,.py,191,7347,False,4,313,57,3,2020-07-29T15:28:25+02:00,2024-02-22T16:17:37+01:00,370
scikit-learn,asv_benchmarks/benchmarks/datasets.py,datasets.py,asv_benchmarks/benchmarks,Python,.py,134,5191,False,7,218,51,6,2020-07-29T15:28:25+02:00,2026-03-11T02:04:06-04:00,269
scikit-learn,asv_benchmarks/benchmarks/decomposition.py,decomposition.py,asv_benchmarks/benchmarks,Python,.py,68,2406,False,4,123,27,3,2020-07-29T15:28:25+02:00,2023-06-21T17:50:07+02:00,150
scikit-learn,asv_benchmarks/benchmarks/ensemble.py,ensemble.py,asv_benchmarks/benchmarks,Python,.py,87,2995,False,5,157,36,4,2020-07-29T15:28:25+02:00,2023-06-21T17:50:07+02:00,193
scikit-learn,asv_benchmarks/benchmarks/linear_model.py,linear_model.py,asv_benchmarks/benchmarks,Python,.py,183,6606,False,7,330,73,6,2020-07-29T15:28:25+02:00,2025-11-26T05:01:39+01:00,403
scikit-learn,asv_benchmarks/benchmarks/manifold.py,manifold.py,asv_benchmarks/benchmarks,Python,.py,22,820,False,2,39,5,2,2020-07-29T15:28:25+02:00,2021-06-17T14:21:09-04:00,44
scikit-learn,asv_benchmarks/benchmarks/metrics.py,metrics.py,asv_benchmarks/benchmarks,Python,.py,34,1363,False,2,57,12,2,2020-07-29T15:28:25+02:00,2021-06-17T14:21:09-04:00,69
scikit-learn,asv_benchmarks/benchmarks/model_selection.py,model_selection.py,asv_benchmarks/benchmarks,Python,.py,57,2371,False,2,100,16,2,2020-07-29T15:28:25+02:00,2021-06-17T14:21:09-04:00,116
scikit-learn,asv_benchmarks/benchmarks/neighbors.py,neighbors.py,asv_benchmarks/benchmarks,Python,.py,26,1140,False,2,48,9,2,2020-07-29T15:28:25+02:00,2021-06-17T14:21:09-04:00,57
scikit-learn,asv_benchmarks/benchmarks/svm.py,svm.py,asv_benchmarks/benchmarks,Python,.py,20,762,False,2,38,8,2,2020-07-29T15:28:25+02:00,2021-06-17T14:21:09-04:00,46
scikit-learn,asv_benchmarks/benchmarks/utils.py,utils.py,asv_benchmarks/benchmarks,Python,.py,32,1310,False,2,59,12,2,2020-07-29T15:28:25+02:00,2021-06-17T14:21:09-04:00,71
scikit-learn,benchmarks/bench_20newsgroups.py,bench_20newsgroups.py,benchmarks,Python,.py,83,3121,False,14,184,90,9,2014-09-30T11:37:15+02:00,2024-10-08T22:15:43+02:00,274
scikit-learn,benchmarks/bench_covertype.py,bench_covertype.py,benchmarks,Python,.py,201,7285,False,36,696,462,19,2012-03-03T11:44:08+01:00,2024-06-17T19:57:02+02:00,1158
scikit-learn,benchmarks/bench_feature_expansions.py,bench_feature_expansions.py,benchmarks,Python,.py,51,1820,False,5,72,14,4,2018-10-19T01:55:14-07:00,2026-03-11T02:04:06-04:00,86
scikit-learn,benchmarks/bench_glm.py,bench_glm.py,benchmarks,Python,.py,40,1479,False,13,115,58,10,2010-11-26T17:26:55+01:00,2024-04-10T17:06:55+02:00,173
scikit-learn,benchmarks/bench_glmnet.py,bench_glmnet.py,benchmarks,Python,.py,110,3968,False,13,270,130,10,2010-11-26T17:26:55+01:00,2024-04-10T17:06:55+02:00,400
scikit-learn,benchmarks/bench_hist_gradient_boosting.py,bench_hist_gradient_boosting.py,benchmarks,Python,.py,258,9516,False,12,440,148,5,2019-04-26T15:14:59-04:00,2023-06-21T17:50:07+02:00,588
scikit-learn,benchmarks/bench_hist_gradient_boosting_adult.py,bench_hist_gradient_boosting_adult.py,benchmarks,Python,.py,84,3507,False,9,137,37,7,2020-11-16T17:10:12-05:00,2025-04-15T13:11:52+02:00,174
scikit-learn,benchmarks/bench_hist_gradient_boosting_categorical_only.py,bench_hist_gradient_boosting_categorical_only.py,benchmarks,Python,.py,65,2622,False,5,105,26,4,2020-11-16T17:10:12-05:00,2023-06-21T17:50:07+02:00,131
scikit-learn,benchmarks/bench_hist_gradient_boosting_higgsboson.py,bench_hist_gradient_boosting_higgsboson.py,benchmarks,Python,.py,106,4246,False,12,217,90,5,2019-04-26T15:14:59-04:00,2025-04-15T13:11:52+02:00,307
scikit-learn,benchmarks/bench_hist_gradient_boosting_threading.py,bench_hist_gradient_boosting_threading.py,benchmarks,Python,.py,298,11031,False,8,449,102,5,2020-09-15T16:55:43+02:00,2023-06-21T17:50:07+02:00,551
scikit-learn,benchmarks/bench_isolation_forest.py,bench_isolation_forest.py,benchmarks,Python,.py,137,5496,False,18,320,156,10,2015-01-26T16:05:27+01:00,2023-11-20T11:20:20+01:00,476
scikit-learn,benchmarks/bench_isolation_forest_predict.py,bench_isolation_forest_predict.py,benchmarks,Python,.py,171,6674,False,1,213,0,1,2024-07-02T03:17:11-04:00,2024-07-02T03:17:11-04:00,213
scikit-learn,benchmarks/bench_isotonic.py,bench_isotonic.py,benchmarks,Python,.py,87,3262,False,12,161,50,9,2014-03-06T20:15:21Z,2024-05-15T15:08:17+02:00,211
scikit-learn,benchmarks/bench_kernel_pca_solvers_time_vs_n_components.py,bench_kernel_pca_solvers_time_vs_n_components.py,benchmarks,Python,.py,150,5416,False,6,210,33,3,2021-04-27T16:06:10+02:00,2024-07-22T22:05:03+02:00,243
scikit-learn,benchmarks/bench_kernel_pca_solvers_time_vs_n_samples.py,bench_kernel_pca_solvers_time_vs_n_samples.py,benchmarks,Python,.py,154,5765,False,6,215,31,4,2021-04-27T16:06:10+02:00,2026-02-09T02:24:26+01:00,246
scikit-learn,benchmarks/bench_lasso.py,bench_lasso.py,benchmarks,Python,.py,78,3098,False,24,278,179,13,2010-11-26T17:26:55+01:00,2024-04-10T17:06:55+02:00,457
scikit-learn,benchmarks/bench_lof.py,bench_lof.py,benchmarks,Python,.py,94,3526,False,8,189,76,6,2016-10-25T17:53:51+02:00,2023-11-20T11:20:20+01:00,265
scikit-learn,benchmarks/bench_mnist.py,bench_mnist.py,benchmarks,Python,.py,200,6931,False,28,366,137,17,2013-07-01T00:07:50+03:00,2024-06-17T19:57:02+02:00,503
scikit-learn,benchmarks/bench_online_ocsvm.py,bench_online_ocsvm.py,benchmarks,Python,.py,236,9419,False,4,357,63,3,2021-03-23T10:53:57+01:00,2023-06-21T17:50:07+02:00,420
scikit-learn,benchmarks/bench_pca_solvers.py,bench_pca_solvers.py,benchmarks,Python,.py,151,5814,False,1,165,0,1,2024-04-11T16:02:00+02:00,2024-04-11T16:02:00+02:00,165
scikit-learn,benchmarks/bench_plot_fastkmeans.py,bench_plot_fastkmeans.py,benchmarks,Python,.py,115,4428,False,24,359,218,16,2011-05-01T19:24:50+01:00,2025-04-28T11:33:18+02:00,577
scikit-learn,benchmarks/bench_plot_hierarchical.py,bench_plot_hierarchical.py,benchmarks,Python,.py,59,2555,False,4,107,30,3,2019-11-21T22:55:57-05:00,2023-04-06T18:14:16+02:00,137
scikit-learn,benchmarks/bench_plot_incremental_pca.py,bench_plot_incremental_pca.py,benchmarks,Python,.py,129,5561,False,5,233,74,4,2014-06-17T11:55:52-05:00,2023-06-21T17:50:07+02:00,307
scikit-learn,benchmarks/bench_plot_lasso_path.py,bench_plot_lasso_path.py,benchmarks,Python,.py,92,3918,False,22,191,78,14,2010-12-11T22:20:32-05:00,2025-04-28T11:33:18+02:00,269
scikit-learn,benchmarks/bench_plot_neighbors.py,bench_plot_neighbors.py,benchmarks,Python,.py,153,5720,False,16,538,347,11,2011-09-11T18:16:08-07:00,2024-04-10T17:06:55+02:00,885
scikit-learn,benchmarks/bench_plot_nmf.py,bench_plot_nmf.py,benchmarks,Python,.py,397,15395,False,46,898,426,23,2010-12-14T01:32:49+02:00,2024-06-17T19:57:02+02:00,1324
scikit-learn,benchmarks/bench_plot_omp_lars.py,bench_plot_omp_lars.py,benchmarks,Python,.py,102,4416,False,30,282,162,19,2011-07-29T14:06:35+03:00,2024-04-10T17:06:55+02:00,444
scikit-learn,benchmarks/bench_plot_parallel_pairwise.py,bench_plot_parallel_pairwise.py,benchmarks,Python,.py,33,1243,False,10,68,20,7,2012-01-25T23:57:22+09:00,2024-07-22T22:05:03+02:00,88
scikit-learn,benchmarks/bench_plot_polynomial_kernel_approximation.py,bench_plot_polynomial_kernel_approximation.py,benchmarks,Python,.py,146,6028,False,8,209,33,5,2020-08-18T08:44:20+02:00,2025-11-07T16:16:43-08:00,242
scikit-learn,benchmarks/bench_plot_randomized_svd.py,bench_plot_randomized_svd.py,benchmarks,Python,.py,454,18123,False,22,692,163,18,2015-08-19T16:23:07+02:00,2026-03-11T02:04:06-04:00,855
scikit-learn,benchmarks/bench_plot_svd.py,bench_plot_svd.py,benchmarks,Python,.py,63,2759,False,21,155,75,13,2010-12-11T17:58:28+01:00,2025-04-28T11:33:18+02:00,230
scikit-learn,benchmarks/bench_plot_ward.py,bench_plot_ward.py,benchmarks,Python,.py,40,1270,False,13,80,32,10,2011-02-02T11:36:10+01:00,2023-06-21T17:50:07+02:00,112
scikit-learn,benchmarks/bench_random_projections.py,bench_random_projections.py,benchmarks,Python,.py,255,8566,False,23,537,233,10,2012-12-05T16:36:48+01:00,2026-03-11T02:04:06-04:00,770
scikit-learn,benchmarks/bench_rcv1_logreg_convergence.py,bench_rcv1_logreg_convergence.py,benchmarks,Python,.py,264,7745,False,13,386,75,8,2015-05-19T10:24:22+02:00,2024-06-17T19:57:02+02:00,461
scikit-learn,benchmarks/bench_saga.py,bench_saga.py,benchmarks,Python,.py,346,11247,False,17,587,197,11,2017-03-27T21:39:30+02:00,2026-04-16T18:34:57+10:00,784
scikit-learn,benchmarks/bench_sample_without_replacement.py,bench_sample_without_replacement.py,benchmarks,Python,.py,194,7431,False,14,369,136,9,2012-12-21T11:43:04+01:00,2024-04-10T17:06:55+02:00,505
scikit-learn,benchmarks/bench_sgd_regression.py,bench_sgd_regression.py,benchmarks,Python,.py,129,5334,False,22,307,156,13,2011-03-21T19:27:14+01:00,2024-06-17T19:57:02+02:00,463
scikit-learn,benchmarks/bench_sparsify.py,bench_sparsify.py,benchmarks,Python,.py,81,3357,False,10,129,22,8,2013-11-04T14:33:53+01:00,2023-06-21T17:50:07+02:00,151
scikit-learn,benchmarks/bench_text_vectorizers.py,bench_text_vectorizers.py,benchmarks,Python,.py,52,1920,False,8,112,38,5,2017-06-28T11:25:36+03:00,2024-04-10T17:06:55+02:00,150
scikit-learn,benchmarks/bench_tree.py,bench_tree.py,benchmarks,Python,.py,96,3624,False,21,448,325,8,2011-07-29T12:20:03+01:00,2024-04-10T17:06:55+02:00,773
scikit-learn,benchmarks/bench_tsne_mnist.py,bench_tsne_mnist.py,benchmarks,Python,.py,176,6416,False,16,286,78,9,2017-07-12T22:56:02+02:00,2025-12-18T10:04:02+01:00,364
scikit-learn,benchmarks/plot_tsne_mnist.py,plot_tsne_mnist.py,benchmarks,Python,.py,27,857,False,3,45,12,3,2017-07-12T22:56:02+02:00,2023-06-21T17:50:07+02:00,57
scikit-learn,build_tools/check-meson-openmp-dependencies.py,check-meson-openmp-dependencies.py,build_tools,Python,.py,137,5460,False,2,173,1,2,2024-09-05T18:47:43+02:00,2025-10-24T19:01:20+05:30,174
scikit-learn,build_tools/circle/build_doc.sh,build_doc.sh,build_tools/circle,Shell,.sh,239,9625,False,106,868,593,29,2016-02-18T01:37:23-08:00,2026-09-12T06:30:38+02:00,1461
scikit-learn,build_tools/circle/checkout_merge_commit.sh,checkout_merge_commit.sh,build_tools/circle,Shell,.sh,26,920,False,3,37,5,3,2017-01-17T20:45:37-05:00,2021-01-22T15:19:48+01:00,42
scikit-learn,build_tools/circle/download_documentation.sh,download_documentation.sh,build_tools/circle,Shell,.sh,6,127,False,1,8,0,1,2022-06-01T04:34:59+02:00,2022-06-01T04:34:59+02:00,8
scikit-learn,build_tools/circle/list_versions.py,list_versions.py,build_tools/circle,Python,.py,120,5055,False,20,239,92,10,2017-11-20T20:52:38+11:00,2026-08-20T16:56:33+02:00,331
scikit-learn,build_tools/circle/push_doc.sh,push_doc.sh,build_tools/circle,Shell,.sh,55,1581,False,10,94,29,6,2016-02-18T01:37:23-08:00,2023-06-20T10:33:15+02:00,123
scikit-learn,build_tools/generate_authors_table.py,generate_authors_table.py,build_tools,Python,.py,212,8116,False,24,463,210,13,2018-09-12T17:47:52+02:00,2026-04-01T11:33:49-04:00,673
scikit-learn,build_tools/get_comment.py,get_comment.py,build_tools,Python,.py,318,12039,False,20,602,228,8,2023-06-19T19:24:16+02:00,2026-08-19T22:05:53+02:00,830
scikit-learn,build_tools/github/autoclose_prs.py,autoclose_prs.py,build_tools/github,Python,.py,49,1785,False,2,78,14,2,2025-11-19T12:54:12+01:00,2025-11-24T08:55:24+01:00,92
scikit-learn,build_tools/github/build_source.sh,build_source.sh,build_tools/github,Shell,.sh,14,399,False,4,27,7,3,2020-11-06T15:05:51+01:00,2024-04-16T11:42:47+02:00,34
scikit-learn,build_tools/github/check_build_trigger.sh,check_build_trigger.sh,build_tools/github,Shell,.sh,10,328,False,7,21,8,4,2020-11-06T15:05:51+01:00,2025-01-20T05:04:29-05:00,29
scikit-learn,build_tools/github/check_wheels.py,check_wheels.py,build_tools/github,Python,.py,22,805,False,11,75,45,3,2020-12-02T03:15:51-05:00,2025-01-20T05:04:29-05:00,120
scikit-learn,build_tools/github/combine_coverage_reports.sh,combine_coverage_reports.sh,build_tools/github,Shell,.sh,13,405,False,1,18,0,1,2026-03-02T14:43:28+01:00,2026-03-02T14:43:28+01:00,18
scikit-learn,build_tools/github/create_gpu_environment.sh,create_gpu_environment.sh,build_tools/github,Shell,.sh,20,982,False,4,30,3,3,2024-06-05T01:57:05+02:00,2026-02-04T16:30:26+01:00,33
scikit-learn,build_tools/github/install.sh,install.sh,build_tools/github,Shell,.sh,126,5551,False,4,160,11,2,2026-03-02T14:43:28+01:00,2026-07-27T13:36:57+02:00,171
scikit-learn,build_tools/github/repair_windows_wheels.sh,repair_windows_wheels.sh,build_tools/github,Shell,.sh,13,350,False,5,18,2,4,2020-11-18T18:53:46+01:00,2024-05-13T16:34:37+02:00,20
scikit-learn,build_tools/github/test_docs.sh,test_docs.sh,build_tools/github,Shell,.sh,16,808,True,1,19,0,1,2026-03-02T14:43:28+01:00,2026-03-02T14:43:28+01:00,19
scikit-learn,build_tools/github/test_pytest_soft_dependency.sh,test_pytest_soft_dependency.sh,build_tools/github,Shell,.sh,20,691,True,1,24,0,1,2026-03-02T14:43:28+01:00,2026-03-02T14:43:28+01:00,24
scikit-learn,build_tools/github/test_script.sh,test_script.sh,build_tools/github,Shell,.sh,52,2105,True,1,68,0,1,2026-03-02T14:43:28+01:00,2026-03-02T14:43:28+01:00,68
scikit-learn,build_tools/github/test_source.sh,test_source.sh,build_tools/github,Shell,.sh,12,305,True,5,21,3,4,2020-11-18T18:53:46+01:00,2025-11-14T07:10:03+01:00,24
scikit-learn,build_tools/github/upload_anaconda.sh,upload_anaconda.sh,build_tools/github,Shell,.sh,11,414,False,16,39,24,6,2020-11-06T15:05:51+01:00,2026-08-04T16:53:15+02:00,63
scikit-learn,build_tools/github/vendor.py,vendor.py,build_tools/github,Python,.py,74,3036,False,8,225,129,4,2020-11-18T18:53:46+01:00,2024-04-10T17:06:55+02:00,354
scikit-learn,build_tools/linting.sh,linting.sh,build_tools,Shell,.sh,135,4992,False,16,191,37,8,2023-01-25T08:30:58-05:00,2026-08-19T22:05:53+02:00,228
scikit-learn,build_tools/shared.sh,shared.sh,build_tools,Shell,.sh,66,2439,False,12,78,8,3,2020-06-27T10:55:25-04:00,2025-11-29T05:17:51+01:00,86
scikit-learn,build_tools/update_environments_and_lock_files.py,update_environments_and_lock_files.py,build_tools,Python,.py,793,28179,False,137,1522,650,26,2022-05-19T17:47:51+02:00,2026-08-21T07:07:20+02:00,2172
scikit-learn,build_tools/wheels/check_license.py,check_license.py,build_tools/wheels,Python,.py,23,817,False,2,31,1,2,2024-10-09T07:32:17-04:00,2025-06-30T13:27:42+02:00,32
scikit-learn,build_tools/wheels/cibw_before_build.sh,cibw_before_build.sh,build_tools/wheels,Shell,.sh,14,520,False,1,18,0,1,2024-10-09T07:32:17-04:00,2024-10-09T07:32:17-04:00,18
scikit-learn,build_tools/wheels/configure_macos_env.sh,configure_macos_env.sh,build_tools/wheels,Shell,.sh,24,1252,False,1,28,0,1,2026-09-10T07:50:17-07:00,2026-09-10T07:50:17-07:00,28
scikit-learn,build_tools/wheels/test_wheels.sh,test_wheels.sh,build_tools/wheels,Shell,.sh,23,983,True,5,40,10,4,2023-01-13T10:21:22-05:00,2024-10-09T07:32:17-04:00,50
scikit-learn,doc/api_reference.py,api_reference.py,doc,Python,.py,1352,49353,False,27,1407,32,17,2024-05-20T19:36:54+02:00,2026-08-10T14:51:47+01:00,1439
scikit-learn,doc/conf.py,conf.py,doc,Python,.py,928,39320,False,271,1908,810,68,2010-01-14T15:13:39Z,2026-09-10T06:05:51+02:00,2718
scikit-learn,doc/conftest.py,conftest.py,doc,Python,.py,139,5641,False,36,319,140,18,2017-11-22T15:45:06+01:00,2025-04-28T11:33:18+02:00,459
scikit-learn,doc/js/scripts/api-search.js,api-search.js,doc/js/scripts,JavaScript,.js,11,428,False,1,12,0,1,2024-05-20T19:36:54+02:00,2024-05-20T19:36:54+02:00,12
scikit-learn,doc/js/scripts/dropdown.js,dropdown.js,doc/js/scripts,JavaScript,.js,56,2446,False,3,107,44,2,2024-05-20T19:36:54+02:00,2025-01-09T23:14:04+08:00,151
scikit-learn,doc/js/scripts/sg_plotly_resize.js,sg_plotly_resize.js,doc/js/scripts,JavaScript,.js,8,455,False,2,19,9,2,2024-11-21T22:21:37+01:00,2025-02-06T20:21:52+01:00,28
scikit-learn,doc/js/scripts/theme-observer.js,theme-observer.js,doc/js/scripts,JavaScript,.js,22,671,False,1,23,0,1,2025-10-17T14:14:54+02:00,2025-10-17T14:14:54+02:00,23
scikit-learn,doc/js/scripts/vendor/svg-pan-zoom.min.js,svg-pan-zoom.min.js,doc/js/scripts/vendor,JavaScript,.js,31,31189,False,1,31,0,1,2024-05-20T19:36:54+02:00,2024-05-20T19:36:54+02:00,31
scikit-learn,doc/js/scripts/version-switcher.js,version-switcher.js,doc/js/scripts,JavaScript,.js,37,1616,False,1,40,0,1,2024-05-20T19:36:54+02:00,2024-05-20T19:36:54+02:00,40
scikit-learn,doc/sphinxext/allow_nan_estimators.py,allow_nan_estimators.py,doc/sphinxext,Python,.py,53,2327,False,11,94,32,6,2022-05-05T02:49:00+08:00,2026-04-15T13:09:37Z,126
scikit-learn,doc/sphinxext/autoshortsummary.py,autoshortsummary.py,doc/sphinxext,Python,.py,39,1891,False,1,53,0,1,2024-05-20T19:36:54+02:00,2024-05-20T19:36:54+02:00,53
scikit-learn,doc/sphinxext/doi_role.py,doi_role.py,doc/sphinxext,Python,.py,39,1666,False,4,62,15,3,2021-10-21T02:53:25+09:00,2024-04-10T17:06:55+02:00,77
scikit-learn,doc/sphinxext/dropdown_anchors.py,dropdown_anchors.py,doc/sphinxext,Python,.py,45,2373,False,2,87,29,2,2024-05-20T19:36:54+02:00,2024-07-21T04:35:49+08:00,116
scikit-learn,doc/sphinxext/github_link.py,github_link.py,doc/sphinxext,Python,.py,70,2701,False,7,111,24,6,2014-01-21T10:34:14+11:00,2025-09-26T21:19:31-07:00,135
scikit-learn,doc/sphinxext/override_pst_pagetoc.py,override_pst_pagetoc.py,doc/sphinxext,Python,.py,66,3547,False,1,84,0,1,2024-05-20T19:36:54+02:00,2024-05-20T19:36:54+02:00,84
scikit-learn,doc/sphinxext/sphinx_issues.py,sphinx_issues.py,doc/sphinxext,Python,.py,190,8117,False,9,287,69,7,2016-10-26T00:04:35+11:00,2024-04-10T17:06:55+02:00,356
scikit-learn,examples/applications/plot_cyclical_feature_engineering.py,plot_cyclical_feature_engineering.py,examples/applications,Python,.py,770,32508,False,26,1038,183,16,2021-07-26T11:02:49+02:00,2026-04-15T18:52:53+02:00,1221
scikit-learn,examples/applications/plot_digits_denoising.py,plot_digits_denoising.py,examples/applications,Python,.py,127,5229,False,10,179,28,6,2021-06-29T18:14:50+02:00,2024-07-22T22:05:03+02:00,207
scikit-learn,examples/applications/plot_face_recognition.py,plot_face_recognition.py,examples/applications,Python,.py,220,9596,False,45,1069,974,17,2010-12-05T21:40:38+01:00,2026-06-12T13:37:10+02:00,2043
scikit-learn,examples/applications/plot_model_complexity_influence.py,plot_model_complexity_influence.py,examples/applications,Python,.py,248,10564,False,26,583,319,19,2013-11-14T08:45:21+01:00,2024-06-17T19:57:02+02:00,902
scikit-learn,examples/applications/plot_out_of_core_classification.py,plot_out_of_core_classification.py,examples/applications,Python,.py,346,13491,False,71,1515,783,25,2013-05-27T14:03:12+02:00,2026-03-30T02:16:08-07:00,2298
scikit-learn,examples/applications/plot_outlier_detection_wine.py,plot_outlier_detection_wine.py,examples/applications,Python,.py,120,4897,False,9,256,119,7,2020-03-24T09:18:41+01:00,2024-06-17T19:57:02+02:00,375
scikit-learn,examples/applications/plot_prediction_latency.py,plot_prediction_latency.py,examples/applications,Python,.py,287,11145,False,34,690,342,19,2013-10-04T08:44:20+02:00,2024-06-17T19:57:02+02:00,1032
scikit-learn,examples/applications/plot_species_distribution_modeling.py,plot_species_distribution_modeling.py,examples/applications,Python,.py,197,7770,False,39,749,503,27,2010-12-05T21:40:38+01:00,2025-04-15T13:11:52+02:00,1252
scikit-learn,examples/applications/plot_stock_market.py,plot_stock_market.py,examples/applications,Python,.py,239,8268,False,58,1221,947,35,2011-11-09T00:05:11+01:00,2025-04-11T18:18:51+01:00,2168
scikit-learn,examples/applications/plot_time_series_lagged_features.py,plot_time_series_lagged_features.py,examples/applications,Python,.py,379,16324,False,7,939,501,6,2023-11-21T22:06:45+05:30,2025-04-15T13:11:52+02:00,1440
scikit-learn,examples/applications/plot_tomography_l1_reconstruction.py,plot_tomography_l1_reconstruction.py,examples/applications,Python,.py,120,5494,False,26,271,124,15,2012-01-13T00:11:00+01:00,2026-03-11T02:04:06-04:00,395
scikit-learn,examples/applications/plot_topics_extraction_with_nmf_lda.py,plot_topics_extraction_with_nmf_lda.py,examples/applications,Python,.py,194,6687,False,17,321,97,13,2017-05-11T23:42:57+02:00,2025-04-15T13:11:52+02:00,418
scikit-learn,examples/applications/plot_wikipedia_principal_eigenvector.py,plot_wikipedia_principal_eigenvector.py,examples/applications,Python,.py,196,8061,False,1,243,0,1,2026-09-02T23:00:43+02:00,2026-09-02T23:00:43+02:00,243
scikit-learn,examples/bicluster/plot_bicluster_newsgroups.py,plot_bicluster_newsgroups.py,examples/bicluster,Python,.py,131,5351,False,22,464,301,16,2013-07-22T17:04:33-04:00,2025-04-11T18:18:51+01:00,765
scikit-learn,examples/bicluster/plot_spectral_biclustering.py,plot_spectral_biclustering.py,examples/bicluster,Python,.py,103,4676,False,16,190,67,11,2013-07-22T17:04:33-04:00,2025-06-12T02:32:13+02:00,257
scikit-learn,examples/bicluster/plot_spectral_coclustering.py,plot_spectral_coclustering.py,examples/bicluster,Python,.py,41,1746,False,13,79,23,8,2013-07-22T17:04:33-04:00,2024-06-17T19:57:02+02:00,102
scikit-learn,examples/calibration/plot_calibration.py,plot_calibration.py,examples/calibration,Python,.py,117,4672,False,17,209,69,12,2015-02-18T12:10:51+01:00,2025-01-21T16:40:13+01:00,278
scikit-learn,examples/calibration/plot_calibration_curve.py,plot_calibration_curve.py,examples/calibration,Python,.py,285,11519,False,20,491,155,14,2015-02-18T12:10:51+01:00,2024-07-22T22:05:03+02:00,646
scikit-learn,examples/calibration/plot_calibration_multiclass.py,plot_calibration_multiclass.py,examples/calibration,Python,.py,264,10759,False,18,436,132,13,2015-02-18T12:10:51+01:00,2025-11-08T22:27:04-08:00,568
scikit-learn,examples/calibration/plot_compare_calibration.py,plot_compare_calibration.py,examples/calibration,Python,.py,257,12177,False,26,470,184,18,2015-02-18T12:10:51+01:00,2026-05-04T16:11:19+02:00,654
scikit-learn,examples/callbacks/plot_callback_support.py,plot_callback_support.py,examples/callbacks,Python,.py,352,18569,False,1,427,0,1,2026-07-10T18:06:24+02:00,2026-07-10T18:06:24+02:00,427
scikit-learn,examples/callbacks/plot_scoring_monitor.py,plot_scoring_monitor.py,examples/callbacks,Python,.py,228,10655,False,1,255,0,1,2026-05-29T17:59:40+02:00,2026-05-29T17:59:40+02:00,255
scikit-learn,examples/classification/plot_classification_probability.py,plot_classification_probability.py,examples/classification,Python,.py,219,8835,False,19,388,147,13,2013-07-28T17:39:38+02:00,2026-06-10T06:19:57+02:00,535
scikit-learn,examples/classification/plot_classifier_comparison.py,plot_classifier_comparison.py,examples/classification,Python,.py,138,4944,False,24,266,109,17,2013-07-28T17:39:38+02:00,2024-10-08T22:15:43+02:00,375
scikit-learn,examples/classification/plot_digits_classification.py,plot_digits_classification.py,examples/classification,Python,.py,102,4557,False,15,197,69,13,2013-07-28T17:39:38+02:00,2024-06-17T19:57:02+02:00,266
scikit-learn,examples/classification/plot_lda.py,plot_lda.py,examples/classification,Python,.py,87,3125,False,20,224,117,11,2014-07-14T16:51:07+02:00,2025-03-18T20:10:10+01:00,341
scikit-learn,examples/classification/plot_lda_qda.py,plot_lda_qda.py,examples/classification,Python,.py,204,7873,False,20,502,274,16,2013-07-28T17:39:38+02:00,2025-10-31T05:02:42-04:00,776
scikit-learn,examples/cluster/plot_adjusted_for_chance_measures.py,plot_adjusted_for_chance_measures.py,examples/cluster,Python,.py,195,8690,False,34,408,179,14,2011-09-12T09:47:59+02:00,2024-06-17T19:57:02+02:00,587
scikit-learn,examples/cluster/plot_affinity_propagation.py,plot_affinity_propagation.py,examples/cluster,Python,.py,64,2261,False,33,226,148,17,2010-08-27T09:29:29+02:00,2024-07-22T22:05:03+02:00,374
scikit-learn,examples/cluster/plot_agglomerative_clustering_metrics.py,plot_agglomerative_clustering_metrics.py,examples/cluster,Python,.py,116,4794,False,14,196,50,9,2014-02-06T12:51:42+01:00,2025-05-21T16:29:56+02:00,246
scikit-learn,examples/cluster/plot_agglomerative_dendrogram.py,plot_agglomerative_dendrogram.py,examples/cluster,Python,.py,42,1722,False,7,63,8,4,2019-08-10T23:36:22-04:00,2024-07-22T22:05:03+02:00,71
scikit-learn,examples/cluster/plot_birch_vs_minibatchkmeans.py,plot_birch_vs_minibatchkmeans.py,examples/cluster,Python,.py,90,3785,False,22,189,81,10,2014-11-04T16:06:41+01:00,2024-06-17T19:57:02+02:00,270
scikit-learn,examples/cluster/plot_bisect_kmeans.py,plot_bisect_kmeans.py,examples/cluster,Python,.py,47,2060,False,7,78,13,5,2022-04-26T14:54:15+02:00,2025-10-17T23:26:03-07:00,91
scikit-learn,examples/cluster/plot_cluster_comparison.py,plot_cluster_comparison.py,examples/cluster,Python,.py,259,8575,False,59,682,394,23,2012-03-04T00:43:36+01:00,2025-09-09T19:00:37+05:30,1076
scikit-learn,examples/cluster/plot_coin_segmentation.py,plot_coin_segmentation.py,examples/cluster,Python,.py,85,3876,False,15,156,52,9,2018-02-18T02:12:27+01:00,2024-06-17T19:57:02+02:00,208
scikit-learn,examples/cluster/plot_coin_ward_segmentation.py,plot_coin_ward_segmentation.py,examples/cluster,Python,.py,72,2363,False,11,141,49,8,2018-02-18T02:12:27+01:00,2024-06-17T19:57:02+02:00,190
scikit-learn,examples/cluster/plot_dbscan.py,plot_dbscan.py,examples/cluster,Python,.py,106,4082,False,38,282,151,21,2011-07-12T22:45:20+10:00,2025-03-31T14:48:09+02:00,433
scikit-learn,examples/cluster/plot_dict_face_patches.py,plot_dict_face_patches.py,examples/cluster,Python,.py,72,2724,False,17,163,69,14,2013-01-08T09:04:13+01:00,2024-07-22T22:05:03+02:00,232
scikit-learn,examples/cluster/plot_digits_agglomeration.py,plot_digits_agglomeration.py,examples/cluster,Python,.py,48,1580,False,21,126,68,13,2012-03-07T00:52:17+01:00,2024-07-22T22:05:03+02:00,194
scikit-learn,examples/cluster/plot_digits_linkage.py,plot_digits_linkage.py,examples/cluster,Python,.py,64,2754,False,14,169,81,11,2014-02-06T12:51:42+01:00,2024-06-17T19:57:02+02:00,250
scikit-learn,examples/cluster/plot_face_compress.py,plot_face_compress.py,examples/cluster,Python,.py,159,6855,False,15,309,125,10,2015-11-25T12:50:10-08:00,2026-03-30T02:16:08-07:00,434
scikit-learn,examples/cluster/plot_feature_agglomeration_vs_univariate_selection.py,plot_feature_agglomeration_vs_univariate_selection.py,examples/cluster,Python,.py,94,3583,False,38,295,186,19,2011-01-22T17:37:20-05:00,2024-06-17T19:57:02+02:00,481
scikit-learn,examples/cluster/plot_hdbscan.py,plot_hdbscan.py,examples/cluster,Python,.py,226,9937,False,7,262,13,6,2023-05-31T10:02:28-04:00,2025-09-09T19:00:37+05:30,275
scikit-learn,examples/cluster/plot_inductive_clustering.py,plot_inductive_clustering.py,examples/cluster,Python,.py,101,4052,False,9,174,39,7,2019-01-17T13:16:22+02:00,2026-06-10T06:19:57+02:00,213
scikit-learn,examples/cluster/plot_kmeans_assumptions.py,plot_kmeans_assumptions.py,examples/cluster,Python,.py,142,6606,False,10,233,55,8,2015-07-11T17:48:01-05:00,2024-06-17T19:57:02+02:00,288
scikit-learn,examples/cluster/plot_kmeans_digits.py,plot_kmeans_digits.py,examples/cluster,Python,.py,162,6332,False,40,497,303,23,2011-07-29T22:46:52+10:00,2026-07-21T22:22:26+02:00,800
scikit-learn,examples/cluster/plot_kmeans_plusplus.py,plot_kmeans_plusplus.py,examples/cluster,Python,.py,33,1249,False,6,58,13,5,2020-11-11T14:24:03Z,2024-07-22T22:05:03+02:00,71
scikit-learn,examples/cluster/plot_kmeans_silhouette_analysis.py,plot_kmeans_silhouette_analysis.py,examples/cluster,Python,.py,132,5978,False,16,315,153,12,2015-01-11T04:01:57+05:30,2024-07-22T22:05:03+02:00,468
scikit-learn,examples/cluster/plot_kmeans_stability_low_dim_dense.py,plot_kmeans_stability_low_dim_dense.py,examples/cluster,Python,.py,104,4340,False,27,335,203,14,2011-11-06T23:50:12+01:00,2024-06-17T19:57:02+02:00,538
scikit-learn,examples/cluster/plot_linkage_comparison.py,plot_linkage_comparison.py,examples/cluster,Python,.py,148,5242,False,9,230,52,6,2018-01-22T08:58:17-05:00,2025-03-18T20:10:10+01:00,282
scikit-learn,examples/cluster/plot_mean_shift.py,plot_mean_shift.py,examples/cluster,Python,.py,53,1745,False,28,135,66,15,2010-08-27T09:29:29+02:00,2024-07-22T22:05:03+02:00,201
scikit-learn,examples/cluster/plot_mini_batch_kmeans.py,plot_mini_batch_kmeans.py,examples/cluster,Python,.py,118,4106,False,43,349,202,19,2011-05-04T22:00:17+01:00,2024-07-22T22:05:03+02:00,551
scikit-learn,examples/cluster/plot_optics.py,plot_optics.py,examples/cluster,Python,.py,88,3472,False,14,254,146,10,2018-07-16T13:10:42+02:00,2024-06-17T19:57:02+02:00,400
scikit-learn,examples/cluster/plot_segmentation_toy.py,plot_segmentation_toy.py,examples/cluster,Python,.py,88,3731,False,30,206,88,20,2010-08-27T09:29:29+02:00,2024-06-17T19:57:02+02:00,294
scikit-learn,examples/cluster/plot_ward_structured_vs_unstructured.py,plot_ward_structured_vs_unstructured.py,examples/cluster,Python,.py,158,6520,False,29,377,196,21,2011-04-02T20:57:38+02:00,2025-09-09T01:44:05+08:00,573
scikit-learn,examples/compose/plot_column_transformer.py,plot_column_transformer.py,examples/compose,Python,.py,159,6763,False,18,341,155,14,2018-06-11T17:06:21+10:00,2025-12-02T00:25:24-08:00,496
scikit-learn,examples/compose/plot_column_transformer_mixed_types.py,plot_column_transformer_mixed_types.py,examples/compose,Python,.py,190,7845,False,30,378,146,18,2018-06-20T17:20:33+02:00,2026-04-15T18:52:53+02:00,524
scikit-learn,examples/compose/plot_compare_reduction.py,plot_compare_reduction.py,examples/compose,Python,.py,108,4463,False,22,227,95,16,2018-06-11T17:06:21+10:00,2024-09-16T12:04:56-04:00,322
scikit-learn,examples/compose/plot_digits_pipe.py,plot_digits_pipe.py,examples/compose,Python,.py,70,2590,False,22,167,82,15,2018-06-11T17:06:21+10:00,2024-07-22T22:05:03+02:00,249
scikit-learn,examples/compose/plot_feature_union.py,plot_feature_union.py,examples/compose,Python,.py,43,1951,False,10,74,13,8,2018-06-11T17:06:21+10:00,2024-06-17T19:57:02+02:00,87
scikit-learn,examples/compose/plot_transformed_target.py,plot_transformed_target.py,examples/compose,Python,.py,191,7643,False,20,514,283,14,2018-06-11T17:06:21+10:00,2025-10-17T23:26:03-07:00,797
scikit-learn,examples/covariance/plot_covariance_estimation.py,plot_covariance_estimation.py,examples/covariance,Python,.py,135,5277,False,40,418,254,20,2011-04-01T14:51:34+02:00,2026-01-05T01:13:08-08:00,672
scikit-learn,examples/covariance/plot_lw_vs_oas.py,plot_lw_vs_oas.py,examples/covariance,Python,.py,94,3023,False,25,190,81,15,2011-04-01T14:51:34+02:00,2026-01-05T01:13:08-08:00,271
scikit-learn,examples/covariance/plot_mahalanobis_distances.py,plot_mahalanobis_distances.py,examples/covariance,Python,.py,183,8178,False,28,557,231,19,2011-10-03T14:19:36+02:00,2026-07-19T10:07:20+02:00,788
scikit-learn,examples/covariance/plot_robust_vs_empirical_covariance.py,plot_robust_vs_empirical_covariance.py,examples/covariance,Python,.py,167,6582,False,25,514,175,15,2011-10-03T14:19:36+02:00,2025-01-20T06:56:01-08:00,689
scikit-learn,examples/covariance/plot_sparse_cov.py,plot_sparse_cov.py,examples/covariance,Python,.py,132,4988,False,26,267,109,16,2011-11-08T11:02:11+01:00,2024-06-17T11:11:33+02:00,376
scikit-learn,examples/cross_decomposition/plot_compare_cross_decomposition.py,plot_compare_cross_decomposition.py,examples/cross_decomposition,Python,.py,144,4848,False,15,303,128,14,2013-07-28T01:44:46+02:00,2025-09-16T22:41:52+09:00,431
scikit-learn,examples/cross_decomposition/plot_pcr_vs_pls.py,plot_pcr_vs_pls.py,examples/cross_decomposition,Python,.py,146,7006,False,6,199,30,4,2020-08-11T17:46:33-04:00,2024-07-22T22:05:03+02:00,229
scikit-learn,examples/datasets/plot_random_multilabel_dataset.py,plot_random_multilabel_dataset.py,examples/datasets,Python,.py,88,3216,False,11,162,53,9,2014-03-25T19:16:16+11:00,2024-09-16T12:04:56-04:00,215
scikit-learn,examples/decomposition/plot_faces_decomposition.py,plot_faces_decomposition.py,examples/decomposition,Python,.py,288,10544,False,67,835,500,30,2011-07-17T02:59:50+03:00,2025-10-27T21:01:37-07:00,1335
scikit-learn,examples/decomposition/plot_ica_blind_source_separation.py,plot_ica_blind_source_separation.py,examples/decomposition,Python,.py,64,2222,False,26,217,80,15,2011-04-10T17:53:15+02:00,2024-07-22T22:05:03+02:00,297
scikit-learn,examples/decomposition/plot_ica_vs_pca.py,plot_ica_vs_pca.py,examples/decomposition,Python,.py,89,3318,False,35,319,104,19,2011-04-10T17:53:15+02:00,2024-09-04T09:21:10+02:00,423
scikit-learn,examples/decomposition/plot_image_denoising.py,plot_image_denoising.py,examples/decomposition,Python,.py,153,6145,False,32,383,194,26,2011-09-19T12:43:51+03:00,2025-11-10T15:16:03+01:00,577
scikit-learn,examples/decomposition/plot_incremental_pca.py,plot_incremental_pca.py,examples/decomposition,Python,.py,49,2020,False,8,76,13,5,2014-06-17T11:55:52-05:00,2024-06-17T19:57:02+02:00,89
scikit-learn,examples/decomposition/plot_kernel_pca.py,plot_kernel_pca.py,examples/decomposition,Python,.py,140,6814,False,22,424,171,16,2011-04-10T17:53:15+02:00,2024-06-17T19:57:02+02:00,595
scikit-learn,examples/decomposition/plot_pca_iris.py,plot_pca_iris.py,examples/decomposition,Python,.py,87,3431,False,26,220,116,17,2012-03-07T03:55:18+01:00,2025-09-19T17:01:47+09:00,336
scikit-learn,examples/decomposition/plot_pca_vs_fa_model_selection.py,plot_pca_vs_fa_model_selection.py,examples/decomposition,Python,.py,113,4495,False,26,262,119,16,2013-08-31T18:26:17+02:00,2024-06-17T19:57:02+02:00,381
scikit-learn,examples/decomposition/plot_pca_vs_lda.py,plot_pca_vs_lda.py,examples/decomposition,Python,.py,51,2095,False,16,166,48,12,2011-04-10T17:53:15+02:00,2024-07-22T22:05:03+02:00,214
scikit-learn,examples/decomposition/plot_sparse_coding.py,plot_sparse_coding.py,examples/decomposition,Python,.py,106,4109,False,26,274,151,18,2011-12-20T13:23:03+01:00,2025-04-11T18:18:51+01:00,425
scikit-learn,examples/decomposition/plot_varimax_fa.py,plot_varimax_fa.py,examples/decomposition,Python,.py,63,2354,False,8,93,15,6,2020-07-05T21:29:08+02:00,2024-06-17T19:57:02+02:00,108
scikit-learn,examples/developing_estimators/sklearn_is_fitted.py,sklearn_is_fitted.py,examples/developing_estimators,Python,.py,61,2607,False,4,79,4,3,2023-07-17T14:47:45+05:30,2024-06-17T19:57:02+02:00,83
scikit-learn,examples/ensemble/plot_adaboost_multiclass.py,plot_adaboost_multiclass.py,examples/ensemble,Python,.py,224,10235,False,33,474,222,18,2013-01-15T10:30:31+01:00,2024-10-08T22:15:43+02:00,696
scikit-learn,examples/ensemble/plot_adaboost_regression.py,plot_adaboost_regression.py,examples/ensemble,Python,.py,61,2639,False,22,160,81,15,2011-12-29T23:17:30-04:00,2024-06-17T19:57:02+02:00,241
scikit-learn,examples/ensemble/plot_adaboost_twoclass.py,plot_adaboost_twoclass.py,examples/ensemble,Python,.py,92,3058,False,29,253,147,11,2013-01-14T14:15:41+01:00,2025-04-11T18:18:51+01:00,400
scikit-learn,examples/ensemble/plot_bias_variance.py,plot_bias_variance.py,examples/ensemble,Python,.py,146,7236,False,15,229,38,9,2013-07-23T12:59:32+02:00,2025-04-15T13:11:52+02:00,267
scikit-learn,examples/ensemble/plot_ensemble_oob.py,plot_ensemble_oob.py,examples/ensemble,Python,.py,85,3152,False,16,229,127,10,2015-05-03T04:09:31+10:00,2024-06-17T19:57:02+02:00,356
scikit-learn,examples/ensemble/plot_feature_transformation.py,plot_feature_transformation.py,examples/ensemble,Python,.py,128,5259,False,25,360,190,15,2015-07-27T16:38:50+02:00,2024-06-17T19:57:02+02:00,550
scikit-learn,examples/ensemble/plot_forest_hist_grad_boosting_comparison.py,plot_forest_hist_grad_boosting_comparison.py,examples/ensemble,Python,.py,197,8931,False,8,237,11,4,2023-06-01T12:22:45+02:00,2025-03-18T09:36:12+01:00,248
scikit-learn,examples/ensemble/plot_forest_importances.py,plot_forest_importances.py,examples/ensemble,Python,.py,98,4260,False,29,259,139,15,2011-12-19T13:10:44+01:00,2025-06-24T15:42:05+02:00,398
scikit-learn,examples/ensemble/plot_forest_iris.py,plot_forest_iris.py,examples/ensemble,Python,.py,152,6416,False,32,354,172,16,2011-11-16T15:54:06+01:00,2026-08-03T21:42:18+05:30,526
scikit-learn,examples/ensemble/plot_gradient_boosting_categorical.py,plot_gradient_boosting_categorical.py,examples/ensemble,Python,.py,329,13974,False,21,608,226,13,2020-11-16T17:10:12-05:00,2026-03-10T18:10:10+01:00,834
scikit-learn,examples/ensemble/plot_gradient_boosting_early_stopping.py,plot_gradient_boosting_early_stopping.py,examples/ensemble,Python,.py,152,6680,False,16,382,200,12,2017-08-09T22:02:47+02:00,2024-12-20T10:22:11+01:00,582
scikit-learn,examples/ensemble/plot_gradient_boosting_oob.py,plot_gradient_boosting_oob.py,examples/ensemble,Python,.py,116,4952,False,30,289,146,15,2013-07-22T18:31:15+03:00,2024-06-17T19:57:02+02:00,435
scikit-learn,examples/ensemble/plot_gradient_boosting_quantile.py,plot_gradient_boosting_quantile.py,examples/ensemble,Python,.py,327,13595,False,34,709,334,20,2012-06-05T23:07:56+02:00,2026-04-03T15:18:02-06:00,1043
scikit-learn,examples/ensemble/plot_gradient_boosting_regression.py,plot_gradient_boosting_regression.py,examples/ensemble,Python,.py,155,6087,False,39,385,209,25,2011-11-14T21:53:47+01:00,2026-07-03T18:15:54+02:00,594
scikit-learn,examples/ensemble/plot_gradient_boosting_regularization.py,plot_gradient_boosting_regularization.py,examples/ensemble,Python,.py,71,2689,False,26,180,90,13,2012-03-05T22:26:06+01:00,2024-06-17T19:57:02+02:00,270
scikit-learn,examples/ensemble/plot_hgbt_regression.py,plot_hgbt_regression.py,examples/ensemble,Python,.py,374,16704,False,9,464,35,6,2024-02-22T18:53:27+01:00,2026-05-04T16:11:19+02:00,499
scikit-learn,examples/ensemble/plot_isolation_forest.py,plot_isolation_forest.py,examples/ensemble,Python,.py,103,4334,False,14,208,82,13,2015-01-26T16:05:27+01:00,2024-07-22T22:05:03+02:00,290
scikit-learn,examples/ensemble/plot_monotonic_constraints.py,plot_monotonic_constraints.py,examples/ensemble,Python,.py,89,3315,False,12,159,47,7,2020-03-24T15:27:00-04:00,2024-07-22T22:05:03+02:00,206
scikit-learn,examples/ensemble/plot_random_forest_embedding.py,plot_random_forest_embedding.py,examples/ensemble,Python,.py,87,3739,False,19,175,64,11,2012-11-14T07:38:21Z,2024-07-22T22:05:03+02:00,239
scikit-learn,examples/ensemble/plot_random_forest_regression_multioutput.py,plot_random_forest_regression_multioutput.py,examples/ensemble,Python,.py,82,2624,False,12,133,37,9,2016-01-14T21:06:17+01:00,2024-06-17T19:57:02+02:00,170
scikit-learn,examples/ensemble/plot_stack_predictors.py,plot_stack_predictors.py,examples/ensemble,Python,.py,242,10260,False,23,703,417,15,2019-09-18T22:06:33+02:00,2026-05-24T09:34:49-04:00,1120
scikit-learn,examples/ensemble/plot_voting_decision_regions.py,plot_voting_decision_regions.py,examples/ensemble,Python,.py,184,7238,False,13,319,101,10,2015-04-20T19:27:30-04:00,2025-05-01T11:31:32+02:00,420
scikit-learn,examples/ensemble/plot_voting_regressor.py,plot_voting_regressor.py,examples/ensemble,Python,.py,73,2733,False,10,150,57,9,2019-04-10T14:27:17+03:00,2024-07-22T22:05:03+02:00,207
scikit-learn,examples/feature_selection/plot_f_test_vs_mi.py,plot_f_test_vs_mi.py,examples/feature_selection,Python,.py,39,1722,False,9,64,12,6,2016-01-10T22:01:36+05:00,2024-07-22T22:05:03+02:00,76
scikit-learn,examples/feature_selection/plot_feature_selection.py,plot_feature_selection.py,examples/feature_selection,Python,.py,108,3858,False,13,234,101,12,2013-07-28T17:39:38+02:00,2024-07-22T22:05:03+02:00,335
scikit-learn,examples/feature_selection/plot_feature_selection_pipeline.py,plot_feature_selection_pipeline.py,examples/feature_selection,Python,.py,68,2837,False,13,137,51,10,2017-05-11T23:42:57+02:00,2024-07-22T22:05:03+02:00,188
scikit-learn,examples/feature_selection/plot_rfe_digits.py,plot_rfe_digits.py,examples/feature_selection,Python,.py,44,1854,False,13,77,20,10,2013-07-28T17:39:38+02:00,2025-04-17T18:26:13+02:00,97
scikit-learn,examples/feature_selection/plot_rfe_with_cross_validation.py,plot_rfe_with_cross_validation.py,examples/feature_selection,Python,.py,97,3620,False,15,168,53,13,2013-07-28T17:39:38+02:00,2025-06-18T17:50:20+02:00,221
scikit-learn,examples/feature_selection/plot_select_from_model_diabetes.py,plot_select_from_model_diabetes.py,examples/feature_selection,Python,.py,169,7436,False,16,307,115,13,2020-02-05T10:42:14+01:00,2025-04-17T18:26:13+02:00,422
scikit-learn,examples/frozen/plot_frozen_examples.py,plot_frozen_examples.py,examples/frozen,Python,.py,84,3929,False,2,99,1,2,2024-11-05T22:10:20+03:00,2025-05-31T20:58:45-07:00,100
scikit-learn,examples/gaussian_process/plot_compare_gpr_krr.py,plot_compare_gpr_krr.py,examples/gaussian_process,Python,.py,360,13269,False,17,541,145,12,2015-04-04T11:49:20+02:00,2025-09-23T04:14:28-07:00,686
scikit-learn,examples/gaussian_process/plot_gpc.py,plot_gpc.py,examples/gaussian_process,Python,.py,111,3989,False,17,207,80,8,2015-03-08T18:29:45+01:00,2024-06-17T19:57:02+02:00,287
scikit-learn,examples/gaussian_process/plot_gpc_iris.py,plot_gpc_iris.py,examples/gaussian_process,Python,.py,52,2089,False,8,99,34,6,2015-08-03T17:08:24+02:00,2026-07-20T03:52:16+02:00,133
scikit-learn,examples/gaussian_process/plot_gpc_isoprobability.py,plot_gpc_isoprobability.py,examples/gaussian_process,Python,.py,74,2826,False,20,174,77,9,2015-03-08T18:29:45+01:00,2024-06-17T19:57:02+02:00,251
scikit-learn,examples/gaussian_process/plot_gpc_xor.py,plot_gpc_xor.py,examples/gaussian_process,Python,.py,50,2098,False,15,109,49,7,2015-03-08T18:29:45+01:00,2024-06-17T19:57:02+02:00,158
scikit-learn,examples/gaussian_process/plot_gpr_co2.py,plot_gpr_co2.py,examples/gaussian_process,Python,.py,195,8824,False,36,579,353,15,2015-03-08T18:29:45+01:00,2025-10-17T23:26:03-07:00,932
scikit-learn,examples/gaussian_process/plot_gpr_noisy.py,plot_gpr_noisy.py,examples/gaussian_process,Python,.py,204,7985,False,20,399,172,10,2015-03-08T18:29:45+01:00,2024-11-19T08:59:31+01:00,571
scikit-learn,examples/gaussian_process/plot_gpr_noisy_targets.py,plot_gpr_noisy_targets.py,examples/gaussian_process,Python,.py,131,5133,False,21,344,194,12,2015-04-01T15:27:24+02:00,2024-06-17T19:57:02+02:00,538
scikit-learn,examples/gaussian_process/plot_gpr_on_structured_data.py,plot_gpr_on_structured_data.py,examples/gaussian_process,Python,.py,156,6102,False,9,270,74,7,2019-11-15T16:07:36-08:00,2026-03-27T02:13:30-07:00,344
scikit-learn,examples/gaussian_process/plot_gpr_prior_posterior.py,plot_gpr_prior_posterior.py,examples/gaussian_process,Python,.py,209,8403,False,22,379,122,11,2015-03-08T18:29:45+01:00,2025-11-07T12:45:28-08:00,501
scikit-learn,examples/impute/plot_iterative_imputer_variants_comparison.py,plot_iterative_imputer_variants_comparison.py,examples/impute,Python,.py,144,6208,False,19,280,112,11,2019-02-15T12:05:36+11:00,2026-06-11T16:21:38+02:00,392
scikit-learn,examples/impute/plot_missing_values.py,plot_missing_values.py,examples/impute,Python,.py,213,8147,False,22,547,278,14,2019-02-15T12:05:36+11:00,2026-06-11T16:21:38+02:00,825
scikit-learn,examples/inspection/plot_causal_interpretation.py,plot_causal_interpretation.py,examples/inspection,Python,.py,164,7299,False,3,191,2,3,2023-01-11T08:01:47-05:00,2024-07-22T22:05:03+02:00,193
scikit-learn,examples/inspection/plot_linear_model_coefficient_interpretation.py,plot_linear_model_coefficient_interpretation.py,examples/inspection,Python,.py,683,27896,False,25,1244,465,17,2020-03-10T23:59:23+01:00,2025-11-18T11:00:50-05:00,1709
scikit-learn,examples/inspection/plot_partial_dependence.py,plot_partial_dependence.py,examples/inspection,Python,.py,562,22889,False,40,1147,529,25,2019-04-24T08:52:15-04:00,2025-11-07T12:45:28-08:00,1676
scikit-learn,examples/inspection/plot_partial_dependence_visualization_api.py,plot_partial_dependence_visualization_api.py,examples/inspection,Python,.py,122,5443,False,1,140,0,1,2026-04-09T21:29:47+02:00,2026-04-09T21:29:47+02:00,140
scikit-learn,examples/inspection/plot_permutation_importance.py,plot_permutation_importance.py,examples/inspection,Python,.py,232,10351,False,23,415,144,15,2019-07-17T13:16:00-04:00,2026-07-03T18:15:54+02:00,559
scikit-learn,examples/inspection/plot_permutation_importance_multicollinear.py,plot_permutation_importance_multicollinear.py,examples/inspection,Python,.py,174,8442,False,15,298,94,13,2019-07-17T13:16:00-04:00,2026-07-03T18:15:54+02:00,392
scikit-learn,examples/kernel_approximation/plot_scalable_poly_kernels.py,plot_scalable_poly_kernels.py,examples/kernel_approximation,Python,.py,209,7742,False,15,332,81,9,2020-10-30T11:21:44+01:00,2025-10-17T00:09:21-07:00,413
scikit-learn,examples/linear_model/plot_ard.py,plot_ard.py,examples/linear_model,Python,.py,183,7121,False,28,426,214,23,2010-11-25T14:53:55+01:00,2025-10-14T05:54:12-07:00,640
scikit-learn,examples/linear_model/plot_bayesian_ridge_curvefit.py,plot_bayesian_ridge_curvefit.py,examples/linear_model,Python,.py,73,3105,False,6,113,20,6,2019-05-22T10:36:30+09:00,2024-07-22T22:05:03+02:00,133
scikit-learn,examples/linear_model/plot_elastic_net_precomputed_gram_matrix_with_weighted_samples.py,plot_elastic_net_precomputed_gram_matrix_with_weighted_samples.py,examples/linear_model,Python,.py,42,2137,False,6,60,5,5,2021-01-05T04:44:52-05:00,2024-07-22T22:05:03+02:00,65
scikit-learn,examples/linear_model/plot_huber_vs_ridge.py,plot_huber_vs_ridge.py,examples/linear_model,Python,.py,52,2095,False,8,83,19,6,2015-09-20T18:47:14-04:00,2024-06-17T19:57:02+02:00,102
scikit-learn,examples/linear_model/plot_lasso_and_elasticnet.py,plot_lasso_and_elasticnet.py,examples/linear_model,Python,.py,211,9417,False,28,395,146,20,2012-03-03T19:00:47+01:00,2026-01-05T01:13:08-08:00,541
scikit-learn,examples/linear_model/plot_lasso_dense_vs_sparse_data.py,plot_lasso_dense_vs_sparse_data.py,examples/linear_model,Python,.py,69,2904,False,9,128,39,8,2017-05-11T23:42:57+02:00,2026-03-11T02:04:06-04:00,167
scikit-learn,examples/linear_model/plot_lasso_lars_ic.py,plot_lasso_lars_ic.py,examples/linear_model,Python,.py,94,3866,False,9,134,19,4,2021-11-23T21:32:26+01:00,2024-06-17T19:57:02+02:00,153
scikit-learn,examples/linear_model/plot_lasso_lasso_lars_elasticnet_path.py,plot_lasso_lasso_lars_elasticnet_path.py,examples/linear_model,Python,.py,103,4795,False,1,136,0,1,2024-09-29T14:08:14+05:30,2024-09-29T14:08:14+05:30,136
scikit-learn,examples/linear_model/plot_lasso_model_selection.py,plot_lasso_model_selection.py,examples/linear_model,Python,.py,221,8855,False,33,557,308,20,2011-08-10T09:48:24-04:00,2024-06-17T19:57:02+02:00,865
scikit-learn,examples/linear_model/plot_logistic_l1_l2_sparsity.py,plot_logistic_l1_l2_sparsity.py,examples/linear_model,Python,.py,66,3006,False,23,193,107,14,2012-03-04T21:58:14+01:00,2025-11-26T05:01:39+01:00,300
scikit-learn,examples/linear_model/plot_logistic_multinomial.py,plot_logistic_multinomial.py,examples/linear_model,Python,.py,170,7780,False,15,293,95,11,2015-07-29T15:04:29+02:00,2026-06-10T06:19:57+02:00,388
scikit-learn,examples/linear_model/plot_logistic_path.py,plot_logistic_path.py,examples/linear_model,Python,.py,80,2957,False,23,189,86,17,2010-11-25T14:53:55+01:00,2025-11-26T05:01:39+01:00,275
scikit-learn,examples/linear_model/plot_multi_task_lasso_support.py,plot_multi_task_lasso_support.py,examples/linear_model,Python,.py,67,2306,False,19,141,59,13,2012-08-02T11:13:30+02:00,2024-06-17T19:57:02+02:00,200
scikit-learn,examples/linear_model/plot_nnls.py,plot_nnls.py,examples/linear_model,Python,.py,55,2087,False,5,76,4,4,2020-08-06T14:30:24+02:00,2024-07-22T22:05:03+02:00,80
scikit-learn,examples/linear_model/plot_ols_ridge.py,plot_ols_ridge.py,examples/linear_model,Python,.py,133,5514,False,1,167,0,1,2025-02-19T19:36:12+09:00,2025-02-19T19:36:12+09:00,167
scikit-learn,examples/linear_model/plot_omp.py,plot_omp.py,examples/linear_model,Python,.py,64,1975,False,38,344,145,18,2011-06-16T07:40:56+03:00,2024-07-22T22:05:03+02:00,489
scikit-learn,examples/linear_model/plot_poisson_regression_non_normal_loss.py,plot_poisson_regression_non_normal_loss.py,examples/linear_model,Python,.py,513,22561,False,21,958,364,10,2020-03-04T14:08:24+01:00,2025-02-09T04:36:19+01:00,1322
scikit-learn,examples/linear_model/plot_polynomial_interpolation.py,plot_polynomial_interpolation.py,examples/linear_model,Python,.py,172,7774,False,21,322,110,14,2011-03-24T16:04:40+09:00,2024-06-17T19:57:02+02:00,432
scikit-learn,examples/linear_model/plot_quantile_regression.py,plot_quantile_regression.py,examples/linear_model,Python,.py,278,11554,False,15,454,140,9,2021-05-25T15:02:37+03:00,2025-03-18T18:31:18+01:00,594
scikit-learn,examples/linear_model/plot_ransac.py,plot_ransac.py,examples/linear_model,Python,.py,64,2154,False,16,166,85,8,2013-07-12T23:23:20+02:00,2024-07-22T22:05:03+02:00,251
scikit-learn,examples/linear_model/plot_ridge_coeffs.py,plot_ridge_coeffs.py,examples/linear_model,Python,.py,159,8783,False,6,269,88,5,2015-10-22T13:39:36+02:00,2024-07-22T22:05:03+02:00,357
scikit-learn,examples/linear_model/plot_ridge_path.py,plot_ridge_path.py,examples/linear_model,Python,.py,55,2092,False,22,117,46,15,2011-07-08T11:16:56+02:00,2025-06-18T18:29:17+05:30,163
scikit-learn,examples/linear_model/plot_robust_fit.py,plot_robust_fit.py,examples/linear_model,Python,.py,94,3184,False,13,175,56,8,2014-07-18T19:14:34+02:00,2024-12-07T16:20:04+01:00,231
scikit-learn,examples/linear_model/plot_sgd_early_stopping.py,plot_sgd_early_stopping.py,examples/linear_model,Python,.py,124,5765,False,16,219,65,13,2018-07-05T16:25:34+02:00,2024-06-17T19:57:02+02:00,284
scikit-learn,examples/linear_model/plot_sgd_iris.py,plot_sgd_iris.py,examples/linear_model,Python,.py,69,1978,False,26,155,69,16,2010-12-01T16:59:52+01:00,2026-04-23T22:14:13+05:30,224
scikit-learn,examples/linear_model/plot_sgd_loss_functions.py,plot_sgd_loss_functions.py,examples/linear_model,Python,.py,44,1298,False,21,149,97,15,2010-12-01T16:59:52+01:00,2024-07-22T22:05:03+02:00,246
scikit-learn,examples/linear_model/plot_sgd_penalties.py,plot_sgd_penalties.py,examples/linear_model,Python,.py,45,1428,False,16,185,128,12,2010-12-01T16:59:52+01:00,2024-07-22T22:05:03+02:00,313
scikit-learn,examples/linear_model/plot_sgd_separating_hyperplane.py,plot_sgd_separating_hyperplane.py,examples/linear_model,Python,.py,36,1278,False,24,96,49,15,2010-12-01T16:59:52+01:00,2024-07-22T22:05:03+02:00,145
scikit-learn,examples/linear_model/plot_sgd_weighted_samples.py,plot_sgd_weighted_samples.py,examples/linear_model,Python,.py,52,1668,False,21,116,53,13,2011-03-15T19:58:56+01:00,2024-07-22T22:05:03+02:00,169
scikit-learn,examples/linear_model/plot_sgdocsvm_vs_ocsvm.py,plot_sgdocsvm_vs_ocsvm.py,examples/linear_model,Python,.py,177,6148,False,7,302,102,5,2021-03-23T10:53:57+01:00,2025-03-18T09:36:12+01:00,404
scikit-learn,examples/linear_model/plot_sparse_logistic_regression_20newsgroups.py,plot_sparse_logistic_regression_20newsgroups.py,examples/linear_model,Python,.py,111,4262,False,13,201,69,9,2017-03-27T21:39:30+02:00,2025-11-26T05:01:39+01:00,270
scikit-learn,examples/linear_model/plot_sparse_logistic_regression_mnist.py,plot_sparse_logistic_regression_mnist.py,examples/linear_model,Python,.py,68,2678,False,16,118,35,11,2017-03-27T21:39:30+02:00,2025-11-26T05:01:39+01:00,153
scikit-learn,examples/linear_model/plot_theilsen.py,plot_theilsen.py,examples/linear_model,Python,.py,105,3776,False,22,258,133,10,2014-01-17T22:07:12+01:00,2025-01-21T23:16:28-08:00,391
scikit-learn,examples/linear_model/plot_tweedie_regression_insurance_claims.py,plot_tweedie_regression_insurance_claims.py,examples/linear_model,Python,.py,612,23677,False,28,883,183,15,2020-03-04T14:08:24+01:00,2025-04-15T13:11:52+02:00,1066
scikit-learn,examples/manifold/plot_compare_methods.py,plot_compare_methods.py,examples/manifold,Python,.py,193,7594,False,71,664,423,33,2011-06-14T14:02:16-07:00,2025-11-06T10:46:39+01:00,1087
scikit-learn,examples/manifold/plot_lle_digits.py,plot_lle_digits.py,examples/manifold,Python,.py,162,6473,False,77,753,546,33,2011-01-31T16:51:38+01:00,2025-11-06T10:46:39+01:00,1299
scikit-learn,examples/manifold/plot_manifold_sphere.py,plot_manifold_sphere.py,examples/manifold,Python,.py,152,6004,False,42,367,184,21,2012-11-20T15:47:02+01:00,2025-11-06T10:46:39+01:00,551
scikit-learn,examples/manifold/plot_mds.py,plot_mds.py,examples/manifold,Python,.py,119,3907,False,37,320,176,16,2012-04-25T22:31:04+02:00,2025-11-06T10:46:39+01:00,496
scikit-learn,examples/manifold/plot_swissroll.py,plot_swissroll.py,examples/manifold,Python,.py,102,4102,False,28,251,128,17,2011-01-31T16:51:38+01:00,2024-07-22T22:05:03+02:00,379
scikit-learn,examples/manifold/plot_t_sne_perplexity.py,plot_t_sne_perplexity.py,examples/manifold,Python,.py,118,4288,False,15,193,47,12,2017-04-17T22:15:44-07:00,2024-06-17T19:57:02+02:00,240
scikit-learn,examples/miscellaneous/plot_anomaly_comparison.py,plot_anomaly_comparison.py,examples/miscellaneous,Python,.py,161,7440,False,9,242,53,7,2020-04-27T11:23:15-04:00,2024-06-17T19:57:02+02:00,295
scikit-learn,examples/miscellaneous/plot_display_object_visualization.py,plot_display_object_visualization.py,examples/miscellaneous,Python,.py,73,3459,False,13,120,27,9,2020-04-27T11:23:15-04:00,2026-06-17T08:41:00+02:00,147
scikit-learn,examples/miscellaneous/plot_estimator_representation.py,plot_estimator_representation.py,examples/miscellaneous,Python,.py,42,1708,False,4,57,5,3,2022-09-16T13:42:02+02:00,2025-11-26T05:01:39+01:00,62
scikit-learn,examples/miscellaneous/plot_isotonic_regression.py,plot_isotonic_regression.py,examples/miscellaneous,Python,.py,57,2564,False,8,109,34,6,2020-04-27T11:23:15-04:00,2025-10-14T05:54:12-07:00,143
scikit-learn,examples/miscellaneous/plot_johnson_lindenstrauss_bound.py,plot_johnson_lindenstrauss_bound.py,examples/miscellaneous,Python,.py,177,7521,False,10,283,72,9,2020-04-27T11:23:15-04:00,2024-07-22T22:05:03+02:00,355
scikit-learn,examples/miscellaneous/plot_kernel_approximation.py,plot_kernel_approximation.py,examples/miscellaneous,Python,.py,214,8579,False,13,324,65,11,2020-04-27T11:23:15-04:00,2025-11-07T12:45:28-08:00,389
scikit-learn,examples/miscellaneous/plot_kernel_ridge_regression.py,plot_kernel_ridge_regression.py,examples/miscellaneous,Python,.py,178,6637,False,14,339,123,8,2020-04-27T11:23:15-04:00,2025-10-02T07:15:14-07:00,462
scikit-learn,examples/miscellaneous/plot_metadata_routing.py,plot_metadata_routing.py,examples/miscellaneous,Python,.py,600,27300,False,14,1014,299,4,2023-06-02T22:43:31+02:00,2026-06-09T19:16:46+02:00,1313
scikit-learn,examples/miscellaneous/plot_multilabel.py,plot_multilabel.py,examples/miscellaneous,Python,.py,103,4074,False,9,167,37,7,2020-04-27T11:23:15-04:00,2025-04-11T18:18:51+01:00,204
scikit-learn,examples/miscellaneous/plot_multioutput_face_completion.py,plot_multioutput_face_completion.py,examples/miscellaneous,Python,.py,76,2885,False,5,122,24,4,2020-04-27T11:23:15-04:00,2024-07-22T22:05:03+02:00,146
scikit-learn,examples/miscellaneous/plot_outlier_detection_bench.py,plot_outlier_detection_bench.py,examples/miscellaneous,Python,.py,388,16895,False,15,656,203,10,2022-04-07T23:33:16+07:00,2025-10-14T05:54:12-07:00,859
scikit-learn,examples/miscellaneous/plot_pipeline_display.py,plot_pipeline_display.py,examples/miscellaneous,Python,.py,152,6206,False,7,228,45,5,2021-10-13T10:31:09-04:00,2025-04-30T15:04:20+02:00,273
scikit-learn,examples/miscellaneous/plot_roc_curve_visualization_api.py,plot_roc_curve_visualization_api.py,examples/miscellaneous,Python,.py,53,2216,False,8,78,17,6,2020-04-27T11:23:15-04:00,2025-12-02T00:25:24-08:00,95
scikit-learn,examples/miscellaneous/plot_set_output.py,plot_set_output.py,examples/miscellaneous,Python,.py,123,5082,False,11,166,15,9,2022-10-12T18:19:12-04:00,2025-04-28T11:33:18+02:00,181
scikit-learn,examples/mixture/plot_concentration_prior.py,plot_concentration_prior.py,examples/mixture,Python,.py,142,5875,False,15,239,75,9,2016-09-10T15:41:52+02:00,2025-03-18T20:10:10+01:00,314
scikit-learn,examples/mixture/plot_gmm.py,plot_gmm.py,examples/mixture,Python,.py,77,3283,False,25,241,145,14,2010-11-23T14:34:08+01:00,2024-07-22T22:05:03+02:00,386
scikit-learn,examples/mixture/plot_gmm_covariances.py,plot_gmm_covariances.py,examples/mixture,Python,.py,106,4604,False,13,197,59,10,2015-11-02T19:17:33+01:00,2024-06-17T19:57:02+02:00,256
scikit-learn,examples/mixture/plot_gmm_init.py,plot_gmm_init.py,examples/mixture,Python,.py,82,3636,False,6,116,8,4,2022-04-06T07:40:46-04:00,2025-10-17T23:26:03-07:00,124
scikit-learn,examples/mixture/plot_gmm_pdf.py,plot_gmm_pdf.py,examples/mixture,Python,.py,42,1599,False,18,99,43,12,2010-11-23T14:34:08+01:00,2024-07-22T22:05:03+02:00,142
scikit-learn,examples/mixture/plot_gmm_selection.py,plot_gmm_selection.py,examples/mixture,Python,.py,147,5567,False,18,326,150,16,2012-02-02T15:43:25+01:00,2024-07-22T22:05:03+02:00,476
scikit-learn,examples/mixture/plot_gmm_sin.py,plot_gmm_sin.py,examples/mixture,Python,.py,160,6162,False,30,358,173,18,2011-04-24T17:36:45-03:00,2024-07-22T22:05:03+02:00,531
scikit-learn,examples/model_selection/plot_confusion_matrix.py,plot_confusion_matrix.py,examples/model_selection,Python,.py,101,3911,False,18,302,177,16,2013-07-28T17:39:38+02:00,2026-02-17T14:41:43+01:00,479
scikit-learn,examples/model_selection/plot_cost_sensitive_learning.py,plot_cost_sensitive_learning.py,examples/model_selection,Python,.py,614,29807,False,13,858,165,8,2024-05-03T18:15:25+02:00,2026-06-30T17:40:38+02:00,1023
scikit-learn,examples/model_selection/plot_cv_indices.py,plot_cv_indices.py,examples/model_selection,Python,.py,186,6264,False,10,289,71,9,2018-07-30T17:41:12-07:00,2024-07-22T22:05:03+02:00,360
scikit-learn,examples/model_selection/plot_cv_predict.py,plot_cv_predict.py,examples/model_selection,Python,.py,72,2631,False,10,106,24,9,2018-02-28T22:54:43+11:00,2024-07-22T22:05:03+02:00,130
scikit-learn,examples/model_selection/plot_det.py,plot_det.py,examples/model_selection,Python,.py,144,5839,False,16,337,167,8,2020-08-16T11:34:37+02:00,2026-07-11T07:42:36+02:00,504
scikit-learn,examples/model_selection/plot_grid_search_digits.py,plot_grid_search_digits.py,examples/model_selection,Python,.py,174,7402,False,11,296,85,11,2017-05-11T23:42:57+02:00,2024-07-22T22:05:03+02:00,381
scikit-learn,examples/model_selection/plot_grid_search_refit_callable.py,plot_grid_search_refit_callable.py,examples/model_selection,Python,.py,337,11367,False,12,461,72,10,2019-01-08T17:56:30-08:00,2026-06-17T08:41:00+02:00,533
scikit-learn,examples/model_selection/plot_grid_search_stats.py,plot_grid_search_stats.py,examples/model_selection,Python,.py,492,23068,False,12,697,128,7,2020-11-06T18:39:35+01:00,2025-03-31T14:48:09+02:00,825
scikit-learn,examples/model_selection/plot_grid_search_text_feature_extraction.py,plot_grid_search_text_feature_extraction.py,examples/model_selection,Python,.py,224,9098,False,5,269,6,3,2022-09-15T10:10:01+02:00,2024-06-17T19:57:02+02:00,275
scikit-learn,examples/model_selection/plot_learning_curve.py,plot_learning_curve.py,examples/model_selection,Python,.py,165,6912,False,23,504,317,19,2013-07-28T17:39:38+02:00,2025-12-02T00:25:24-08:00,821
scikit-learn,examples/model_selection/plot_likelihood_ratios.py,plot_likelihood_ratios.py,examples/model_selection,Python,.py,272,12012,False,7,338,12,4,2022-05-17T10:39:48+02:00,2025-04-15T13:11:52+02:00,350
scikit-learn,examples/model_selection/plot_multi_metric_evaluation.py,plot_multi_metric_evaluation.py,examples/model_selection,Python,.py,95,3713,False,14,158,42,11,2017-07-07T17:12:31+02:00,2024-06-17T19:57:02+02:00,200
scikit-learn,examples/model_selection/plot_nested_cross_validation_iris.py,plot_nested_cross_validation_iris.py,examples/model_selection,Python,.py,105,4541,False,14,169,39,10,2016-09-24T19:47:01-05:00,2024-07-22T22:05:03+02:00,208
scikit-learn,examples/model_selection/plot_permutation_tests_for_classification.py,plot_permutation_tests_for_classification.py,examples/model_selection,Python,.py,122,5453,False,10,192,48,7,2021-07-28T14:49:42+02:00,2025-01-13T21:19:47+01:00,240
scikit-learn,examples/model_selection/plot_precision_recall.py,plot_precision_recall.py,examples/model_selection,Python,.py,253,11503,False,26,560,253,20,2013-07-28T17:39:38+02:00,2026-02-24T07:20:58+11:00,813
scikit-learn,examples/model_selection/plot_randomized_search.py,plot_randomized_search.py,examples/model_selection,Python,.py,207,9538,False,16,356,120,13,2017-05-11T23:42:57+02:00,2026-06-12T13:37:10+02:00,476
scikit-learn,examples/model_selection/plot_roc.py,plot_roc.py,examples/model_selection,Python,.py,387,15421,False,31,727,269,25,2013-07-28T17:39:38+02:00,2025-05-28T14:17:19+02:00,996
scikit-learn,examples/model_selection/plot_roc_crossval.py,plot_roc_crossval.py,examples/model_selection,Python,.py,119,4645,False,25,304,162,20,2013-07-28T17:39:38+02:00,2026-06-17T08:41:00+02:00,466
scikit-learn,examples/model_selection/plot_successive_halving_heatmap.py,plot_successive_halving_heatmap.py,examples/model_selection,Python,.py,106,4357,False,9,169,36,6,2020-09-09T11:12:35-04:00,2026-06-12T18:58:05+02:00,205
scikit-learn,examples/model_selection/plot_successive_halving_iterations.py,plot_successive_halving_iterations.py,examples/model_selection,Python,.py,72,2858,False,10,125,37,7,2020-09-09T11:12:35-04:00,2026-06-12T18:58:05+02:00,162
scikit-learn,examples/model_selection/plot_train_error_vs_test_error.py,plot_train_error_vs_test_error.py,examples/model_selection,Python,.py,148,6224,False,11,252,86,8,2013-07-28T17:39:38+02:00,2024-10-11T22:10:09+05:30,338
scikit-learn,examples/model_selection/plot_tuned_decision_threshold.py,plot_tuned_decision_threshold.py,examples/model_selection,Python,.py,168,7577,False,2,187,0,2,2024-05-03T18:15:25+02:00,2024-07-22T22:05:03+02:00,187
scikit-learn,examples/model_selection/plot_underfitting_overfitting.py,plot_underfitting_overfitting.py,examples/model_selection,Python,.py,68,2870,False,13,109,26,9,2013-07-28T17:39:38+02:00,2026-08-13T09:50:38-03:00,135
scikit-learn,examples/multiclass/plot_multiclass_overview.py,plot_multiclass_overview.py,examples/multiclass,Python,.py,182,8254,False,5,216,14,5,2023-10-30T11:34:40+01:00,2025-03-31T14:48:09+02:00,230
scikit-learn,examples/multioutput/plot_classifier_chain_yeast.py,plot_classifier_chain_yeast.py,examples/multioutput,Python,.py,131,6019,False,18,281,128,11,2017-06-29T01:34:19-04:00,2024-06-17T19:57:02+02:00,409
scikit-learn,examples/neighbors/approximate_nearest_neighbors.py,approximate_nearest_neighbors.py,examples/neighbors,Python,.py,274,11349,False,20,743,429,11,2019-09-18T11:32:59-07:00,2026-03-11T02:04:06-04:00,1172
scikit-learn,examples/neighbors/plot_caching_nearest_neighbors.py,plot_caching_nearest_neighbors.py,examples/neighbors,Python,.py,58,2709,False,9,99,29,6,2019-09-18T11:32:59-07:00,2024-12-20T10:22:11+01:00,128
scikit-learn,examples/neighbors/plot_classification.py,plot_classification.py,examples/neighbors,Python,.py,89,3332,False,23,225,124,16,2011-09-11T10:45:34-07:00,2026-06-10T06:19:57+02:00,349
scikit-learn,examples/neighbors/plot_digits_kde_sampling.py,plot_digits_kde_sampling.py,examples/neighbors,Python,.py,52,2070,False,13,83,16,9,2013-07-07T18:16:45-07:00,2024-07-22T22:05:03+02:00,99
scikit-learn,examples/neighbors/plot_kde_1d.py,plot_kde_1d.py,examples/neighbors,Python,.py,125,5248,False,17,243,85,12,2013-07-10T15:20:08-07:00,2024-07-22T22:05:03+02:00,328
scikit-learn,examples/neighbors/plot_lof_novelty_detection.py,plot_lof_novelty_detection.py,examples/neighbors,Python,.py,81,3714,False,8,113,20,6,2018-07-19T16:21:45+02:00,2025-01-29T01:58:54-08:00,133
scikit-learn,examples/neighbors/plot_lof_outlier_detection.py,plot_lof_outlier_detection.py,examples/neighbors,Python,.py,77,3177,False,6,132,37,5,2018-07-19T16:21:45+02:00,2024-07-22T22:05:03+02:00,169
scikit-learn,examples/neighbors/plot_nca_classification.py,plot_nca_classification.py,examples/neighbors,Python,.py,75,2633,False,11,152,60,6,2019-02-28T15:58:07+01:00,2026-06-10T06:19:57+02:00,212
scikit-learn,examples/neighbors/plot_nca_dim_reduction.py,plot_nca_dim_reduction.py,examples/neighbors,Python,.py,74,3616,False,7,123,24,5,2019-02-28T15:58:07+01:00,2024-07-22T22:05:03+02:00,147
scikit-learn,examples/neighbors/plot_nca_illustration.py,plot_nca_illustration.py,examples/neighbors,Python,.py,81,3056,False,11,159,57,8,2019-02-28T15:58:07+01:00,2024-07-22T22:05:03+02:00,216
scikit-learn,examples/neighbors/plot_nearest_centroid.py,plot_nearest_centroid.py,examples/neighbors,Python,.py,41,1445,False,19,116,65,14,2012-03-26T21:35:46+11:00,2026-06-10T06:19:57+02:00,181
scikit-learn,examples/neighbors/plot_regression.py,plot_regression.py,examples/neighbors,Python,.py,42,1539,False,17,104,52,12,2011-09-11T10:45:34-07:00,2024-07-08T05:21:39-07:00,156
scikit-learn,examples/neighbors/plot_species_kde.py,plot_species_kde.py,examples/neighbors,Python,.py,120,4756,False,24,210,60,18,2013-07-07T09:02:26-07:00,2025-10-17T00:09:21-07:00,270
scikit-learn,examples/neural_networks/plot_mlp_alpha.py,plot_mlp_alpha.py,examples/neural_networks,Python,.py,127,4628,False,17,221,74,15,2013-07-01T00:07:50+03:00,2024-06-17T19:57:02+02:00,295
scikit-learn,examples/neural_networks/plot_mlp_training_curves.py,plot_mlp_training_curves.py,examples/neural_networks,Python,.py,124,4147,False,12,216,72,11,2015-06-05T13:36:36-04:00,2024-07-22T22:05:03+02:00,288
scikit-learn,examples/neural_networks/plot_mnist_filters.py,plot_mnist_filters.py,examples/neural_networks,Python,.py,59,2779,False,16,129,55,13,2015-06-05T13:36:36-04:00,2024-07-22T22:05:03+02:00,184
scikit-learn,examples/neural_networks/plot_rbm_logistic_classification.py,plot_rbm_logistic_classification.py,examples/neural_networks,Python,.py,114,4272,False,16,249,103,14,2013-07-28T17:39:38+02:00,2024-06-17T19:57:02+02:00,352
scikit-learn,examples/preprocessing/plot_all_scaling.py,plot_all_scaling.py,examples/preprocessing,Python,.py,355,14707,False,23,633,217,17,2017-06-10T01:15:46+02:00,2024-06-17T19:57:02+02:00,850
scikit-learn,examples/preprocessing/plot_discretization.py,plot_discretization.py,examples/preprocessing,Python,.py,80,3405,False,10,117,25,6,2017-11-27T22:44:32+08:00,2025-02-09T04:36:19+01:00,142
scikit-learn,examples/preprocessing/plot_discretization_classification.py,plot_discretization_classification.py,examples/preprocessing,Python,.py,203,7746,False,22,360,127,14,2017-11-27T23:41:31+01:00,2026-06-17T08:41:00+02:00,487
scikit-learn,examples/preprocessing/plot_discretization_strategies.py,plot_discretization_strategies.py,examples/preprocessing,Python,.py,89,3197,False,12,137,29,8,2018-07-10T01:29:56+02:00,2025-09-23T04:14:28-07:00,166
scikit-learn,examples/preprocessing/plot_map_data_to_normal.py,plot_map_data_to_normal.py,examples/preprocessing,Python,.py,111,4582,False,11,185,41,9,2018-07-20T16:32:12-04:00,2024-06-17T19:57:02+02:00,226
scikit-learn,examples/preprocessing/plot_scaling_importance.py,plot_scaling_importance.py,examples/preprocessing,Python,.py,231,10283,False,22,452,175,15,2017-02-13T05:27:19-08:00,2026-06-10T06:19:57+02:00,627
scikit-learn,examples/preprocessing/plot_target_encoder.py,plot_target_encoder.py,examples/preprocessing,Python,.py,200,8174,False,6,236,8,5,2023-03-16T11:59:20-04:00,2025-10-23T11:15:35-04:00,244
scikit-learn,examples/preprocessing/plot_target_encoder_cross_val.py,plot_target_encoder_cross_val.py,examples/preprocessing,Python,.py,169,7368,False,10,278,81,7,2023-04-20T04:19:04-04:00,2026-03-10T18:10:10+01:00,359
scikit-learn,examples/release_highlights/plot_release_highlights_0_22_0.py,plot_release_highlights_0_22_0.py,examples/release_highlights,Python,.py,251,11461,False,30,512,206,16,2019-10-07T23:23:19-04:00,2026-07-03T18:15:54+02:00,718
scikit-learn,examples/release_highlights/plot_release_highlights_0_23_0.py,plot_release_highlights_0_23_0.py,examples/release_highlights,Python,.py,163,7818,False,14,243,49,11,2020-05-01T11:06:00-04:00,2025-04-28T11:33:18+02:00,292
scikit-learn,examples/release_highlights/plot_release_highlights_0_24_0.py,plot_release_highlights_0_24_0.py,examples/release_highlights,Python,.py,228,11546,False,9,312,45,7,2020-11-30T20:21:32+01:00,2026-02-17T14:41:43+01:00,357
scikit-learn,examples/release_highlights/plot_release_highlights_1_0_0.py,plot_release_highlights_1_0_0.py,examples/release_highlights,Python,.py,219,10451,False,12,260,12,7,2021-09-19T14:06:24+02:00,2026-05-06T17:27:06+02:00,272
scikit-learn,examples/release_highlights/plot_release_highlights_1_1_0.py,plot_release_highlights_1_1_0.py,examples/release_highlights,Python,.py,204,8980,False,15,291,49,10,2022-04-25T12:07:24-04:00,2026-05-06T17:27:06+02:00,340
scikit-learn,examples/release_highlights/plot_release_highlights_1_2_0.py,plot_release_highlights_1_2_0.py,examples/release_highlights,Python,.py,142,6389,False,10,191,19,8,2022-11-16T08:46:56-06:00,2025-04-28T11:33:18+02:00,210
scikit-learn,examples/release_highlights/plot_release_highlights_1_3_0.py,plot_release_highlights_1_3_0.py,examples/release_highlights,Python,.py,133,6475,False,8,176,12,8,2023-06-29T16:36:34+02:00,2026-03-10T18:10:10+01:00,188
scikit-learn,examples/release_highlights/plot_release_highlights_1_4_0.py,plot_release_highlights_1_4_0.py,examples/release_highlights,Python,.py,195,7864,False,6,249,11,5,2023-12-19T10:44:25-05:00,2025-04-28T11:33:18+02:00,260
scikit-learn,examples/release_highlights/plot_release_highlights_1_5_0.py,plot_release_highlights_1_5_0.py,examples/release_highlights,Python,.py,183,8527,False,5,277,47,5,2024-05-20T14:31:55+02:00,2026-06-17T08:41:00+02:00,324
scikit-learn,examples/release_highlights/plot_release_highlights_1_6_0.py,plot_release_highlights_1_6_0.py,examples/release_highlights,Python,.py,189,9226,False,5,230,16,4,2024-12-06T17:29:05+01:00,2025-04-28T11:33:18+02:00,246
scikit-learn,examples/release_highlights/plot_release_highlights_1_7_0.py,plot_release_highlights_1_7_0.py,examples/release_highlights,Python,.py,93,4822,False,2,116,1,2,2025-06-04T19:14:27+02:00,2026-06-17T08:41:00+02:00,117
scikit-learn,examples/release_highlights/plot_release_highlights_1_8_0.py,plot_release_highlights_1_8_0.py,examples/release_highlights,Python,.py,250,11284,False,3,290,2,2,2025-12-09T14:25:05+01:00,2026-06-17T08:41:00+02:00,292
scikit-learn,examples/release_highlights/plot_release_highlights_1_9_0.py,plot_release_highlights_1_9_0.py,examples/release_highlights,Python,.py,154,10950,False,2,184,1,2,2026-06-01T18:33:20+02:00,2026-06-17T08:41:00+02:00,185
scikit-learn,examples/semi_supervised/plot_label_propagation_digits.py,plot_label_propagation_digits.py,examples/semi_supervised,Python,.py,92,3197,False,33,309,191,16,2011-07-17T21:00:48-07:00,2024-06-17T19:57:02+02:00,500
scikit-learn,examples/semi_supervised/plot_label_propagation_digits_active_learning.py,plot_label_propagation_digits_active_learning.py,examples/semi_supervised,Python,.py,99,4231,False,29,377,252,18,2011-07-17T21:00:48-07:00,2025-05-06T04:37:46-04:00,629
scikit-learn,examples/semi_supervised/plot_label_propagation_structure.py,plot_label_propagation_structure.py,examples/semi_supervised,Python,.py,92,2711,False,39,336,230,22,2011-07-17T21:00:48-07:00,2025-05-06T04:37:46-04:00,566
scikit-learn,examples/semi_supervised/plot_self_training_varying_threshold.py,plot_self_training_varying_threshold.py,examples/semi_supervised,Python,.py,97,4089,False,8,147,27,5,2020-11-20T19:49:08+01:00,2026-02-17T14:41:43+01:00,174
scikit-learn,examples/semi_supervised/plot_semi_supervised_newsgroups.py,plot_semi_supervised_newsgroups.py,examples/semi_supervised,Python,.py,173,6917,False,9,292,82,7,2020-11-20T19:49:08+01:00,2025-08-21T09:48:16+02:00,374
scikit-learn,examples/semi_supervised/plot_semi_supervised_versus_svm_iris.py,plot_semi_supervised_versus_svm_iris.py,examples/semi_supervised,Python,.py,160,7287,False,10,283,100,7,2020-11-20T19:49:08+01:00,2026-06-10T06:19:57+02:00,383
scikit-learn,examples/svm/plot_custom_kernel.py,plot_custom_kernel.py,examples/svm,Python,.py,53,1515,False,29,133,67,14,2010-05-17T11:25:35+02:00,2026-06-10T06:19:57+02:00,200
scikit-learn,examples/svm/plot_iris_svc.py,plot_iris_svc.py,examples/svm,Python,.py,87,3492,False,10,184,77,7,2019-01-17T23:31:48+11:00,2026-06-10T06:19:57+02:00,261
scikit-learn,examples/svm/plot_linearsvc_support_vectors.py,plot_linearsvc_support_vectors.py,examples/svm,Python,.py,53,1888,False,9,86,25,7,2019-07-26T05:51:10+08:00,2025-04-11T18:18:51+01:00,111
scikit-learn,examples/svm/plot_oneclass.py,plot_oneclass.py,examples/svm,Python,.py,92,2884,False,24,209,104,15,2010-08-20T15:45:14+02:00,2024-07-22T22:05:03+02:00,313
scikit-learn,examples/svm/plot_rbf_parameters.py,plot_rbf_parameters.py,examples/svm,Python,.py,182,8336,False,40,472,250,23,2011-12-16T23:23:41+01:00,2026-05-12T23:39:15+02:00,722
scikit-learn,examples/svm/plot_separating_hyperplane.py,plot_separating_hyperplane.py,examples/svm,Python,.py,42,1194,False,27,152,101,12,2010-08-20T15:45:14+02:00,2024-07-22T22:05:03+02:00,253
scikit-learn,examples/svm/plot_separating_hyperplane_unbalanced.py,plot_separating_hyperplane_unbalanced.py,examples/svm,Python,.py,77,2409,False,26,183,88,16,2011-03-31T11:57:30+02:00,2025-12-02T00:25:24-08:00,271
scikit-learn,examples/svm/plot_svm_anova.py,plot_svm_anova.py,examples/svm,Python,.py,56,2176,False,36,219,148,19,2010-07-28T18:06:59+02:00,2024-07-22T22:05:03+02:00,367
scikit-learn,examples/svm/plot_svm_kernels.py,plot_svm_kernels.py,examples/svm,Python,.py,276,12718,False,26,477,173,13,2012-03-07T03:55:18+01:00,2025-06-12T02:32:13+02:00,650
scikit-learn,examples/svm/plot_svm_margin.py,plot_svm_margin.py,examples/svm,Python,.py,76,2466,False,28,196,103,15,2012-03-07T03:55:18+01:00,2026-06-05T09:30:53+02:00,299
scikit-learn,examples/svm/plot_svm_regression.py,plot_svm_regression.py,examples/svm,Python,.py,67,2128,False,24,168,89,15,2010-08-13T11:52:50+02:00,2024-07-22T22:05:03+02:00,257
scikit-learn,examples/svm/plot_svm_scale_c.py,plot_svm_scale_c.py,examples/svm,Python,.py,170,7476,False,41,583,375,22,2012-07-25T12:50:00+02:00,2026-05-04T16:11:19+02:00,958
scikit-learn,examples/svm/plot_svm_tie_breaking.py,plot_svm_tie_breaking.py,examples/svm,Python,.py,51,2174,False,8,81,15,4,2019-05-03T22:15:49+02:00,2025-10-06T04:46:45-07:00,96
scikit-learn,examples/svm/plot_weighted_samples.py,plot_weighted_samples.py,examples/svm,Python,.py,74,2647,False,24,178,91,12,2010-11-24T14:08:17+01:00,2025-01-27T06:56:40+01:00,269
scikit-learn,examples/text/plot_document_classification_20newsgroups.py,plot_document_classification_20newsgroups.py,examples/text,Python,.py,378,16441,False,24,941,491,14,2017-12-13T13:02:39+01:00,2025-04-17T18:26:13+02:00,1432
scikit-learn,examples/text/plot_document_clustering.py,plot_document_clustering.py,examples/text,Python,.py,386,17514,False,16,760,312,12,2017-12-13T13:02:39+01:00,2024-06-17T19:57:02+02:00,1072
scikit-learn,examples/text/plot_hashing_vs_dict_vectorizer.py,plot_hashing_vs_dict_vectorizer.py,examples/text,Python,.py,319,15051,False,13,472,89,8,2017-12-13T13:02:39+01:00,2024-06-17T19:57:02+02:00,561
scikit-learn,examples/tree/plot_cost_complexity_pruning.py,plot_cost_complexity_pruning.py,examples/tree,Python,.py,96,4684,False,8,128,18,7,2019-08-20T09:02:45-04:00,2025-11-29T08:48:08-08:00,146
scikit-learn,examples/tree/plot_iris_dtc.py,plot_iris_dtc.py,examples/tree,Python,.py,68,2489,False,14,145,60,9,2019-01-17T23:31:48+11:00,2026-06-16T14:25:02+02:00,205
scikit-learn,examples/tree/plot_tree_regression.py,plot_tree_regression.py,examples/tree,Python,.py,129,4461,False,19,234,90,15,2011-09-13T12:52:41+01:00,2024-10-18T10:08:26+03:00,324
scikit-learn,examples/tree/plot_unveil_tree_structure.py,plot_unveil_tree_structure.py,examples/tree,Python,.py,211,9982,False,16,385,148,13,2016-08-30T18:18:24-06:00,2024-09-16T12:04:56-04:00,533
scikit-learn,maint_tools/bump-dependencies-versions.py,bump-dependencies-versions.py,maint_tools,Python,.py,159,5792,False,6,208,19,4,2025-04-01T19:12:04+02:00,2026-07-08T18:15:48+02:00,227
scikit-learn,maint_tools/check_xfailed_checks.py,check_xfailed_checks.py,maint_tools,Python,.py,33,1598,False,1,37,0,1,2024-11-08T19:28:02+03:00,2024-11-08T19:28:02+03:00,37
scikit-learn,maint_tools/update_tracking_issue.py,update_tracking_issue.py,maint_tools,Python,.py,158,6205,False,13,235,46,5,2022-03-02T08:02:48-05:00,2026-08-24T04:26:35+01:00,281
scikit-learn,maint_tools/vendor_array_api_compat.sh,vendor_array_api_compat.sh,maint_tools,Shell,.sh,18,587,False,5,29,5,2,2025-03-25T08:24:25Z,2026-06-11T15:53:57+01:00,34
scikit-learn,maint_tools/vendor_array_api_extra.sh,vendor_array_api_extra.sh,maint_tools,Shell,.sh,18,585,False,7,30,6,2,2025-03-25T08:24:25Z,2026-08-31T14:27:22+05:00,36
scikit-learn,sklearn/__check_build/__init__.py,__init__.py,sklearn/__check_build,Python,.py,45,1880,False,16,82,28,12,2012-05-09T00:32:27+02:00,2025-12-10T00:32:48+01:00,110
scikit-learn,sklearn/__init__.py,__init__.py,sklearn,Python,.py,130,4524,False,114,677,526,38,2011-09-02T11:00:02+02:00,2026-05-20T14:50:22+02:00,1203
scikit-learn,sklearn/_build_utils/__init__.py,__init__.py,sklearn/_build_utils,Python,.py,0,0,False,31,292,292,13,2015-10-21T17:05:19+02:00,2024-07-11T08:34:46+02:00,584
scikit-learn,sklearn/_build_utils/tempita.py,tempita.py,sklearn/_build_utils,Python,.py,44,1684,False,3,62,0,2,2024-01-23T15:05:56+01:00,2025-03-24T18:13:30+01:00,62
scikit-learn,sklearn/_build_utils/version.py,version.py,sklearn/_build_utils,Python,.py,10,448,False,5,19,3,3,2024-01-23T15:05:56+01:00,2025-04-30T15:04:20+02:00,22
scikit-learn,sklearn/_config.py,_config.py,sklearn,Python,.py,340,16099,False,39,542,107,24,2018-02-14T06:37:40+11:00,2026-05-06T17:27:06+02:00,649
scikit-learn,sklearn/_distributor_init.py,_distributor_init.py,sklearn,Python,.py,9,424,False,3,14,1,2,2019-11-19T16:56:34-06:00,2024-07-22T22:05:03+02:00,15
scikit-learn,sklearn/_loss/__init__.py,__init__.py,sklearn/_loss,Python,.py,34,830,False,9,51,14,6,2020-03-04T14:08:24+01:00,2026-02-12T14:41:58+05:00,65
scikit-learn,sklearn/_loss/link.py,link.py,sklearn/_loss,Python,.py,194,7487,False,9,333,65,4,2021-11-26T16:45:41+01:00,2026-03-05T11:33:07+01:00,398
scikit-learn,sklearn/_loss/loss.py,loss.py,sklearn/_loss,Python,.py,1596,64059,False,24,2104,236,11,2021-11-26T16:45:41+01:00,2026-06-18T14:09:49+05:00,2340
scikit-learn,sklearn/_loss/tests/__init__.py,__init__.py,sklearn/_loss/tests,Python,.py,0,0,True,1,0,0,1,2020-03-04T14:08:24+01:00,2020-03-04T14:08:24+01:00,0
scikit-learn,sklearn/_loss/tests/test_link.py,test_link.py,sklearn/_loss/tests,Python,.py,121,5032,True,10,187,48,6,2021-11-26T16:45:41+01:00,2026-04-30T12:27:49+02:00,235
scikit-learn,sklearn/_loss/tests/test_loss.py,test_loss.py,sklearn/_loss/tests,Python,.py,1402,56086,True,35,1697,150,14,2021-11-26T16:45:41+01:00,2026-08-10T14:51:47+01:00,1847
scikit-learn,sklearn/_min_dependencies.py,_min_dependencies.py,sklearn,Python,.py,66,2913,False,98,268,194,28,2020-10-14T10:11:05-04:00,2026-09-10T15:22:36+02:00,462
scikit-learn,sklearn/base.py,base.py,sklearn,Python,.py,1169,49206,False,246,3479,2072,85,2011-09-02T11:00:02+02:00,2026-05-27T03:38:42-05:00,5551
scikit-learn,sklearn/calibration.py,calibration.py,sklearn,Python,.py,1450,62711,False,165,3281,1530,72,2015-02-18T12:04:07+01:00,2026-07-22T15:40:40+05:00,4811
scikit-learn,sklearn/callback/__init__.py,__init__.py,sklearn/callback,Python,.py,21,761,False,1,24,0,1,2026-05-19T10:34:21+02:00,2026-05-19T10:34:21+02:00,24
scikit-learn,sklearn/callback/_base.py,_base.py,sklearn/callback,Python,.py,106,4328,False,1,139,0,1,2026-05-19T10:34:21+02:00,2026-05-19T10:34:21+02:00,139
scikit-learn,sklearn/callback/_callback_context.py,_callback_context.py,sklearn/callback,Python,.py,473,22167,False,5,589,21,2,2026-05-19T10:34:21+02:00,2026-08-28T23:28:28+02:00,610
scikit-learn,sklearn/callback/_callback_support.py,_callback_support.py,sklearn/callback,Python,.py,170,7603,False,2,220,9,1,2026-05-19T10:34:21+02:00,2026-07-23T15:22:20+02:00,229
scikit-learn,sklearn/callback/_progressbar.py,_progressbar.py,sklearn/callback,Python,.py,252,11807,False,4,319,8,3,2026-05-19T10:34:21+02:00,2026-08-24T17:38:17+02:00,327
scikit-learn,sklearn/callback/_scoring_monitor.py,_scoring_monitor.py,sklearn/callback,Python,.py,241,11556,False,3,316,17,2,2026-05-19T10:34:21+02:00,2026-08-27T15:56:11+02:00,333
scikit-learn,sklearn/callback/_transport.py,_transport.py,sklearn/callback,Python,.py,150,7699,False,2,186,1,2,2026-05-19T10:34:21+02:00,2026-06-01T07:35:59-04:00,187
scikit-learn,sklearn/callback/tests/__init__.py,__init__.py,sklearn/callback/tests,Python,.py,0,0,True,1,0,0,1,2026-05-19T10:34:21+02:00,2026-05-19T10:34:21+02:00,0
scikit-learn,sklearn/callback/tests/_common/__init__.py,__init__.py,sklearn/callback/tests/_common,Python,.py,2,79,True,1,2,0,1,2026-08-19T07:18:16+02:00,2026-08-19T07:18:16+02:00,2
scikit-learn,sklearn/callback/tests/_common/callbacks.py,callbacks.py,sklearn/callback/tests/_common,Python,.py,134,5535,True,2,178,0,1,2026-08-19T07:18:16+02:00,2026-08-25T15:53:39+02:00,178
scikit-learn,sklearn/callback/tests/_common/estimators.py,estimators.py,sklearn/callback/tests/_common,Python,.py,211,9470,True,1,293,0,1,2026-08-19T07:18:16+02:00,2026-08-19T07:18:16+02:00,293
scikit-learn,sklearn/callback/tests/conftest.py,conftest.py,sklearn/callback/tests,Python,.py,4,179,True,1,6,0,1,2026-05-19T10:34:21+02:00,2026-05-19T10:34:21+02:00,6
scikit-learn,sklearn/callback/tests/test_callback_context.py,test_callback_context.py,sklearn/callback/tests,Python,.py,401,19020,True,4,548,37,2,2026-05-19T10:34:21+02:00,2026-08-19T07:18:16+02:00,585
scikit-learn,sklearn/callback/tests/test_callback_support.py,test_callback_support.py,sklearn/callback/tests,Python,.py,129,6283,True,3,178,7,1,2026-05-19T10:34:21+02:00,2026-08-19T07:18:16+02:00,185
scikit-learn,sklearn/callback/tests/test_pickle.py,test_pickle.py,sklearn/callback/tests,Python,.py,161,7855,True,3,220,1,1,2026-05-19T10:34:21+02:00,2026-08-27T15:56:11+02:00,221
scikit-learn,sklearn/callback/tests/test_progressbar.py,test_progressbar.py,sklearn/callback/tests,Python,.py,177,7937,True,2,223,2,1,2026-05-19T10:34:21+02:00,2026-08-19T07:18:16+02:00,225
scikit-learn,sklearn/callback/tests/test_scoring_monitor.py,test_scoring_monitor.py,sklearn/callback/tests,Python,.py,341,14245,True,3,428,3,1,2026-05-19T10:34:21+02:00,2026-08-28T23:28:28+02:00,431
scikit-learn,sklearn/cluster/__init__.py,__init__.py,sklearn/cluster,Python,.py,61,1675,False,40,205,137,22,2011-09-02T11:00:02+02:00,2025-07-29T15:42:22+02:00,342
scikit-learn,sklearn/cluster/_affinity_propagation.py,_affinity_propagation.py,sklearn/cluster,Python,.py,503,20752,False,54,983,376,29,2019-10-14T12:29:08-04:00,2025-11-07T12:45:28-08:00,1359
scikit-learn,sklearn/cluster/_agglomerative.py,_agglomerative.py,sklearn/cluster,Python,.py,1104,49491,False,76,1889,555,46,2019-12-17T21:09:49-05:00,2026-08-10T14:51:47+01:00,2444
scikit-learn,sklearn/cluster/_bicluster.py,_bicluster.py,sklearn/cluster,Python,.py,515,22134,False,49,996,374,29,2019-10-14T12:29:08-04:00,2026-03-11T02:04:06-04:00,1370
scikit-learn,sklearn/cluster/_birch.py,_birch.py,sklearn/cluster,Python,.py,605,26062,False,52,1051,321,28,2019-10-14T12:29:08-04:00,2025-09-11T16:20:37+02:00,1372
scikit-learn,sklearn/cluster/_bisect_k_means.py,_bisect_k_means.py,sklearn/cluster,Python,.py,435,19608,False,22,640,95,13,2022-04-26T14:54:15+02:00,2026-02-27T09:59:46+05:30,735
scikit-learn,sklearn/cluster/_dbscan.py,_dbscan.py,sklearn/cluster,Python,.py,427,20733,False,48,727,213,35,2019-10-14T12:29:08-04:00,2026-08-07T08:56:20+03:00,940
scikit-learn,sklearn/cluster/_feature_agglomeration.py,_feature_agglomeration.py,sklearn/cluster,Python,.py,62,2439,False,41,292,216,22,2011-09-02T11:00:02+02:00,2025-11-07T12:45:28-08:00,508
scikit-learn,sklearn/cluster/_hdbscan/__init__.py,__init__.py,sklearn/cluster/_hdbscan,Python,.py,2,79,False,2,2,0,2,2023-05-31T10:02:28-04:00,2024-07-22T22:05:03+02:00,2
scikit-learn,sklearn/cluster/_hdbscan/hdbscan.py,hdbscan.py,sklearn/cluster/_hdbscan,Python,.py,877,41786,False,31,1162,142,20,2023-05-31T10:02:28-04:00,2026-07-03T16:51:27+05:30,1304
scikit-learn,sklearn/cluster/_hdbscan/tests/__init__.py,__init__.py,sklearn/cluster/_hdbscan/tests,Python,.py,0,0,True,1,0,0,1,2023-05-31T10:02:28-04:00,2023-05-31T10:02:28-04:00,0
scikit-learn,sklearn/cluster/_hdbscan/tests/test_reachibility.py,test_reachibility.py,sklearn/cluster/_hdbscan/tests,Python,.py,48,2065,True,4,67,4,3,2023-05-31T10:02:28-04:00,2024-09-04T17:25:04+02:00,71
scikit-learn,sklearn/cluster/_kmeans.py,_kmeans.py,sklearn/cluster,Python,.py,1911,82531,False,122,5015,2695,58,2019-12-17T21:09:49-05:00,2026-08-13T11:34:14+03:00,7710
scikit-learn,sklearn/cluster/_mean_shift.py,_mean_shift.py,sklearn/cluster,Python,.py,472,20329,False,44,734,155,26,2019-10-14T12:29:08-04:00,2026-06-27T19:16:35+02:00,889
scikit-learn,sklearn/cluster/_optics.py,_optics.py,sklearn/cluster,Python,.py,1024,45159,False,60,1574,370,41,2019-10-14T12:29:08-04:00,2026-09-04T08:13:01+02:00,1944
scikit-learn,sklearn/cluster/_spectral.py,_spectral.py,sklearn/cluster,Python,.py,663,31014,False,65,1272,466,38,2019-10-14T12:29:08-04:00,2026-08-20T19:50:05+05:30,1738
scikit-learn,sklearn/cluster/tests/__init__.py,__init__.py,sklearn/cluster/tests,Python,.py,0,0,True,3,0,0,1,2011-09-02T11:00:02+02:00,2011-09-02T12:03:18+02:00,0
scikit-learn,sklearn/cluster/tests/common.py,common.py,sklearn/cluster/tests,Python,.py,30,880,True,9,82,45,6,2011-09-02T11:00:02+02:00,2023-06-21T17:50:07+02:00,127
scikit-learn,sklearn/cluster/tests/test_affinity_propagation.py,test_affinity_propagation.py,sklearn/cluster/tests,Python,.py,251,11898,True,57,626,305,33,2011-09-02T11:00:02+02:00,2024-01-18T19:44:26+08:00,931
scikit-learn,sklearn/cluster/tests/test_bicluster.py,test_bicluster.py,sklearn/cluster/tests,Python,.py,220,9154,True,26,530,265,19,2014-09-04T14:03:50+02:00,2025-08-22T19:01:50+02:00,795
scikit-learn,sklearn/cluster/tests/test_birch.py,test_birch.py,sklearn/cluster/tests,Python,.py,194,8606,True,44,489,247,20,2014-10-24T18:22:44+02:00,2025-09-11T16:20:37+02:00,736
scikit-learn,sklearn/cluster/tests/test_bisect_k_means.py,test_bisect_k_means.py,sklearn/cluster/tests,Python,.py,122,5567,True,8,229,56,7,2022-04-26T14:54:15+02:00,2026-02-27T09:59:46+05:30,285
scikit-learn,sklearn/cluster/tests/test_dbscan.py,test_dbscan.py,sklearn/cluster/tests,Python,.py,378,17093,True,44,868,400,26,2011-09-02T11:00:02+02:00,2026-08-07T08:56:20+03:00,1268
scikit-learn,sklearn/cluster/tests/test_feature_agglomeration.py,test_feature_agglomeration.py,sklearn/cluster/tests,Python,.py,43,1965,True,16,130,75,11,2017-11-07T10:27:34-06:00,2025-04-02T07:00:58+02:00,205
scikit-learn,sklearn/cluster/tests/test_hdbscan.py,test_hdbscan.py,sklearn/cluster/tests,Python,.py,504,20336,True,16,744,139,12,2023-05-31T10:02:28-04:00,2025-09-09T19:00:37+05:30,883
scikit-learn,sklearn/cluster/tests/test_hierarchical.py,test_hierarchical.py,sklearn/cluster/tests,Python,.py,774,33144,True,142,2072,1093,58,2011-09-02T11:00:02+02:00,2026-05-04T16:11:19+02:00,3165
scikit-learn,sklearn/cluster/tests/test_k_means.py,test_k_means.py,sklearn/cluster/tests,Python,.py,1122,49197,True,206,4530,3172,66,2011-09-02T11:00:02+02:00,2026-03-11T02:04:06-04:00,7702
scikit-learn,sklearn/cluster/tests/test_mean_shift.py,test_mean_shift.py,sklearn/cluster/tests,Python,.py,172,7196,True,45,434,216,30,2011-09-02T11:00:02+02:00,2025-08-22T19:01:50+02:00,650
scikit-learn,sklearn/cluster/tests/test_optics.py,test_optics.py,sklearn/cluster/tests,Python,.py,779,25431,True,43,1675,788,23,2018-07-16T13:10:42+02:00,2026-09-04T08:13:01+02:00,2463
scikit-learn,sklearn/cluster/tests/test_spectral.py,test_spectral.py,sklearn/cluster/tests,Python,.py,275,11828,True,109,986,652,46,2011-09-02T11:00:02+02:00,2026-04-23T17:58:49+02:00,1638
scikit-learn,sklearn/compose/__init__.py,__init__.py,sklearn/compose,Python,.py,19,661,False,9,38,15,7,2018-03-17T00:27:03+11:00,2025-07-29T15:42:22+02:00,53
scikit-learn,sklearn/compose/_column_transformer.py,_column_transformer.py,sklearn/compose,Python,.py,1302,60522,False,160,3022,1501,60,2018-05-29T23:49:21+02:00,2026-06-09T19:16:46+02:00,4523
scikit-learn,sklearn/compose/_target.py,_target.py,sklearn/compose,Python,.py,344,15249,False,56,629,215,29,2018-03-16T23:13:55+08:00,2026-06-09T19:16:46+02:00,844
scikit-learn,sklearn/compose/tests/__init__.py,__init__.py,sklearn/compose/tests,Python,.py,0,0,True,1,0,0,1,2018-03-17T00:27:03+11:00,2018-03-17T00:27:03+11:00,0
scikit-learn,sklearn/compose/tests/test_column_transformer.py,test_column_transformer.py,sklearn/compose/tests,Python,.py,2469,98554,True,115,4382,1483,44,2018-05-29T23:49:21+02:00,2026-05-09T19:32:05+02:00,5865
scikit-learn,sklearn/compose/tests/test_target.py,test_target.py,sklearn/compose/tests,Python,.py,365,15257,True,23,579,131,19,2018-03-17T00:27:03+11:00,2026-06-23T12:28:52+02:00,710
scikit-learn,sklearn/conftest.py,conftest.py,sklearn,Python,.py,416,18550,False,53,722,201,18,2019-05-06T09:41:46+02:00,2026-07-27T15:24:07+02:00,923
scikit-learn,sklearn/covariance/__init__.py,__init__.py,sklearn/covariance,Python,.py,46,1278,False,33,159,108,18,2011-09-02T11:00:02+02:00,2025-07-29T15:42:22+02:00,267
scikit-learn,sklearn/covariance/_elliptic_envelope.py,_elliptic_envelope.py,sklearn/covariance,Python,.py,215,9097,False,29,372,106,19,2019-10-20T18:04:53-04:00,2025-11-06T04:29:24-05:00,478
scikit-learn,sklearn/covariance/_empirical_covariance.py,_empirical_covariance.py,sklearn/covariance,Python,.py,341,13972,False,42,557,148,22,2019-10-29T22:36:46-04:00,2026-07-22T15:40:40+05:00,705
scikit-learn,sklearn/covariance/_graph_lasso.py,_graph_lasso.py,sklearn/covariance,Python,.py,974,40794,False,60,1773,623,30,2019-10-29T22:36:46-04:00,2026-08-10T14:51:47+01:00,2396
scikit-learn,sklearn/covariance/_robust_covariance.py,_robust_covariance.py,sklearn/covariance,Python,.py,802,36429,False,34,1222,297,20,2019-10-20T18:04:53-04:00,2025-11-06T04:29:24-05:00,1519
scikit-learn,sklearn/covariance/_shrunk_covariance.py,_shrunk_covariance.py,sklearn/covariance,Python,.py,692,29370,False,52,1251,396,35,2019-10-29T22:36:46-04:00,2026-08-18T15:49:33+02:00,1647
scikit-learn,sklearn/covariance/tests/__init__.py,__init__.py,sklearn/covariance/tests,Python,.py,0,0,True,3,0,0,1,2011-09-02T11:00:02+02:00,2011-09-02T12:03:18+02:00,0
scikit-learn,sklearn/covariance/tests/test_covariance.py,test_covariance.py,sklearn/covariance/tests,Python,.py,494,22422,True,59,1293,609,29,2011-09-02T11:00:02+02:00,2026-08-18T15:49:33+02:00,1902
scikit-learn,sklearn/covariance/tests/test_elliptic_envelope.py,test_elliptic_envelope.py,sklearn/covariance/tests,Python,.py,45,1587,True,8,93,41,8,2018-02-05T19:57:44Z,2023-06-21T17:50:07+02:00,134
scikit-learn,sklearn/covariance/tests/test_graphical_lasso.py,test_graphical_lasso.py,sklearn/covariance/tests,Python,.py,287,11455,True,33,624,294,20,2018-02-20T03:59:52+03:00,2025-11-25T10:43:12+01:00,918
scikit-learn,sklearn/covariance/tests/test_robust_covariance.py,test_robust_covariance.py,sklearn/covariance/tests,Python,.py,168,7516,True,36,342,138,24,2011-12-20T12:27:36+01:00,2025-11-27T16:56:14+01:00,480
scikit-learn,sklearn/cross_decomposition/__init__.py,__init__.py,sklearn/cross_decomposition,Python,.py,5,271,False,12,22,14,8,2013-07-22T17:50:34+02:00,2025-07-29T15:42:22+02:00,36
scikit-learn,sklearn/cross_decomposition/_pls.py,_pls.py,sklearn/cross_decomposition,Python,.py,892,37009,False,68,2548,1451,30,2019-10-29T22:36:46-04:00,2025-12-02T00:25:24-08:00,3999
scikit-learn,sklearn/cross_decomposition/tests/__init__.py,__init__.py,sklearn/cross_decomposition/tests,Python,.py,0,0,True,1,0,0,1,2016-02-03T10:39:50-08:00,2016-02-03T10:39:50-08:00,0
scikit-learn,sklearn/cross_decomposition/tests/test_pls.py,test_pls.py,sklearn/cross_decomposition/tests,Python,.py,546,23601,True,59,1564,886,32,2013-07-22T17:50:34+02:00,2026-05-04T16:11:19+02:00,2450
scikit-learn,sklearn/datasets/__init__.py,__init__.py,sklearn/datasets,Python,.py,151,5391,False,53,423,254,26,2011-09-02T11:00:02+02:00,2025-07-29T15:42:22+02:00,677
scikit-learn,sklearn/datasets/_arff_parser.py,_arff_parser.py,sklearn/datasets,Python,.py,460,19348,False,22,747,200,9,2021-12-21T18:37:33+01:00,2026-09-10T11:50:59+02:00,947
scikit-learn,sklearn/datasets/_base.py,_base.py,sklearn/datasets,Python,.py,1354,54126,False,95,2501,852,54,2019-10-27T17:17:23-04:00,2026-08-27T16:13:17+02:00,3353
scikit-learn,sklearn/datasets/_california_housing.py,_california_housing.py,sklearn/datasets,Python,.py,194,7237,False,28,350,104,20,2019-10-27T17:17:23-04:00,2026-02-16T16:38:10-08:00,454
scikit-learn,sklearn/datasets/_covtype.py,_covtype.py,sklearn/datasets,Python,.py,209,8118,False,26,364,112,20,2019-10-27T17:17:23-04:00,2025-07-29T15:42:22+02:00,476
scikit-learn,sklearn/datasets/_kddcup99.py,_kddcup99.py,sklearn/datasets,Python,.py,352,13865,False,28,641,215,20,2019-10-27T17:17:23-04:00,2026-05-24T23:21:52+05:00,856
scikit-learn,sklearn/datasets/_lfw.py,_lfw.py,sklearn/datasets,Python,.py,544,22681,False,40,890,236,24,2019-10-27T17:17:23-04:00,2026-08-20T19:50:05+05:30,1126
scikit-learn,sklearn/datasets/_olivetti_faces.py,_olivetti_faces.py,sklearn/datasets,Python,.py,152,6072,False,25,258,71,17,2019-10-27T17:17:23-04:00,2026-05-24T23:21:52+05:00,329
scikit-learn,sklearn/datasets/_openml.py,_openml.py,sklearn/datasets,Python,.py,1009,43020,False,54,2183,993,31,2019-10-27T17:17:23-04:00,2026-08-10T14:51:47+01:00,3176
scikit-learn,sklearn/datasets/_rcv1.py,_rcv1.py,sklearn/datasets,Python,.py,285,12055,False,25,485,144,17,2019-10-27T17:17:23-04:00,2026-03-11T02:04:06-04:00,629
scikit-learn,sklearn/datasets/_samples_generator.py,_samples_generator.py,sklearn/datasets,Python,.py,1948,77213,False,98,3253,863,58,2019-10-27T17:17:23-04:00,2026-03-11T02:04:06-04:00,4116
scikit-learn,sklearn/datasets/_species_distributions.py,_species_distributions.py,sklearn/datasets,Python,.py,230,9382,False,23,405,118,15,2019-10-27T17:17:23-04:00,2025-07-30T14:47:53+02:00,523
scikit-learn,sklearn/datasets/_svmlight_format_io.py,_svmlight_format_io.py,sklearn/datasets,Python,.py,499,20969,False,34,818,227,21,2019-12-20T17:11:21+01:00,2026-03-11T02:04:06-04:00,1045
scikit-learn,sklearn/datasets/_twenty_newsgroups.py,_twenty_newsgroups.py,sklearn/datasets,Python,.py,515,20867,False,36,836,211,23,2019-10-27T17:17:23-04:00,2025-11-07T12:45:28-08:00,1047
scikit-learn,sklearn/datasets/data/__init__.py,__init__.py,sklearn/datasets/data,Python,.py,2,79,False,2,2,0,2,2021-07-27T07:46:50-04:00,2024-07-22T22:05:03+02:00,2
scikit-learn,sklearn/datasets/descr/__init__.py,__init__.py,sklearn/datasets/descr,Python,.py,2,79,False,2,2,0,2,2021-07-27T07:46:50-04:00,2024-07-22T22:05:03+02:00,2
scikit-learn,sklearn/datasets/images/__init__.py,__init__.py,sklearn/datasets/images,Python,.py,2,79,False,2,2,0,2,2021-07-27T07:46:50-04:00,2024-07-22T22:05:03+02:00,2
scikit-learn,sklearn/datasets/tests/__init__.py,__init__.py,sklearn/datasets/tests,Python,.py,0,0,True,3,0,0,1,2011-09-02T11:00:02+02:00,2011-09-02T12:03:18+02:00,0
scikit-learn,sklearn/datasets/tests/data/__init__.py,__init__.py,sklearn/datasets/tests/data,Python,.py,0,0,True,1,0,0,1,2021-07-27T07:46:50-04:00,2021-07-27T07:46:50-04:00,0
scikit-learn,sklearn/datasets/tests/data/openml/__init__.py,__init__.py,sklearn/datasets/tests/data/openml,Python,.py,0,0,True,1,0,0,1,2021-07-27T07:46:50-04:00,2021-07-27T07:46:50-04:00,0
scikit-learn,sklearn/datasets/tests/data/openml/id_1/__init__.py,__init__.py,sklearn/datasets/tests/data/openml/id_1,Python,.py,0,0,True,1,0,0,1,2021-07-27T07:46:50-04:00,2021-07-27T07:46:50-04:00,0
scikit-learn,sklearn/datasets/tests/data/openml/id_1119/__init__.py,__init__.py,sklearn/datasets/tests/data/openml/id_1119,Python,.py,0,0,True,1,0,0,1,2021-07-27T07:46:50-04:00,2021-07-27T07:46:50-04:00,0
scikit-learn,sklearn/datasets/tests/data/openml/id_1590/__init__.py,__init__.py,sklearn/datasets/tests/data/openml/id_1590,Python,.py,0,0,True,1,0,0,1,2023-01-13T14:29:13+01:00,2023-01-13T14:29:13+01:00,0
scikit-learn,sklearn/datasets/tests/data/openml/id_2/__init__.py,__init__.py,sklearn/datasets/tests/data/openml/id_2,Python,.py,0,0,True,1,0,0,1,2021-07-27T07:46:50-04:00,2021-07-27T07:46:50-04:00,0
scikit-learn,sklearn/datasets/tests/data/openml/id_292/__init__.py,__init__.py,sklearn/datasets/tests/data/openml/id_292,Python,.py,0,0,True,1,0,0,1,2021-07-27T07:46:50-04:00,2021-07-27T07:46:50-04:00,0
scikit-learn,sklearn/datasets/tests/data/openml/id_3/__init__.py,__init__.py,sklearn/datasets/tests/data/openml/id_3,Python,.py,0,0,True,1,0,0,1,2021-07-27T07:46:50-04:00,2021-07-27T07:46:50-04:00,0
scikit-learn,sklearn/datasets/tests/data/openml/id_40589/__init__.py,__init__.py,sklearn/datasets/tests/data/openml/id_40589,Python,.py,0,0,True,1,0,0,1,2021-07-27T07:46:50-04:00,2021-07-27T07:46:50-04:00,0
scikit-learn,sklearn/datasets/tests/data/openml/id_40675/__init__.py,__init__.py,sklearn/datasets/tests/data/openml/id_40675,Python,.py,0,0,True,1,0,0,1,2021-07-27T07:46:50-04:00,2021-07-27T07:46:50-04:00,0
scikit-learn,sklearn/datasets/tests/data/openml/id_40945/__init__.py,__init__.py,sklearn/datasets/tests/data/openml/id_40945,Python,.py,0,0,True,1,0,0,1,2021-07-27T07:46:50-04:00,2021-07-27T07:46:50-04:00,0
scikit-learn,sklearn/datasets/tests/data/openml/id_40966/__init__.py,__init__.py,sklearn/datasets/tests/data/openml/id_40966,Python,.py,0,0,True,1,0,0,1,2021-07-27T07:46:50-04:00,2021-07-27T07:46:50-04:00,0
scikit-learn,sklearn/datasets/tests/data/openml/id_42074/__init__.py,__init__.py,sklearn/datasets/tests/data/openml/id_42074,Python,.py,0,0,True,1,0,0,1,2023-03-06T18:12:52+01:00,2023-03-06T18:12:52+01:00,0
scikit-learn,sklearn/datasets/tests/data/openml/id_42585/__init__.py,__init__.py,sklearn/datasets/tests/data/openml/id_42585,Python,.py,0,0,True,1,0,0,1,2021-07-27T07:46:50-04:00,2021-07-27T07:46:50-04:00,0
scikit-learn,sklearn/datasets/tests/data/openml/id_561/__init__.py,__init__.py,sklearn/datasets/tests/data/openml/id_561,Python,.py,0,0,True,1,0,0,1,2021-07-27T07:46:50-04:00,2021-07-27T07:46:50-04:00,0
scikit-learn,sklearn/datasets/tests/data/openml/id_61/__init__.py,__init__.py,sklearn/datasets/tests/data/openml/id_61,Python,.py,0,0,True,1,0,0,1,2021-07-27T07:46:50-04:00,2021-07-27T07:46:50-04:00,0
scikit-learn,sklearn/datasets/tests/data/openml/id_62/__init__.py,__init__.py,sklearn/datasets/tests/data/openml/id_62,Python,.py,0,0,True,1,0,0,1,2021-07-27T07:46:50-04:00,2021-07-27T07:46:50-04:00,0
scikit-learn,sklearn/datasets/tests/test_20news.py,test_20news.py,sklearn/datasets/tests,Python,.py,114,5340,True,31,312,169,20,2011-09-02T11:00:02+02:00,2024-04-10T17:06:55+02:00,481
scikit-learn,sklearn/datasets/tests/test_arff_parser.py,test_arff_parser.py,sklearn/datasets/tests,Python,.py,287,9612,True,6,351,25,3,2022-05-12T18:21:15+02:00,2026-09-10T11:50:59+02:00,376
scikit-learn,sklearn/datasets/tests/test_base.py,test_base.py,sklearn/datasets/tests,Python,.py,600,25137,True,76,1323,596,46,2011-09-02T11:00:02+02:00,2026-08-27T16:13:17+02:00,1919
scikit-learn,sklearn/datasets/tests/test_california_housing.py,test_california_housing.py,sklearn/datasets/tests,Python,.py,28,1369,True,12,103,65,10,2018-03-24T23:26:06-04:00,2024-04-10T17:06:55+02:00,168
scikit-learn,sklearn/datasets/tests/test_common.py,test_common.py,sklearn/datasets/tests,Python,.py,108,4392,True,15,174,38,10,2018-03-24T23:26:06-04:00,2025-11-20T04:44:11-06:00,212
scikit-learn,sklearn/datasets/tests/test_covtype.py,test_covtype.py,sklearn/datasets/tests,Python,.py,38,1757,True,17,101,46,12,2013-02-12T18:27:22+01:00,2024-04-10T17:06:55+02:00,147
scikit-learn,sklearn/datasets/tests/test_kddcup99.py,test_kddcup99.py,sklearn/datasets/tests,Python,.py,70,2601,True,18,185,96,13,2015-12-01T18:14:46+03:00,2025-03-18T09:36:12+01:00,281
scikit-learn,sklearn/datasets/tests/test_lfw.py,test_lfw.py,sklearn/datasets/tests,Python,.py,184,7798,True,36,682,453,20,2011-09-02T11:00:02+02:00,2026-05-04T16:11:19+02:00,1135
scikit-learn,sklearn/datasets/tests/test_olivetti_faces.py,test_olivetti_faces.py,sklearn/datasets/tests,Python,.py,19,919,True,8,50,24,8,2019-07-20T08:00:09+05:30,2023-06-21T17:50:07+02:00,74
scikit-learn,sklearn/datasets/tests/test_openml.py,test_openml.py,sklearn/datasets/tests,Python,.py,1478,56880,True,77,3692,2005,32,2018-08-15T03:21:20-04:00,2026-06-12T13:57:00+02:00,5697
scikit-learn,sklearn/datasets/tests/test_rcv1.py,test_rcv1.py,sklearn/datasets/tests,Python,.py,55,2343,True,15,133,62,12,2015-06-30T11:57:02+02:00,2023-06-21T17:50:07+02:00,195
scikit-learn,sklearn/datasets/tests/test_samples_generator.py,test_samples_generator.py,sklearn/datasets/tests,Python,.py,620,23972,True,78,1527,780,44,2011-09-02T11:00:02+02:00,2026-03-11T02:04:06-04:00,2307
scikit-learn,sklearn/datasets/tests/test_svmlight_format.py,test_svmlight_format.py,sklearn/datasets/tests,Python,.py,492,20222,True,78,1204,584,34,2011-09-02T11:00:02+02:00,2024-06-03T14:30:35+02:00,1788
scikit-learn,sklearn/decomposition/__init__.py,__init__.py,sklearn/decomposition,Python,.py,46,1524,False,42,208,159,19,2011-09-02T11:00:02+02:00,2025-07-29T15:42:22+02:00,367
scikit-learn,sklearn/decomposition/_base.py,_base.py,sklearn/decomposition,Python,.py,180,7483,False,27,337,118,19,2019-10-28T10:46:16-04:00,2026-08-18T14:42:10+05:30,455
scikit-learn,sklearn/decomposition/_dict_learning.py,_dict_learning.py,sklearn/decomposition,Python,.py,1919,78693,False,103,4156,1815,48,2019-10-28T10:46:16-04:00,2026-01-06T15:26:20+01:00,5971
scikit-learn,sklearn/decomposition/_factor_analysis.py,_factor_analysis.py,sklearn/decomposition,Python,.py,369,15281,False,37,650,193,21,2019-10-28T10:46:16-04:00,2025-07-29T15:42:22+02:00,843
scikit-learn,sklearn/decomposition/_fastica.py,_fastica.py,sklearn/decomposition,Python,.py,657,26568,False,51,1252,440,29,2019-10-28T10:46:16-04:00,2026-04-07T04:58:45+05:30,1692
scikit-learn,sklearn/decomposition/_incremental_pca.py,_incremental_pca.py,sklearn/decomposition,Python,.py,353,16333,False,41,584,161,29,2019-10-28T10:46:16-04:00,2026-03-11T02:04:06-04:00,745
scikit-learn,sklearn/decomposition/_kernel_pca.py,_kernel_pca.py,sklearn/decomposition,Python,.py,483,22651,False,63,880,301,33,2019-10-28T10:46:16-04:00,2025-10-02T17:19:01+09:00,1181
scikit-learn,sklearn/decomposition/_lda.py,_lda.py,sklearn/decomposition,Python,.py,774,34215,False,45,1286,330,25,2019-12-17T21:09:49-05:00,2025-09-20T21:34:43-07:00,1616
scikit-learn,sklearn/decomposition/_nmf.py,_nmf.py,sklearn/decomposition,Python,.py,1923,81635,False,71,3693,1289,35,2019-10-28T10:46:16-04:00,2026-08-20T19:50:05+05:30,4982
scikit-learn,sklearn/decomposition/_pca.py,_pca.py,sklearn/decomposition,Python,.py,694,33410,False,68,1354,520,41,2019-10-28T10:46:16-04:00,2026-07-22T15:40:40+05:00,1874
scikit-learn,sklearn/decomposition/_sparse_pca.py,_sparse_pca.py,sklearn/decomposition,Python,.py,447,17986,False,51,968,417,22,2019-10-28T10:46:16-04:00,2025-07-29T15:42:22+02:00,1385
scikit-learn,sklearn/decomposition/_truncated_svd.py,_truncated_svd.py,sklearn/decomposition,Python,.py,265,11748,False,48,483,161,28,2019-10-28T10:46:16-04:00,2026-03-11T02:04:06-04:00,644
scikit-learn,sklearn/decomposition/tests/__init__.py,__init__.py,sklearn/decomposition/tests,Python,.py,0,0,True,3,0,0,1,2011-09-02T11:00:02+02:00,2011-09-02T12:03:18+02:00,0
scikit-learn,sklearn/decomposition/tests/test_dict_learning.py,test_dict_learning.py,sklearn/decomposition/tests,Python,.py,869,31546,True,84,1722,706,40,2011-09-05T02:42:37+03:00,2026-03-16T11:46:33+01:00,2428
scikit-learn,sklearn/decomposition/tests/test_factor_analysis.py,test_factor_analysis.py,sklearn/decomposition/tests,Python,.py,89,4032,True,42,282,173,19,2012-09-13T17:22:32+02:00,2024-07-17T11:11:24+02:00,455
scikit-learn,sklearn/decomposition/tests/test_fastica.py,test_fastica.py,sklearn/decomposition/tests,Python,.py,381,15916,True,85,1076,619,39,2011-09-02T11:00:02+02:00,2025-04-15T16:11:27+02:00,1695
scikit-learn,sklearn/decomposition/tests/test_incremental_pca.py,test_incremental_pca.py,sklearn/decomposition/tests,Python,.py,393,16897,True,23,658,171,19,2014-06-17T11:55:52-05:00,2025-05-21T17:33:21+02:00,829
scikit-learn,sklearn/decomposition/tests/test_kernel_pca.py,test_kernel_pca.py,sklearn/decomposition/tests,Python,.py,451,21023,True,65,1047,481,30,2011-09-02T11:00:02+02:00,2026-01-05T01:13:08-08:00,1528
scikit-learn,sklearn/decomposition/tests/test_nmf.py,test_nmf.py,sklearn/decomposition/tests,Python,.py,869,32808,True,76,2299,1274,38,2011-09-02T11:00:02+02:00,2026-05-12T12:09:31+01:00,3573
scikit-learn,sklearn/decomposition/tests/test_online_lda.py,test_online_lda.py,sklearn/decomposition/tests,Python,.py,417,16308,True,47,1251,762,24,2014-09-12T17:42:50-04:00,2025-08-22T19:01:50+02:00,2013
scikit-learn,sklearn/decomposition/tests/test_pca.py,test_pca.py,sklearn/decomposition/tests,Python,.py,945,41613,True,122,3028,1896,59,2011-09-02T11:00:02+02:00,2026-07-22T18:33:08+02:00,4924
scikit-learn,sklearn/decomposition/tests/test_sparse_pca.py,test_sparse_pca.py,sklearn/decomposition/tests,Python,.py,290,12216,True,55,893,521,30,2011-09-02T11:00:02+02:00,2025-10-01T16:37:13+02:00,1414
scikit-learn,sklearn/decomposition/tests/test_truncated_svd.py,test_truncated_svd.py,sklearn/decomposition/tests,Python,.py,176,7544,True,24,496,271,16,2013-01-05T15:06:32+01:00,2026-03-11T02:04:06-04:00,767
scikit-learn,sklearn/discriminant_analysis.py,discriminant_analysis.py,sklearn,Python,.py,1013,45243,False,113,2090,862,69,2015-03-20T08:41:33+05:30,2026-08-18T13:07:24+03:30,2952
scikit-learn,sklearn/dummy.py,dummy.py,sklearn,Python,.py,568,24390,False,157,1802,1103,57,2012-11-19T22:26:47+09:00,2025-10-31T09:46:11+01:00,2905
scikit-learn,sklearn/ensemble/__init__.py,__init__.py,sklearn/ensemble,Python,.py,42,1518,False,43,177,143,14,2011-09-14T22:29:28+02:00,2025-07-29T15:42:22+02:00,320
scikit-learn,sklearn/ensemble/_bagging.py,_bagging.py,sklearn/ensemble,Python,.py,1197,52904,False,70,2268,788,34,2019-10-16T16:39:00+02:00,2026-06-09T19:16:46+02:00,3056
scikit-learn,sklearn/ensemble/_base.py,_base.py,sklearn/ensemble,Python,.py,254,10604,False,46,566,253,24,2019-10-16T16:39:00+02:00,2025-07-29T15:42:22+02:00,819
scikit-learn,sklearn/ensemble/_bootstrap.py,_bootstrap.py,sklearn/ensemble,Python,.py,57,2589,False,1,69,0,1,2026-01-16T15:13:24+01:00,2026-01-16T15:13:24+01:00,69
scikit-learn,sklearn/ensemble/_forest.py,_forest.py,sklearn/ensemble,Python,.py,2555,119902,False,127,4588,1495,63,2019-10-16T16:39:00+02:00,2026-07-10T09:49:36-04:00,6083
scikit-learn,sklearn/ensemble/_gb.py,_gb.py,sklearn/ensemble,Python,.py,1866,86407,False,105,4753,2562,49,2019-10-16T16:39:00+02:00,2026-07-27T15:51:40+03:00,7315
scikit-learn,sklearn/ensemble/_hist_gradient_boosting/__init__.py,__init__.py,sklearn/ensemble/_hist_gradient_boosting,Python,.py,6,246,False,2,8,0,2,2019-04-26T15:14:59-04:00,2024-07-22T22:05:03+02:00,8
scikit-learn,sklearn/ensemble/_hist_gradient_boosting/binning.py,binning.py,sklearn/ensemble/_hist_gradient_boosting,Python,.py,338,16462,False,32,650,262,15,2019-04-26T15:14:59-04:00,2026-06-24T21:28:42+02:00,912
scikit-learn,sklearn/ensemble/_hist_gradient_boosting/gradient_boosting.py,gradient_boosting.py,sklearn/ensemble/_hist_gradient_boosting,Python,.py,1963,92657,False,138,3938,1680,51,2019-04-26T15:14:59-04:00,2026-07-24T05:51:14+02:00,5618
scikit-learn,sklearn/ensemble/_hist_gradient_boosting/grower.py,grower.py,sklearn/ensemble/_hist_gradient_boosting,Python,.py,731,32849,False,39,1282,462,16,2019-04-26T15:14:59-04:00,2026-05-09T16:05:18+02:00,1744
scikit-learn,sklearn/ensemble/_hist_gradient_boosting/predictor.py,predictor.py,sklearn/ensemble/_hist_gradient_boosting,Python,.py,126,5122,False,12,199,50,6,2019-04-26T15:14:59-04:00,2025-07-29T15:42:22+02:00,249
scikit-learn,sklearn/ensemble/_hist_gradient_boosting/tests/__init__.py,__init__.py,sklearn/ensemble/_hist_gradient_boosting/tests,Python,.py,0,0,True,1,0,0,1,2019-05-11T12:12:35+02:00,2019-05-11T12:12:35+02:00,0
scikit-learn,sklearn/ensemble/_hist_gradient_boosting/tests/test_binning.py,test_binning.py,sklearn/ensemble/_hist_gradient_boosting/tests,Python,.py,469,20414,True,14,816,233,6,2019-04-26T15:14:59-04:00,2026-06-24T21:28:42+02:00,1049
scikit-learn,sklearn/ensemble/_hist_gradient_boosting/tests/test_compare_lightgbm.py,test_compare_lightgbm.py,sklearn/ensemble/_hist_gradient_boosting/tests,Python,.py,237,10109,True,17,386,107,10,2019-04-26T15:14:59-04:00,2025-12-02T00:25:24-08:00,493
scikit-learn,sklearn/ensemble/_hist_gradient_boosting/tests/test_gradient_boosting.py,test_gradient_boosting.py,sklearn/ensemble/_hist_gradient_boosting/tests,Python,.py,1489,63623,True,72,2381,617,25,2019-04-26T15:14:59-04:00,2026-06-16T07:18:55+02:00,2998
scikit-learn,sklearn/ensemble/_hist_gradient_boosting/tests/test_grower.py,test_grower.py,sklearn/ensemble/_hist_gradient_boosting/tests,Python,.py,536,23153,True,15,832,182,7,2019-04-26T15:14:59-04:00,2026-05-04T16:11:19+02:00,1014
scikit-learn,sklearn/ensemble/_hist_gradient_boosting/tests/test_histogram.py,test_histogram.py,sklearn/ensemble/_hist_gradient_boosting/tests,Python,.py,210,8681,True,6,318,79,4,2019-04-26T15:14:59-04:00,2023-12-03T18:53:17+01:00,397
scikit-learn,sklearn/ensemble/_hist_gradient_boosting/tests/test_monotonic_constraints.py,test_monotonic_constraints.py,sklearn/ensemble/_hist_gradient_boosting/tests,Python,.py,381,16937,True,3,453,7,2,2024-09-16T23:21:12-04:00,2026-05-09T19:32:05+02:00,460
scikit-learn,sklearn/ensemble/_hist_gradient_boosting/tests/test_predictor.py,test_predictor.py,sklearn/ensemble/_hist_gradient_boosting/tests,Python,.py,152,6319,True,13,298,111,7,2019-04-26T15:14:59-04:00,2026-05-09T16:05:18+02:00,409
scikit-learn,sklearn/ensemble/_hist_gradient_boosting/tests/test_splitting.py,test_splitting.py,sklearn/ensemble/_hist_gradient_boosting/tests,Python,.py,972,38639,True,15,1481,411,5,2019-04-26T15:14:59-04:00,2023-11-14T19:26:01+01:00,1892
scikit-learn,sklearn/ensemble/_hist_gradient_boosting/tests/test_warm_start.py,test_warm_start.py,sklearn/ensemble/_hist_gradient_boosting/tests,Python,.py,196,7933,True,10,338,107,5,2019-06-21T15:18:24+02:00,2026-06-16T07:18:55+02:00,445
scikit-learn,sklearn/ensemble/_hist_gradient_boosting/utils.py,utils.py,sklearn/ensemble/_hist_gradient_boosting,Python,.py,126,5571,False,6,153,4,5,2024-02-20T21:40:34+01:00,2026-05-04T16:11:19+02:00,157
scikit-learn,sklearn/ensemble/_iforest.py,_iforest.py,sklearn/ensemble,Python,.py,552,24517,False,67,1025,345,34,2019-10-16T16:39:00+02:00,2026-05-12T02:15:00+02:00,1370
scikit-learn,sklearn/ensemble/_stacking.py,_stacking.py,sklearn/ensemble,Python,.py,956,43504,False,64,1661,516,35,2019-09-18T22:06:33+02:00,2026-06-09T19:16:46+02:00,2177
scikit-learn,sklearn/ensemble/_voting.py,_voting.py,sklearn/ensemble,Python,.py,597,25222,False,64,1049,311,36,2019-10-16T16:39:00+02:00,2026-06-17T08:41:00+02:00,1360
scikit-learn,sklearn/ensemble/_weight_boosting.py,_weight_boosting.py,sklearn/ensemble,Python,.py,895,39740,False,72,1917,787,46,2019-10-16T16:39:00+02:00,2026-06-28T14:57:50+05:30,2704
scikit-learn,sklearn/ensemble/tests/__init__.py,__init__.py,sklearn/ensemble/tests,Python,.py,0,0,True,1,0,0,1,2011-11-16T16:27:20+01:00,2011-11-16T16:27:20+01:00,0
scikit-learn,sklearn/ensemble/tests/test_bagging.py,test_bagging.py,sklearn/ensemble/tests,Python,.py,963,38900,True,93,2206,1033,54,2013-07-23T12:59:32+02:00,2026-02-16T19:38:05+02:00,3239
scikit-learn,sklearn/ensemble/tests/test_base.py,test_base.py,sklearn/ensemble/tests,Python,.py,87,3667,True,39,329,220,25,2011-11-16T19:35:57+01:00,2024-06-17T19:57:02+02:00,549
scikit-learn,sklearn/ensemble/tests/test_bootstrap.py,test_bootstrap.py,sklearn/ensemble/tests,Python,.py,67,3042,True,1,81,0,1,2026-01-16T15:13:24+01:00,2026-01-16T15:13:24+01:00,81
scikit-learn,sklearn/ensemble/tests/test_common.py,test_common.py,sklearn/ensemble/tests,Python,.py,239,9191,True,10,373,110,10,2019-11-06T20:20:53+01:00,2025-11-07T12:45:28-08:00,483
scikit-learn,sklearn/ensemble/tests/test_forest.py,test_forest.py,sklearn/ensemble/tests,Python,.py,1584,66700,True,229,4568,2632,78,2011-11-04T14:19:58+01:00,2026-08-10T14:51:47+01:00,7200
scikit-learn,sklearn/ensemble/tests/test_gradient_boosting.py,test_gradient_boosting.py,sklearn/ensemble/tests,Python,.py,1372,57958,True,215,4397,2730,69,2011-11-23T09:44:15+01:00,2026-07-22T09:28:20+02:00,7127
scikit-learn,sklearn/ensemble/tests/test_iforest.py,test_iforest.py,sklearn/ensemble/tests,Python,.py,309,13637,True,55,781,386,32,2015-01-26T16:05:27+01:00,2026-05-04T16:11:19+02:00,1167
scikit-learn,sklearn/ensemble/tests/test_stacking.py,test_stacking.py,sklearn/ensemble/tests,Python,.py,886,33397,True,35,1428,409,24,2019-09-18T22:06:33+02:00,2026-06-17T08:41:00+02:00,1837
scikit-learn,sklearn/ensemble/tests/test_voting.py,test_voting.py,sklearn/ensemble/tests,Python,.py,670,27269,True,56,1456,660,23,2019-04-10T14:27:17+03:00,2026-06-17T08:41:00+02:00,2116
scikit-learn,sklearn/ensemble/tests/test_weight_boosting.py,test_weight_boosting.py,sklearn/ensemble/tests,Python,.py,474,20710,True,114,1716,1114,52,2011-12-29T23:17:30-04:00,2026-03-11T02:04:06-04:00,2830
scikit-learn,sklearn/exceptions.py,exceptions.py,sklearn,Python,.py,187,7703,False,36,392,143,22,2015-06-05T01:15:10+05:30,2025-03-27T02:38:47-07:00,535
scikit-learn,sklearn/experimental/__init__.py,__init__.py,sklearn/experimental,Python,.py,7,305,False,3,15,5,2,2019-04-26T15:14:59-04:00,2024-07-22T22:05:03+02:00,20
scikit-learn,sklearn/experimental/enable_halving_search_cv.py,enable_halving_search_cv.py,sklearn/experimental,Python,.py,26,1303,False,6,47,12,4,2020-10-08T16:49:20-04:00,2026-08-10T14:51:47+01:00,59
scikit-learn,sklearn/experimental/enable_hist_gradient_boosting.py,enable_hist_gradient_boosting.py,sklearn/experimental,Python,.py,19,828,False,9,65,41,6,2019-04-26T15:14:59-04:00,2026-06-11T13:35:50+02:00,106
scikit-learn,sklearn/experimental/enable_iterative_imputer.py,enable_iterative_imputer.py,sklearn/experimental,Python,.py,17,756,False,9,47,24,8,2019-05-09T09:28:44+10:00,2026-06-11T16:21:38+02:00,71
scikit-learn,sklearn/experimental/tests/__init__.py,__init__.py,sklearn/experimental/tests,Python,.py,0,0,True,1,0,0,1,2019-04-26T15:14:59-04:00,2019-04-26T15:14:59-04:00,0
scikit-learn,sklearn/experimental/tests/test_enable_hist_gradient_boosting.py,test_enable_hist_gradient_boosting.py,sklearn/experimental/tests,Python,.py,18,752,True,7,65,42,4,2019-04-26T15:14:59-04:00,2026-06-11T13:35:50+02:00,107
scikit-learn,sklearn/experimental/tests/test_enable_iterative_imputer.py,test_enable_iterative_imputer.py,sklearn/experimental/tests,Python,.py,14,662,True,7,69,50,6,2019-05-09T09:28:44+10:00,2026-06-11T16:21:38+02:00,119
scikit-learn,sklearn/experimental/tests/test_enable_successive_halving.py,test_enable_successive_halving.py,sklearn/experimental/tests,Python,.py,43,1896,True,7,70,17,4,2020-09-09T11:12:35-04:00,2024-04-08T11:07:26+02:00,87
scikit-learn,sklearn/externals/__init__.py,__init__.py,sklearn/externals,Python,.py,3,42,False,4,12,7,2,2011-09-02T11:00:02+02:00,2011-11-20T21:16:52+01:00,19
scikit-learn,sklearn/externals/_arff.py,_arff.py,sklearn/externals,Python,.py,890,38369,False,14,1403,296,13,2018-08-15T03:21:20-04:00,2026-08-10T14:51:47+01:00,1699
scikit-learn,sklearn/externals/_array_api_compat_vendor.py,_array_api_compat_vendor.py,sklearn/externals,Python,.py,4,198,False,1,5,0,1,2025-03-25T08:24:25Z,2025-03-25T08:24:25Z,5
scikit-learn,sklearn/externals/_numpydoc/docscrape.py,docscrape.py,sklearn/externals/_numpydoc,Python,.py,634,23691,False,1,759,0,1,2025-09-02T22:21:38+02:00,2025-09-02T22:21:38+02:00,759
scikit-learn,sklearn/externals/_packaging/__init__.py,__init__.py,sklearn/externals/_packaging,Python,.py,0,0,False,1,0,0,1,2021-04-19T11:06:38-04:00,2021-04-19T11:06:38-04:00,0
scikit-learn,sklearn/externals/_packaging/_structures.py,_structures.py,sklearn/externals/_packaging,Python,.py,62,2922,False,1,90,0,1,2021-04-19T11:06:38-04:00,2021-04-19T11:06:38-04:00,90
scikit-learn,sklearn/externals/_packaging/version.py,version.py,sklearn/externals/_packaging,Python,.py,417,16133,False,3,540,5,3,2021-04-19T11:06:38-04:00,2025-11-07T12:45:28-08:00,545
scikit-learn,sklearn/externals/_scipy/__init__.py,__init__.py,sklearn/externals/_scipy,Python,.py,0,0,False,1,0,0,1,2023-11-05T01:26:44+08:00,2023-11-05T01:26:44+08:00,0
scikit-learn,sklearn/externals/_scipy/sparse/__init__.py,__init__.py,sklearn/externals/_scipy/sparse,Python,.py,0,0,False,1,0,0,1,2023-11-05T01:26:44+08:00,2023-11-05T01:26:44+08:00,0
scikit-learn,sklearn/externals/_scipy/sparse/csgraph/__init__.py,__init__.py,sklearn/externals/_scipy/sparse/csgraph,Python,.py,1,34,False,1,1,0,1,2023-11-05T01:26:44+08:00,2023-11-05T01:26:44+08:00,1
scikit-learn,sklearn/externals/_scipy/sparse/csgraph/_laplacian.py,_laplacian.py,sklearn/externals/_scipy/sparse/csgraph,Python,.py,455,18194,False,4,562,5,4,2023-11-05T01:26:44+08:00,2026-03-11T02:04:06-04:00,567
scikit-learn,sklearn/externals/array_api_compat/__init__.py,__init__.py,sklearn/externals/array_api_compat,Python,.py,17,986,False,5,27,5,2,2025-03-25T08:24:25Z,2026-06-11T15:53:57+01:00,32
scikit-learn,sklearn/externals/array_api_compat/_internal.py,_internal.py,sklearn/externals/array_api_compat,Python,.py,55,2072,False,3,86,9,2,2025-03-25T08:24:25Z,2026-01-05T09:30:56Z,95
scikit-learn,sklearn/externals/array_api_compat/common/__init__.py,__init__.py,sklearn/externals/array_api_compat/common,Python,.py,1,38,False,2,2,1,2,2025-03-25T08:24:25Z,2025-05-20T11:50:43+02:00,3
scikit-learn,sklearn/externals/array_api_compat/common/_aliases.py,_aliases.py,sklearn/externals/array_api_compat/common,Python,.py,580,18988,False,4,932,230,2,2025-03-25T08:24:25Z,2026-01-05T09:30:56Z,1162
scikit-learn,sklearn/externals/array_api_compat/common/_fft.py,_fft.py,sklearn/externals/array_api_compat/common,Python,.py,193,4669,False,2,281,68,2,2025-03-25T08:24:25Z,2025-05-20T11:50:43+02:00,349
scikit-learn,sklearn/externals/array_api_compat/common/_helpers.py,_helpers.py,sklearn/externals/array_api_compat/common,Python,.py,890,33336,False,5,1403,306,3,2025-03-25T08:24:25Z,2026-06-11T15:53:57+01:00,1709
scikit-learn,sklearn/externals/array_api_compat/common/_linalg.py,_linalg.py,sklearn/externals/array_api_compat/common,Python,.py,201,6882,False,4,279,45,2,2025-03-25T08:24:25Z,2026-06-11T15:53:57+01:00,324
scikit-learn,sklearn/externals/array_api_compat/common/_typing.py,_typing.py,sklearn/externals/array_api_compat/common,Python,.py,145,4498,False,3,211,22,2,2025-03-25T08:24:25Z,2026-01-05T09:30:56Z,233
scikit-learn,sklearn/externals/array_api_compat/cupy/__init__.py,__init__.py,sklearn/externals/array_api_compat/cupy,Python,.py,18,744,False,4,31,7,2,2025-03-25T08:24:25Z,2026-06-11T15:53:57+01:00,38
scikit-learn,sklearn/externals/array_api_compat/cupy/_aliases.py,_aliases.py,sklearn/externals/array_api_compat/cupy,Python,.py,172,6400,False,4,275,67,2,2025-03-25T08:24:25Z,2026-06-11T15:53:57+01:00,342
scikit-learn,sklearn/externals/array_api_compat/cupy/_info.py,_info.py,sklearn/externals/array_api_compat/cupy,Python,.py,290,10130,False,3,342,6,2,2025-03-25T08:24:25Z,2026-06-11T15:53:57+01:00,348
scikit-learn,sklearn/externals/array_api_compat/cupy/_typing.py,_typing.py,sklearn/externals/array_api_compat/cupy,Python,.py,26,607,False,3,70,40,2,2025-03-25T08:24:25Z,2026-01-05T09:30:56Z,110
scikit-learn,sklearn/externals/array_api_compat/cupy/fft.py,fft.py,sklearn/externals/array_api_compat/cupy,Python,.py,29,872,False,2,44,8,1,2025-03-25T08:24:25Z,2026-01-05T09:30:56Z,52
scikit-learn,sklearn/externals/array_api_compat/cupy/linalg.py,linalg.py,sklearn/externals/array_api_compat/cupy,Python,.py,50,1845,False,3,69,7,1,2025-03-25T08:24:25Z,2026-06-11T15:53:57+01:00,76
scikit-learn,sklearn/externals/array_api_compat/dask/__init__.py,__init__.py,sklearn/externals/array_api_compat/dask,Python,.py,0,0,False,1,0,0,1,2025-03-25T08:24:25Z,2025-03-25T08:24:25Z,0
scikit-learn,sklearn/externals/array_api_compat/dask/array/__init__.py,__init__.py,sklearn/externals/array_api_compat/dask/array,Python,.py,19,685,False,4,34,8,2,2025-03-25T08:24:25Z,2026-06-11T15:53:57+01:00,42
scikit-learn,sklearn/externals/array_api_compat/dask/array/_aliases.py,_aliases.py,sklearn/externals/array_api_compat/dask/array,Python,.py,309,10432,False,3,473,104,2,2025-03-25T08:24:25Z,2026-01-05T09:30:56Z,577
scikit-learn,sklearn/externals/array_api_compat/dask/array/_info.py,_info.py,sklearn/externals/array_api_compat/dask/array,Python,.py,351,12242,False,4,470,63,2,2025-03-25T08:24:25Z,2026-06-11T15:53:57+01:00,533
scikit-learn,sklearn/externals/array_api_compat/dask/array/fft.py,fft.py,sklearn/externals/array_api_compat/dask/array,Python,.py,10,333,False,3,36,20,2,2025-03-25T08:24:25Z,2026-01-05T09:30:56Z,56
scikit-learn,sklearn/externals/array_api_compat/dask/array/linalg.py,linalg.py,sklearn/externals/array_api_compat/dask/array,Python,.py,51,2140,False,4,111,47,2,2025-03-25T08:24:25Z,2026-06-11T15:53:57+01:00,158
scikit-learn,sklearn/externals/array_api_compat/numpy/__init__.py,__init__.py,sklearn/externals/array_api_compat/numpy,Python,.py,27,1050,False,4,63,26,2,2025-03-25T08:24:25Z,2026-06-11T15:53:57+01:00,89
scikit-learn,sklearn/externals/array_api_compat/numpy/_aliases.py,_aliases.py,sklearn/externals/array_api_compat/numpy,Python,.py,160,5666,False,3,279,88,2,2025-03-25T08:24:25Z,2026-01-05T09:30:56Z,367
scikit-learn,sklearn/externals/array_api_compat/numpy/_info.py,_info.py,sklearn/externals/array_api_compat/numpy,Python,.py,313,10795,False,4,385,18,2,2025-03-25T08:24:25Z,2026-06-11T15:53:57+01:00,403
scikit-learn,sklearn/externals/array_api_compat/numpy/_typing.py,_typing.py,sklearn/externals/array_api_compat/numpy,Python,.py,21,605,False,3,73,44,2,2025-03-25T08:24:25Z,2026-01-05T09:30:56Z,117
scikit-learn,sklearn/externals/array_api_compat/numpy/fft.py,fft.py,sklearn/externals/array_api_compat/numpy,Python,.py,22,714,False,3,45,15,2,2025-03-25T08:24:25Z,2026-01-05T09:30:56Z,60
scikit-learn,sklearn/externals/array_api_compat/numpy/linalg.py,linalg.py,sklearn/externals/array_api_compat/numpy,Python,.py,178,6517,False,4,254,46,2,2025-03-25T08:24:25Z,2026-06-11T15:53:57+01:00,300
scikit-learn,sklearn/externals/array_api_compat/torch/__init__.py,__init__.py,sklearn/externals/array_api_compat/torch,Python,.py,18,641,False,4,45,20,2,2025-03-25T08:24:25Z,2026-06-11T15:53:57+01:00,65
scikit-learn,sklearn/externals/array_api_compat/torch/_aliases.py,_aliases.py,sklearn/externals/array_api_compat/torch,Python,.py,817,33803,False,5,1243,283,2,2025-03-25T08:24:25Z,2026-06-11T15:53:57+01:00,1526
scikit-learn,sklearn/externals/array_api_compat/torch/_info.py,_info.py,sklearn/externals/array_api_compat/torch,Python,.py,319,11896,False,3,385,16,2,2025-03-25T08:24:25Z,2026-06-11T15:53:57+01:00,401
scikit-learn,sklearn/externals/array_api_compat/torch/_typing.py,_typing.py,sklearn/externals/array_api_compat/torch,Python,.py,2,108,False,1,3,0,1,2025-05-20T11:50:43+02:00,2025-05-20T11:50:43+02:00,3
scikit-learn,sklearn/externals/array_api_compat/torch/fft.py,fft.py,sklearn/externals/array_api_compat/torch,Python,.py,68,1903,False,4,130,48,2,2025-03-25T08:24:25Z,2026-06-11T15:53:57+01:00,178
scikit-learn,sklearn/externals/array_api_compat/torch/linalg.py,linalg.py,sklearn/externals/array_api_compat/torch,Python,.py,95,4560,False,3,148,34,2,2025-03-25T08:24:25Z,2026-01-05T09:30:56Z,182
scikit-learn,sklearn/externals/array_api_extra/__init__.py,__init__.py,sklearn/externals/array_api_extra,Python,.py,53,1356,False,7,108,52,2,2025-03-25T08:24:25Z,2026-08-31T14:27:22+05:00,160
scikit-learn,sklearn/externals/array_api_extra/_agnostic/__init__.py,__init__.py,sklearn/externals/array_api_extra/_agnostic,Python,.py,25,411,False,1,27,0,1,2026-08-31T14:27:22+05:00,2026-08-31T14:27:22+05:00,27
scikit-learn,sklearn/externals/array_api_extra/_agnostic/_creation.py,_creation.py,sklearn/externals/array_api_extra/_agnostic,Python,.py,36,1491,False,1,43,0,1,2026-08-31T14:27:22+05:00,2026-08-31T14:27:22+05:00,43
scikit-learn,sklearn/externals/array_api_extra/_agnostic/_elementwise.py,_elementwise.py,sklearn/externals/array_api_extra/_agnostic,Python,.py,298,11284,False,1,351,0,1,2026-08-31T14:27:22+05:00,2026-08-31T14:27:22+05:00,351
scikit-learn,sklearn/externals/array_api_extra/_agnostic/_indexing.py,_indexing.py,sklearn/externals/array_api_extra/_agnostic,Python,.py,56,1993,False,1,68,0,1,2026-08-31T14:27:22+05:00,2026-08-31T14:27:22+05:00,68
scikit-learn,sklearn/externals/array_api_extra/_agnostic/_inspection.py,_inspection.py,sklearn/externals/array_api_extra/_agnostic,Python,.py,37,1479,False,1,45,0,1,2026-08-31T14:27:22+05:00,2026-08-31T14:27:22+05:00,45
scikit-learn,sklearn/externals/array_api_extra/_agnostic/_linalg.py,_linalg.py,sklearn/externals/array_api_extra/_agnostic,Python,.py,35,1450,False,1,47,0,1,2026-08-31T14:27:22+05:00,2026-08-31T14:27:22+05:00,47
scikit-learn,sklearn/externals/array_api_extra/_agnostic/_manipulation.py,_manipulation.py,sklearn/externals/array_api_extra/_agnostic,Python,.py,79,3064,False,1,99,0,1,2026-08-31T14:27:22+05:00,2026-08-31T14:27:22+05:00,99
scikit-learn,sklearn/externals/array_api_extra/_agnostic/_searching.py,_searching.py,sklearn/externals/array_api_extra/_agnostic,Python,.py,34,1348,False,1,44,0,1,2026-08-31T14:27:22+05:00,2026-08-31T14:27:22+05:00,44
scikit-learn,sklearn/externals/array_api_extra/_agnostic/_set.py,_set.py,sklearn/externals/array_api_extra/_agnostic,Python,.py,73,2794,False,1,87,0,1,2026-08-31T14:27:22+05:00,2026-08-31T14:27:22+05:00,87
scikit-learn,sklearn/externals/array_api_extra/_agnostic/_sorting.py,_sorting.py,sklearn/externals/array_api_extra/_agnostic,Python,.py,23,681,False,1,29,0,1,2026-08-31T14:27:22+05:00,2026-08-31T14:27:22+05:00,29
scikit-learn,sklearn/externals/array_api_extra/_agnostic/_statistical.py,_statistical.py,sklearn/externals/array_api_extra/_agnostic,Python,.py,161,5549,False,1,180,0,1,2026-08-31T14:27:22+05:00,2026-08-31T14:27:22+05:00,180
scikit-learn,sklearn/externals/array_api_extra/_at.py,_at.py,sklearn/externals/array_api_extra,Python,.py,380,15555,False,1,468,0,1,2026-08-31T14:27:22+05:00,2026-08-31T14:27:22+05:00,468
scikit-learn,sklearn/externals/array_api_extra/_creation.py,_creation.py,sklearn/externals/array_api_extra,Python,.py,124,4581,False,1,146,0,1,2026-08-31T14:27:22+05:00,2026-08-31T14:27:22+05:00,146
scikit-learn,sklearn/externals/array_api_extra/_elementwise.py,_elementwise.py,sklearn/externals/array_api_extra,Python,.py,307,12833,False,1,368,0,1,2026-08-31T14:27:22+05:00,2026-08-31T14:27:22+05:00,368
scikit-learn,sklearn/externals/array_api_extra/_indexing.py,_indexing.py,sklearn/externals/array_api_extra,Python,.py,227,8271,False,1,258,0,1,2026-08-31T14:27:22+05:00,2026-08-31T14:27:22+05:00,258
scikit-learn,sklearn/externals/array_api_extra/_lazy.py,_lazy.py,sklearn/externals/array_api_extra,Python,.py,278,13392,False,1,334,0,1,2026-08-31T14:27:22+05:00,2026-08-31T14:27:22+05:00,334
scikit-learn,sklearn/externals/array_api_extra/_lib/__init__.py,__init__.py,sklearn/externals/array_api_extra/_lib,Python,.py,1,36,False,2,5,4,1,2025-03-25T08:24:25Z,2025-08-25T09:07:29+02:00,9
scikit-learn,sklearn/externals/array_api_extra/_lib/_backends.py,_backends.py,sklearn/externals/array_api_extra/_lib,Python,.py,58,2170,False,4,116,43,1,2025-03-25T08:24:25Z,2026-06-11T15:53:57+01:00,159
scikit-learn,sklearn/externals/array_api_extra/_lib/_compat.py,_compat.py,sklearn/externals/array_api_extra/_lib,Python,.py,72,1803,False,1,74,0,1,2026-08-31T14:27:22+05:00,2026-08-31T14:27:22+05:00,74
scikit-learn,sklearn/externals/array_api_extra/_lib/_helpers.py,_helpers.py,sklearn/externals/array_api_extra/_lib,Python,.py,508,20043,False,1,618,0,1,2026-08-31T14:27:22+05:00,2026-08-31T14:27:22+05:00,618
scikit-learn,sklearn/externals/array_api_extra/_lib/_testing.py,_testing.py,sklearn/externals/array_api_extra/_lib,Python,.py,27,1023,False,6,412,379,2,2025-03-25T08:24:25Z,2026-08-31T14:27:22+05:00,791
scikit-learn,sklearn/externals/array_api_extra/_lib/_typing.py,_typing.py,sklearn/externals/array_api_extra/_lib,Python,.py,33,717,False,1,39,0,1,2026-08-31T14:27:22+05:00,2026-08-31T14:27:22+05:00,39
scikit-learn,sklearn/externals/array_api_extra/_linalg.py,_linalg.py,sklearn/externals/array_api_extra,Python,.py,81,3045,False,1,102,0,1,2026-08-31T14:27:22+05:00,2026-08-31T14:27:22+05:00,102
scikit-learn,sklearn/externals/array_api_extra/_manipulation.py,_manipulation.py,sklearn/externals/array_api_extra,Python,.py,238,8975,False,1,284,0,1,2026-08-31T14:27:22+05:00,2026-08-31T14:27:22+05:00,284
scikit-learn,sklearn/externals/array_api_extra/_searching.py,_searching.py,sklearn/externals/array_api_extra,Python,.py,72,3163,False,1,88,0,1,2026-08-31T14:27:22+05:00,2026-08-31T14:27:22+05:00,88
scikit-learn,sklearn/externals/array_api_extra/_set.py,_set.py,sklearn/externals/array_api_extra,Python,.py,175,6288,False,1,212,0,1,2026-08-31T14:27:22+05:00,2026-08-31T14:27:22+05:00,212
scikit-learn,sklearn/externals/array_api_extra/_sorting.py,_sorting.py,sklearn/externals/array_api_extra,Python,.py,172,6638,False,1,206,0,1,2026-08-31T14:27:22+05:00,2026-08-31T14:27:22+05:00,206
scikit-learn,sklearn/externals/array_api_extra/_statistical.py,_statistical.py,sklearn/externals/array_api_extra,Python,.py,362,14681,False,1,425,0,1,2026-08-31T14:27:22+05:00,2026-08-31T14:27:22+05:00,425
scikit-learn,sklearn/externals/array_api_extra/testing/__init__.py,__init__.py,sklearn/externals/array_api_extra/testing,Python,.py,17,340,False,1,19,0,1,2026-08-31T14:27:22+05:00,2026-08-31T14:27:22+05:00,19
scikit-learn,sklearn/externals/array_api_extra/testing/_testing.py,_testing.py,sklearn/externals/array_api_extra/testing,Python,.py,867,37405,False,1,1020,0,1,2026-08-31T14:27:22+05:00,2026-08-31T14:27:22+05:00,1020
scikit-learn,sklearn/externals/conftest.py,conftest.py,sklearn/externals,Python,.py,6,312,False,3,8,2,3,2018-01-18T08:27:31+01:00,2024-03-04T14:53:47+01:00,10
scikit-learn,sklearn/feature_extraction/__init__.py,__init__.py,sklearn/feature_extraction,Python,.py,15,499,False,21,48,30,11,2011-09-02T11:00:02+02:00,2025-07-29T15:42:22+02:00,78
scikit-learn,sklearn/feature_extraction/_dict_vectorizer.py,_dict_vectorizer.py,sklearn/feature_extraction,Python,.py,377,16065,False,32,615,158,20,2019-10-25T16:41:13-04:00,2026-03-11T02:04:06-04:00,773
scikit-learn,sklearn/feature_extraction/_hash.py,_hash.py,sklearn/feature_extraction,Python,.py,172,7909,False,31,311,103,18,2019-12-17T21:09:49-05:00,2026-03-11T02:04:06-04:00,414
scikit-learn,sklearn/feature_extraction/_stop_words.py,_stop_words.py,sklearn/feature_extraction,Python,.py,327,5725,False,3,370,42,3,2019-10-25T16:41:13-04:00,2024-07-22T22:05:03+02:00,412
scikit-learn,sklearn/feature_extraction/image.py,image.py,sklearn/feature_extraction,Python,.py,585,23680,False,95,1550,857,56,2011-09-02T11:00:02+02:00,2026-04-09T17:52:48+02:00,2407
scikit-learn,sklearn/feature_extraction/tests/__init__.py,__init__.py,sklearn/feature_extraction/tests,Python,.py,0,0,True,3,0,0,1,2011-09-02T11:00:02+02:00,2011-09-02T12:03:18+02:00,0
scikit-learn,sklearn/feature_extraction/tests/test_dict_vectorizer.py,test_dict_vectorizer.py,sklearn/feature_extraction/tests,Python,.py,201,8256,True,33,429,168,18,2012-03-16T22:14:53+01:00,2024-06-17T19:57:02+02:00,597
scikit-learn,sklearn/feature_extraction/tests/test_feature_hasher.py,test_feature_hasher.py,sklearn/feature_extraction/tests,Python,.py,132,5734,True,44,413,237,26,2012-06-15T19:08:49+02:00,2026-03-11T02:04:06-04:00,650
scikit-learn,sklearn/feature_extraction/tests/test_image.py,test_image.py,sklearn/feature_extraction/tests,Python,.py,301,13183,True,60,949,567,31,2011-09-02T11:00:02+02:00,2026-04-09T17:52:48+02:00,1516
scikit-learn,sklearn/feature_extraction/tests/test_text.py,test_text.py,sklearn/feature_extraction/tests,Python,.py,1357,53369,True,198,3582,1923,71,2011-09-02T11:00:02+02:00,2026-08-04T16:23:44+02:00,5505
scikit-learn,sklearn/feature_extraction/text.py,text.py,sklearn/feature_extraction,Python,.py,1787,77448,False,354,5745,3602,134,2011-09-02T11:00:02+02:00,2026-03-11T02:04:06-04:00,9347
scikit-learn,sklearn/feature_selection/__init__.py,__init__.py,sklearn/feature_selection,Python,.py,49,1316,False,38,278,225,17,2011-09-02T11:00:02+02:00,2025-07-29T15:42:22+02:00,503
scikit-learn,sklearn/feature_selection/_base.py,_base.py,sklearn/feature_selection,Python,.py,237,9799,False,37,369,94,21,2019-10-28T23:00:32-04:00,2026-05-22T14:16:54+02:00,463
scikit-learn,sklearn/feature_selection/_from_model.py,_from_model.py,sklearn/feature_selection,Python,.py,435,19084,False,53,825,306,32,2019-10-28T23:00:32-04:00,2025-11-26T05:01:39+01:00,1131
scikit-learn,sklearn/feature_selection/_mutual_info.py,_mutual_info.py,sklearn/feature_selection,Python,.py,485,20016,False,23,725,145,19,2019-10-28T23:00:32-04:00,2025-07-29T15:42:22+02:00,870
scikit-learn,sklearn/feature_selection/_rfe.py,_rfe.py,sklearn/feature_selection,Python,.py,837,37175,False,76,1513,495,41,2019-10-28T23:00:32-04:00,2026-06-09T19:16:46+02:00,2008
scikit-learn,sklearn/feature_selection/_sequential.py,_sequential.py,sklearn/feature_selection,Python,.py,307,13974,False,40,565,196,20,2020-08-21T13:57:05-04:00,2026-08-20T19:50:05+05:30,761
scikit-learn,sklearn/feature_selection/_univariate_selection.py,_univariate_selection.py,sklearn/feature_selection,Python,.py,934,40796,False,63,1628,457,33,2019-10-28T23:00:32-04:00,2025-07-29T15:42:22+02:00,2085
scikit-learn,sklearn/feature_selection/_variance_threshold.py,_variance_threshold.py,sklearn/feature_selection,Python,.py,111,4688,False,23,187,46,15,2019-10-28T23:00:32-04:00,2025-07-29T15:42:22+02:00,233
scikit-learn,sklearn/feature_selection/tests/__init__.py,__init__.py,sklearn/feature_selection/tests,Python,.py,0,0,True,3,0,0,1,2011-09-02T11:00:02+02:00,2011-09-02T12:03:18+02:00,0
scikit-learn,sklearn/feature_selection/tests/test_base.py,test_base.py,sklearn/feature_selection/tests,Python,.py,117,4832,True,15,214,60,12,2013-05-06T20:36:16+10:00,2024-09-05T21:33:43+02:00,274
scikit-learn,sklearn/feature_selection/tests/test_chi2.py,test_chi2.py,sklearn/feature_selection/tests,Python,.py,72,3139,True,20,198,105,14,2011-09-02T11:00:02+02:00,2023-09-11T15:03:32+05:30,303
scikit-learn,sklearn/feature_selection/tests/test_feature_select.py,test_feature_select.py,sklearn/feature_selection/tests,Python,.py,877,32507,True,82,2193,1175,39,2011-09-02T11:00:02+02:00,2024-04-10T17:06:55+02:00,3368
scikit-learn,sklearn/feature_selection/tests/test_from_model.py,test_from_model.py,sklearn/feature_selection/tests,Python,.py,564,23585,True,61,1168,476,36,2013-05-06T20:36:16+10:00,2026-06-17T08:41:00+02:00,1644
scikit-learn,sklearn/feature_selection/tests/test_mutual_info.py,test_mutual_info.py,sklearn/feature_selection/tests,Python,.py,213,9852,True,28,579,309,18,2013-10-23T13:02:08-04:00,2025-11-07T12:45:28-08:00,888
scikit-learn,sklearn/feature_selection/tests/test_rfe.py,test_rfe.py,sklearn/feature_selection/tests,Python,.py,619,25995,True,95,1222,455,61,2011-09-02T11:00:02+02:00,2026-04-18T15:24:56+02:00,1677
scikit-learn,sklearn/feature_selection/tests/test_sequential.py,test_sequential.py,sklearn/feature_selection/tests,Python,.py,263,10906,True,16,437,105,14,2020-08-21T13:57:05-04:00,2024-08-11T07:20:18+08:00,542
scikit-learn,sklearn/feature_selection/tests/test_variance_threshold.py,test_variance_threshold.py,sklearn/feature_selection/tests,Python,.py,58,2640,True,18,131,59,15,2013-08-19T16:52:42+02:00,2023-09-13T21:11:55+08:00,190
scikit-learn,sklearn/frozen/__init__.py,__init__.py,sklearn/frozen,Python,.py,4,162,False,2,7,1,2,2024-10-28T12:56:23+03:00,2025-07-29T15:42:22+02:00,8
scikit-learn,sklearn/frozen/_frozen.py,_frozen.py,sklearn/frozen,Python,.py,131,4987,False,5,178,12,5,2024-10-28T12:56:23+03:00,2026-06-17T08:41:00+02:00,190
scikit-learn,sklearn/frozen/tests/__init__.py,__init__.py,sklearn/frozen/tests,Python,.py,0,0,True,1,0,0,1,2024-10-28T12:56:23+03:00,2024-10-28T12:56:23+03:00,0
scikit-learn,sklearn/frozen/tests/test_frozen.py,test_frozen.py,sklearn/frozen/tests,Python,.py,173,6811,True,5,258,44,4,2024-10-28T12:56:23+03:00,2026-07-10T18:18:03+02:00,302
scikit-learn,sklearn/gaussian_process/__init__.py,__init__.py,sklearn/gaussian_process,Python,.py,7,401,False,28,116,106,15,2011-09-02T11:00:02+02:00,2025-07-29T15:42:22+02:00,222
scikit-learn,sklearn/gaussian_process/_gpc.py,_gpc.py,sklearn/gaussian_process,Python,.py,813,39387,False,37,1241,268,25,2019-10-27T23:20:36-04:00,2025-07-29T15:42:22+02:00,1509
scikit-learn,sklearn/gaussian_process/_gpr.py,_gpr.py,sklearn/gaussian_process,Python,.py,575,28281,False,54,1025,346,37,2019-10-27T23:20:36-04:00,2026-05-04T16:11:19+02:00,1371
scikit-learn,sklearn/gaussian_process/kernels.py,kernels.py,sklearn/gaussian_process,Python,.py,1991,85311,False,113,4409,1996,40,2015-02-17T07:19:21+01:00,2026-04-03T18:54:35+02:00,6405
scikit-learn,sklearn/gaussian_process/tests/__init__.py,__init__.py,sklearn/gaussian_process/tests,Python,.py,0,0,True,3,0,0,1,2011-09-02T11:00:02+02:00,2011-09-02T12:03:18+02:00,0
scikit-learn,sklearn/gaussian_process/tests/_mini_sequence_kernel.py,_mini_sequence_kernel.py,sklearn/gaussian_process/tests,Python,.py,43,1571,True,3,73,19,3,2019-11-15T16:07:36-08:00,2023-06-21T17:50:07+02:00,92
scikit-learn,sklearn/gaussian_process/tests/test_gpc.py,test_gpc.py,sklearn/gaussian_process/tests,Python,.py,275,11928,True,51,694,355,22,2015-02-17T07:20:46+01:00,2026-06-25T04:44:22+02:00,1049
scikit-learn,sklearn/gaussian_process/tests/test_gpr.py,test_gpr.py,sklearn/gaussian_process/tests,Python,.py,696,30834,True,74,1519,641,35,2015-02-17T07:20:46+01:00,2026-05-04T16:11:19+02:00,2160
scikit-learn,sklearn/gaussian_process/tests/test_kernels.py,test_kernels.py,sklearn/gaussian_process/tests,Python,.py,342,14492,True,60,951,548,23,2015-02-18T14:31:03+01:00,2024-10-21T10:17:06+02:00,1499
scikit-learn,sklearn/impute/__init__.py,__init__.py,sklearn/impute,Python,.py,7,376,False,12,41,31,8,2019-05-09T09:28:44+10:00,2026-06-11T16:21:38+02:00,72
scikit-learn,sklearn/impute/_base.py,_base.py,sklearn/impute,Python,.py,954,42890,False,86,1767,618,46,2019-05-09T09:28:44+10:00,2026-05-04T16:11:19+02:00,2385
scikit-learn,sklearn/impute/_iterative.py,_iterative.py,sklearn/impute,Python,.py,831,38455,False,64,1546,551,37,2019-05-09T09:28:44+10:00,2026-06-11T16:21:38+02:00,2097
scikit-learn,sklearn/impute/_knn.py,_knn.py,sklearn/impute,Python,.py,334,14967,False,49,708,297,25,2019-09-03T19:08:59-04:00,2025-07-29T15:42:22+02:00,1005
scikit-learn,sklearn/impute/tests/__init__.py,__init__.py,sklearn/impute/tests,Python,.py,0,0,True,1,0,0,1,2019-05-09T09:28:44+10:00,2019-05-09T09:28:44+10:00,0
scikit-learn,sklearn/impute/tests/test_base.py,test_base.py,sklearn/impute/tests,Python,.py,79,3361,True,7,119,12,5,2019-10-28T14:44:25+01:00,2026-05-09T17:18:14+02:00,131
scikit-learn,sklearn/impute/tests/test_common.py,test_common.py,sklearn/impute/tests,Python,.py,179,7217,True,15,289,72,11,2019-10-28T12:28:56-04:00,2026-06-11T16:21:38+02:00,361
scikit-learn,sklearn/impute/tests/test_impute.py,test_impute.py,sklearn/impute/tests,Python,.py,1580,65814,True,57,2792,860,39,2019-05-09T09:28:44+10:00,2026-06-11T16:21:38+02:00,3652
scikit-learn,sklearn/impute/tests/test_knn.py,test_knn.py,sklearn/impute/tests,Python,.py,463,17540,True,14,987,417,9,2019-09-03T19:08:59-04:00,2024-09-04T17:25:04+02:00,1404
scikit-learn,sklearn/inspection/__init__.py,__init__.py,sklearn/inspection,Python,.py,13,557,False,16,59,43,9,2019-04-24T08:52:15-04:00,2025-07-29T15:42:22+02:00,102
scikit-learn,sklearn/inspection/_partial_dependence.py,_partial_dependence.py,sklearn/inspection,Python,.py,656,33267,False,60,1933,1160,25,2019-10-23T08:50:58-04:00,2026-04-17T07:17:22-04:00,3093
scikit-learn,sklearn/inspection/_pd_utils.py,_pd_utils.py,sklearn/inspection,Python,.py,57,2218,False,2,68,0,2,2022-11-26T03:35:59+11:00,2024-07-22T22:05:03+02:00,68
scikit-learn,sklearn/inspection/_permutation_importance.py,_permutation_importance.py,sklearn/inspection,Python,.py,266,11432,False,36,454,141,24,2019-10-23T08:50:58-04:00,2026-07-08T18:17:38+02:00,595
scikit-learn,sklearn/inspection/_plot/__init__.py,__init__.py,sklearn/inspection/_plot,Python,.py,2,79,False,2,2,0,2,2020-02-18T11:05:14+01:00,2024-07-22T22:05:03+02:00,2
scikit-learn,sklearn/inspection/_plot/decision_boundary.py,decision_boundary.py,sklearn/inspection/_plot,Python,.py,720,34615,False,37,1307,453,18,2022-03-29T10:36:31-04:00,2026-08-10T14:51:47+01:00,1760
scikit-learn,sklearn/inspection/_plot/partial_dependence.py,partial_dependence.py,sklearn/inspection/_plot,Python,.py,1294,61465,False,61,2736,1246,34,2020-02-18T11:05:14+01:00,2026-04-13T14:07:22+02:00,3982
scikit-learn,sklearn/inspection/_plot/tests/__init__.py,__init__.py,sklearn/inspection/_plot/tests,Python,.py,0,0,True,1,0,0,1,2020-02-18T11:05:14+01:00,2020-02-18T11:05:14+01:00,0
scikit-learn,sklearn/inspection/_plot/tests/test_boundary_decision_display.py,test_boundary_decision_display.py,sklearn/inspection/_plot/tests,Python,.py,891,35309,True,32,1296,246,15,2022-03-29T10:36:31-04:00,2026-06-17T08:41:00+02:00,1542
scikit-learn,sklearn/inspection/_plot/tests/test_plot_partial_dependence.py,test_plot_partial_dependence.py,sklearn/inspection/_plot/tests,Python,.py,1143,41257,True,39,1875,564,19,2020-02-18T11:05:14+01:00,2026-05-09T19:32:05+02:00,2439
scikit-learn,sklearn/inspection/tests/__init__.py,__init__.py,sklearn/inspection/tests,Python,.py,0,0,True,1,0,0,1,2019-04-24T08:52:15-04:00,2019-04-24T08:52:15-04:00,0
scikit-learn,sklearn/inspection/tests/test_partial_dependence.py,test_partial_dependence.py,sklearn/inspection/tests,Python,.py,1085,42729,True,51,2006,751,22,2019-04-24T08:52:15-04:00,2026-07-10T09:49:36-04:00,2757
scikit-learn,sklearn/inspection/tests/test_pd_utils.py,test_pd_utils.py,sklearn/inspection/tests,Python,.py,38,1637,True,4,51,4,3,2022-11-26T03:35:59+11:00,2026-05-09T19:32:05+02:00,55
scikit-learn,sklearn/inspection/tests/test_permutation_importance.py,test_permutation_importance.py,sklearn/inspection/tests,Python,.py,453,20285,True,23,684,134,18,2019-07-17T13:16:00-04:00,2026-06-17T08:41:00+02:00,818
scikit-learn,sklearn/isotonic.py,isotonic.py,sklearn,Python,.py,414,17387,False,115,1356,841,51,2012-11-14T22:01:53+01:00,2025-07-29T15:42:22+02:00,2197
scikit-learn,sklearn/kernel_approximation.py,kernel_approximation.py,sklearn,Python,.py,927,40804,False,153,2054,917,62,2011-12-18T13:48:36+01:00,2026-06-08T18:25:05+02:00,2971
scikit-learn,sklearn/kernel_ridge.py,kernel_ridge.py,sklearn,Python,.py,202,9263,False,68,494,250,29,2014-11-30T10:15:53+01:00,2025-07-29T15:42:22+02:00,744
scikit-learn,sklearn/linear_model/__init__.py,__init__.py,sklearn/linear_model,Python,.py,104,2766,False,59,349,241,33,2011-09-02T11:00:02+02:00,2025-07-29T15:42:22+02:00,590
scikit-learn,sklearn/linear_model/_base.py,_base.py,sklearn/linear_model,Python,.py,763,31048,False,104,1737,809,51,2019-10-23T09:34:26-04:00,2026-07-22T15:40:40+05:00,2546
scikit-learn,sklearn/linear_model/_bayes.py,_bayes.py,sklearn/linear_model,Python,.py,678,29065,False,54,1366,540,31,2019-10-23T09:34:26-04:00,2026-05-04T07:02:08-05:00,1906
scikit-learn,sklearn/linear_model/_coordinate_descent.py,_coordinate_descent.py,sklearn/linear_model,Python,.py,2851,120711,False,147,5536,2080,74,2019-10-23T09:34:26-04:00,2026-08-10T14:51:47+01:00,7616
scikit-learn,sklearn/linear_model/_glm/__init__.py,__init__.py,sklearn/linear_model/_glm,Python,.py,14,343,False,8,27,11,6,2020-03-04T14:08:24+01:00,2025-07-29T15:42:22+02:00,38
scikit-learn,sklearn/linear_model/_glm/_newton_solver.py,_newton_solver.py,sklearn/linear_model/_glm,Python,.py,1408,67199,False,24,1685,95,7,2022-10-24T22:16:45+02:00,2026-08-07T18:08:15+02:00,1780
scikit-learn,sklearn/linear_model/_glm/glm.py,glm.py,sklearn/linear_model/_glm,Python,.py,1011,46078,False,57,1825,608,25,2020-03-04T14:08:24+01:00,2026-08-07T18:08:15+02:00,2433
scikit-learn,sklearn/linear_model/_glm/tests/__init__.py,__init__.py,sklearn/linear_model/_glm/tests,Python,.py,2,79,True,2,3,1,2,2020-03-04T14:08:24+01:00,2024-05-13T09:58:57+02:00,4
scikit-learn,sklearn/linear_model/_glm/tests/test_glm.py,test_glm.py,sklearn/linear_model/_glm/tests,Python,.py,1193,50638,True,39,1984,636,16,2020-03-04T14:08:24+01:00,2026-08-07T18:08:15+02:00,2620
scikit-learn,sklearn/linear_model/_glm/tests/test_newton_solver.py,test_newton_solver.py,sklearn/linear_model/_glm/tests,Python,.py,63,3027,True,1,79,0,1,2026-07-20T11:11:21+02:00,2026-07-20T11:11:21+02:00,79
scikit-learn,sklearn/linear_model/_huber.py,_huber.py,sklearn/linear_model,Python,.py,298,12752,False,31,465,102,16,2019-10-23T09:34:26-04:00,2025-07-29T15:42:22+02:00,567
scikit-learn,sklearn/linear_model/_least_angle.py,_least_angle.py,sklearn/linear_model,Python,.py,1939,83080,False,84,3171,819,42,2019-10-23T09:34:26-04:00,2026-08-10T14:51:47+01:00,3990
scikit-learn,sklearn/linear_model/_linear_loss.py,_linear_loss.py,sklearn/linear_model,Python,.py,872,39958,False,25,1157,195,10,2022-02-14T11:55:17+01:00,2026-07-22T15:40:40+05:00,1352
scikit-learn,sklearn/linear_model/_logistic.py,_logistic.py,sklearn/linear_model,Python,.py,2341,104575,False,132,5719,3034,49,2019-10-23T09:34:26-04:00,2026-08-07T18:08:15+02:00,8753
scikit-learn,sklearn/linear_model/_omp.py,_omp.py,sklearn/linear_model,Python,.py,962,39398,False,59,1640,487,34,2019-10-23T09:34:26-04:00,2026-07-28T05:25:20-04:00,2127
scikit-learn,sklearn/linear_model/_passive_aggressive.py,_passive_aggressive.py,sklearn/linear_model,Python,.py,506,21164,False,32,832,210,18,2019-10-23T09:34:26-04:00,2026-05-04T16:11:19+02:00,1042
scikit-learn,sklearn/linear_model/_perceptron.py,_perceptron.py,sklearn/linear_model,Python,.py,178,7593,False,30,318,92,19,2019-10-23T09:34:26-04:00,2025-09-11T12:59:56+02:00,410
scikit-learn,sklearn/linear_model/_quantile.py,_quantile.py,sklearn/linear_model,Python,.py,255,10552,False,26,495,194,13,2021-05-25T15:02:37+03:00,2026-03-11T02:04:06-04:00,689
scikit-learn,sklearn/linear_model/_ransac.py,_ransac.py,sklearn/linear_model,Python,.py,603,25710,False,63,1112,385,31,2019-10-23T09:34:26-04:00,2026-06-09T19:16:46+02:00,1497
scikit-learn,sklearn/linear_model/_ridge.py,_ridge.py,sklearn/linear_model,Python,.py,2516,108707,False,136,4882,1828,63,2019-10-23T09:34:26-04:00,2026-08-25T20:58:57+05:30,6710
scikit-learn,sklearn/linear_model/_sag.py,_sag.py,sklearn/linear_model,Python,.py,306,12350,False,17,499,129,11,2019-10-23T09:34:26-04:00,2025-07-29T15:42:22+02:00,628
scikit-learn,sklearn/linear_model/_stochastic_gradient.py,_stochastic_gradient.py,sklearn/linear_model,Python,.py,2279,94072,False,101,4222,1542,44,2019-10-23T09:34:26-04:00,2026-05-04T16:11:19+02:00,5764
scikit-learn,sklearn/linear_model/_theil_sen.py,_theil_sen.py,sklearn/linear_model,Python,.py,369,15729,False,35,628,179,19,2019-10-23T09:34:26-04:00,2025-10-09T18:01:19+02:00,807
scikit-learn,sklearn/linear_model/tests/__init__.py,__init__.py,sklearn/linear_model/tests,Python,.py,0,0,True,3,0,0,1,2011-09-02T11:00:02+02:00,2011-09-02T12:03:18+02:00,0
scikit-learn,sklearn/linear_model/tests/test_base.py,test_base.py,sklearn/linear_model/tests,Python,.py,749,31219,True,84,2020,1100,42,2011-09-02T11:00:02+02:00,2026-08-04T16:23:44+02:00,3120
scikit-learn,sklearn/linear_model/tests/test_bayes.py,test_bayes.py,sklearn/linear_model/tests,Python,.py,257,11933,True,43,649,318,33,2011-09-02T11:00:02+02:00,2026-05-09T17:18:14+02:00,967
scikit-learn,sklearn/linear_model/tests/test_common.py,test_common.py,sklearn/linear_model/tests,Python,.py,269,9749,True,18,417,120,8,2021-04-06T21:33:28+02:00,2026-03-16T10:56:30+01:00,537
scikit-learn,sklearn/linear_model/tests/test_coordinate_descent.py,test_coordinate_descent.py,sklearn/linear_model/tests,Python,.py,1574,65569,True,192,4095,2216,85,2011-09-02T11:00:02+02:00,2026-08-10T14:51:47+01:00,6311
scikit-learn,sklearn/linear_model/tests/test_huber.py,test_huber.py,sklearn/linear_model/tests,Python,.py,171,7615,True,22,308,92,15,2015-09-20T18:47:14-04:00,2024-06-17T19:57:02+02:00,400
scikit-learn,sklearn/linear_model/tests/test_least_angle.py,test_least_angle.py,sklearn/linear_model/tests,Python,.py,720,29667,True,142,2314,1444,54,2011-09-02T11:00:02+02:00,2026-06-16T07:18:55+02:00,3758
scikit-learn,sklearn/linear_model/tests/test_linear_loss.py,test_linear_loss.py,sklearn/linear_model/tests,Python,.py,461,17912,True,7,566,56,4,2022-02-14T11:55:17+01:00,2025-02-21T10:33:04+01:00,622
scikit-learn,sklearn/linear_model/tests/test_logistic.py,test_logistic.py,sklearn/linear_model/tests,Python,.py,2814,117560,True,246,7289,4038,74,2011-09-02T11:00:02+02:00,2026-08-19T07:18:16+02:00,11327
scikit-learn,sklearn/linear_model/tests/test_omp.py,test_omp.py,sklearn/linear_model/tests,Python,.py,222,9344,True,56,745,472,33,2011-09-02T11:00:02+02:00,2024-06-17T19:57:02+02:00,1217
scikit-learn,sklearn/linear_model/tests/test_passive_aggressive.py,test_passive_aggressive.py,sklearn/linear_model/tests,Python,.py,284,11817,True,41,837,492,22,2012-11-05T18:01:35+09:00,2025-08-31T10:58:16+02:00,1329
scikit-learn,sklearn/linear_model/tests/test_perceptron.py,test_perceptron.py,sklearn/linear_model/tests,Python,.py,65,2608,True,20,134,46,11,2012-01-29T02:34:12+09:00,2023-08-28T05:15:18-04:00,180
scikit-learn,sklearn/linear_model/tests/test_quantile.py,test_quantile.py,sklearn/linear_model/tests,Python,.py,247,10689,True,17,441,158,12,2021-05-25T15:02:37+03:00,2024-10-29T11:22:26+01:00,599
scikit-learn,sklearn/linear_model/tests/test_ransac.py,test_ransac.py,sklearn/linear_model/tests,Python,.py,435,16794,True,74,1237,694,33,2013-06-21T10:48:21+02:00,2025-09-02T10:36:34+02:00,1931
scikit-learn,sklearn/linear_model/tests/test_ridge.py,test_ridge.py,sklearn/linear_model/tests,Python,.py,2295,95558,True,194,4918,2207,73,2011-09-02T11:00:02+02:00,2026-07-22T18:33:08+02:00,7125
scikit-learn,sklearn/linear_model/tests/test_sag.py,test_sag.py,sklearn/linear_model/tests,Python,.py,743,25872,True,36,1931,1064,17,2014-10-30T12:00:11+01:00,2025-12-10T10:56:45+01:00,2995
scikit-learn,sklearn/linear_model/tests/test_sgd.py,test_sgd.py,sklearn/linear_model/tests,Python,.py,1906,74756,True,202,5909,3578,66,2011-09-02T11:00:02+02:00,2026-05-04T16:11:19+02:00,9487
scikit-learn,sklearn/linear_model/tests/test_sparse_coordinate_descent.py,test_sparse_coordinate_descent.py,sklearn/linear_model/tests,Python,.py,342,12983,True,62,906,502,33,2012-06-06T17:39:02+02:00,2026-07-25T06:36:01+02:00,1408
scikit-learn,sklearn/linear_model/tests/test_theil_sen.py,test_theil_sen.py,sklearn/linear_model/tests,Python,.py,251,9938,True,45,609,313,20,2014-07-19T13:11:14+02:00,2025-10-09T18:01:19+02:00,922
scikit-learn,sklearn/manifold/__init__.py,__init__.py,sklearn/manifold,Python,.py,24,735,False,24,62,35,14,2011-09-02T11:00:02+02:00,2025-09-08T12:33:01+02:00,97
scikit-learn,sklearn/manifold/_classical_mds.py,_classical_mds.py,sklearn/manifold,Python,.py,157,6381,False,1,198,0,1,2025-09-08T12:33:01+02:00,2025-09-08T12:33:01+02:00,198
scikit-learn,sklearn/manifold/_isomap.py,_isomap.py,sklearn/manifold,Python,.py,366,15833,False,40,586,142,20,2019-10-21T23:41:02-04:00,2026-03-11T02:04:06-04:00,728
scikit-learn,sklearn/manifold/_locally_linear.py,_locally_linear.py,sklearn/manifold,Python,.py,734,30945,False,44,1302,417,27,2019-10-21T23:41:02-04:00,2026-03-11T02:04:06-04:00,1719
scikit-learn,sklearn/manifold/_mds.py,_mds.py,sklearn/manifold,Python,.py,676,30244,False,52,1205,388,23,2019-10-21T23:41:02-04:00,2026-03-24T13:26:53+03:00,1593
scikit-learn,sklearn/manifold/_spectral_embedding.py,_spectral_embedding.py,sklearn/manifold,Python,.py,675,30431,False,56,1144,358,32,2019-10-29T22:36:46-04:00,2026-04-23T17:58:49+02:00,1502
scikit-learn,sklearn/manifold/_t_sne.py,_t_sne.py,sklearn/manifold,Python,.py,987,43913,False,68,1746,572,39,2019-10-21T23:41:02-04:00,2026-08-10T14:51:47+01:00,2318
scikit-learn,sklearn/manifold/tests/__init__.py,__init__.py,sklearn/manifold/tests,Python,.py,0,0,True,1,0,0,1,2016-02-03T10:39:50-08:00,2016-02-03T10:39:50-08:00,0
scikit-learn,sklearn/manifold/tests/test_classical_mds.py,test_classical_mds.py,sklearn/manifold/tests,Python,.py,45,1980,True,1,68,0,1,2025-09-08T12:33:01+02:00,2025-09-08T12:33:01+02:00,68
scikit-learn,sklearn/manifold/tests/test_isomap.py,test_isomap.py,sklearn/manifold/tests,Python,.py,276,12050,True,33,715,369,17,2011-09-02T11:00:02+02:00,2026-08-04T16:23:44+02:00,1084
scikit-learn,sklearn/manifold/tests/test_locally_linear.py,test_locally_linear.py,sklearn/manifold/tests,Python,.py,136,5772,True,53,492,321,24,2011-09-02T11:00:02+02:00,2023-10-20T14:58:00+02:00,813
scikit-learn,sklearn/manifold/tests/test_mds.py,test_mds.py,sklearn/manifold/tests,Python,.py,229,9503,True,29,479,183,15,2012-04-25T22:27:33+02:00,2026-03-24T13:26:53+03:00,662
scikit-learn,sklearn/manifold/tests/test_spectral_embedding.py,test_spectral_embedding.py,sklearn/manifold/tests,Python,.py,484,19994,True,98,1414,834,41,2012-09-30T22:39:30+08:00,2026-04-23T17:58:49+02:00,2248
scikit-learn,sklearn/manifold/tests/test_t_sne.py,test_t_sne.py,sklearn/manifold/tests,Python,.py,979,37630,True,87,2600,1463,39,2014-02-10T22:39:05+01:00,2026-08-10T14:51:47+01:00,4063
scikit-learn,sklearn/metrics/__init__.py,__init__.py,sklearn/metrics,Python,.py,189,5018,False,113,649,458,52,2011-09-02T11:00:02+02:00,2026-03-07T16:58:50+11:00,1107
scikit-learn,sklearn/metrics/_base.py,_base.py,sklearn/metrics,Python,.py,167,7603,False,17,325,116,11,2019-10-23T09:20:28-04:00,2026-04-03T18:16:41+02:00,441
scikit-learn,sklearn/metrics/_classification.py,_classification.py,sklearn/metrics,Python,.py,3504,155867,False,207,6366,2253,105,2019-10-23T09:20:28-04:00,2026-08-04T08:06:08-07:00,8619
scikit-learn,sklearn/metrics/_pairwise_distances_reduction/__init__.py,__init__.py,sklearn/metrics/_pairwise_distances_reduction,Python,.py,108,5177,False,11,191,79,7,2022-06-24T05:35:26+02:00,2025-07-29T15:42:22+02:00,270
scikit-learn,sklearn/metrics/_pairwise_distances_reduction/_dispatcher.py,_dispatcher.py,sklearn/metrics/_pairwise_distances_reduction,Python,.py,646,30032,False,24,942,179,8,2022-06-24T05:35:26+02:00,2025-07-29T15:42:22+02:00,1121
scikit-learn,sklearn/metrics/_plot/__init__.py,__init__.py,sklearn/metrics/_plot,Python,.py,2,79,False,2,2,0,2,2019-08-07T20:28:17-04:00,2024-07-22T22:05:03+02:00,2
scikit-learn,sklearn/metrics/_plot/confusion_matrix.py,confusion_matrix.py,sklearn/metrics/_plot,Python,.py,408,17363,False,43,780,281,25,2019-11-14T05:43:54-08:00,2025-07-29T15:42:22+02:00,1061
scikit-learn,sklearn/metrics/_plot/det_curve.py,det_curve.py,sklearn/metrics/_plot,Python,.py,359,15101,False,29,711,272,15,2020-08-29T04:36:52+02:00,2026-07-11T07:42:36+02:00,983
scikit-learn,sklearn/metrics/_plot/precision_recall_curve.py,precision_recall_curve.py,sklearn/metrics/_plot,Python,.py,765,34959,False,47,1316,391,26,2019-11-10T18:54:35-08:00,2026-03-11T02:43:44-03:00,1707
scikit-learn,sklearn/metrics/_plot/regression.py,regression.py,sklearn/metrics/_plot,Python,.py,333,14706,False,9,430,17,7,2022-11-25T12:51:46+01:00,2025-07-29T15:42:22+02:00,447
scikit-learn,sklearn/metrics/_plot/roc_curve.py,roc_curve.py,sklearn/metrics/_plot,Python,.py,615,26469,False,58,1293,548,27,2019-08-07T20:28:17-04:00,2026-04-22T12:50:54+02:00,1841
scikit-learn,sklearn/metrics/_plot/tests/__init__.py,__init__.py,sklearn/metrics/_plot/tests,Python,.py,0,0,True,1,0,0,1,2019-08-07T20:28:17-04:00,2019-08-07T20:28:17-04:00,0
scikit-learn,sklearn/metrics/_plot/tests/test_common_curve_display.py,test_common_curve_display.py,sklearn/metrics/_plot/tests,Python,.py,761,30309,True,18,1005,145,6,2021-08-06T17:36:24+02:00,2026-07-11T07:42:36+02:00,1150
scikit-learn,sklearn/metrics/_plot/tests/test_confusion_matrix_display.py,test_confusion_matrix_display.py,sklearn/metrics/_plot/tests,Python,.py,299,13487,True,10,470,96,6,2021-01-22T19:57:41+01:00,2024-07-22T14:20:56+02:00,566
scikit-learn,sklearn/metrics/_plot/tests/test_det_curve_display.py,test_det_curve_display.py,sklearn/metrics/_plot/tests,Python,.py,109,4327,True,6,150,19,6,2021-08-06T17:36:24+02:00,2026-07-11T07:42:36+02:00,169
scikit-learn,sklearn/metrics/_plot/tests/test_precision_recall_display.py,test_precision_recall_display.py,sklearn/metrics/_plot/tests,Python,.py,624,26401,True,21,956,228,14,2021-08-31T10:51:32+02:00,2026-05-04T16:11:19+02:00,1184
scikit-learn,sklearn/metrics/_plot/tests/test_predict_error_display.py,test_predict_error_display.py,sklearn/metrics/_plot/tests,Python,.py,149,6007,True,3,187,18,3,2022-11-25T12:51:46+01:00,2024-10-17T22:30:57+02:00,205
scikit-learn,sklearn/metrics/_plot/tests/test_roc_curve_display.py,test_roc_curve_display.py,sklearn/metrics/_plot/tests,Python,.py,495,19314,True,26,1180,611,17,2021-09-03T17:19:46+02:00,2026-04-22T12:50:54+02:00,1791
scikit-learn,sklearn/metrics/_ranking.py,_ranking.py,sklearn/metrics,Python,.py,1996,89854,False,138,3393,1032,77,2019-10-23T09:20:28-04:00,2026-08-31T16:08:26+05:30,4425
scikit-learn,sklearn/metrics/_regression.py,_regression.py,sklearn/metrics,Python,.py,1656,67885,False,95,2895,912,55,2019-10-23T09:20:28-04:00,2026-07-22T15:40:40+05:00,3807
scikit-learn,sklearn/metrics/_scorer.py,_scorer.py,sklearn/metrics,Python,.py,983,40742,False,71,2256,1088,36,2019-10-23T09:20:28-04:00,2026-07-08T18:17:38+02:00,3344
scikit-learn,sklearn/metrics/cluster/__init__.py,__init__.py,sklearn/metrics/cluster,Python,.py,52,1509,False,33,154,99,17,2011-09-30T22:48:01+10:00,2025-07-29T15:42:22+02:00,253
scikit-learn,sklearn/metrics/cluster/_bicluster.py,_bicluster.py,sklearn/metrics/cluster,Python,.py,90,3647,False,15,143,29,13,2019-10-23T09:20:28-04:00,2025-07-29T15:42:22+02:00,172
scikit-learn,sklearn/metrics/cluster/_supervised.py,_supervised.py,sklearn/metrics/cluster,Python,.py,1051,45473,False,80,1824,489,54,2019-10-23T09:20:28-04:00,2026-08-24T08:06:37+05:00,2313
scikit-learn,sklearn/metrics/cluster/_unsupervised.py,_unsupervised.py,sklearn/metrics/cluster,Python,.py,404,17980,False,42,678,191,29,2019-10-23T09:20:28-04:00,2026-07-22T15:40:40+05:00,869
scikit-learn,sklearn/metrics/cluster/tests/__init__.py,__init__.py,sklearn/metrics/cluster/tests,Python,.py,0,0,True,1,0,0,1,2011-09-30T22:48:01+10:00,2011-09-30T22:48:01+10:00,0
scikit-learn,sklearn/metrics/cluster/tests/test_bicluster.py,test_bicluster.py,sklearn/metrics/cluster/tests,Python,.py,45,1719,True,8,87,31,5,2014-07-19T16:15:01+02:00,2023-06-21T17:50:07+02:00,118
scikit-learn,sklearn/metrics/cluster/tests/test_common.py,test_common.py,sklearn/metrics/cluster/tests,Python,.py,258,10320,True,23,593,287,16,2018-03-18T10:39:33+01:00,2026-08-24T08:06:37+05:00,880
scikit-learn,sklearn/metrics/cluster/tests/test_supervised.py,test_supervised.py,sklearn/metrics/cluster/tests,Python,.py,448,19629,True,77,997,460,40,2011-10-19T22:33:13+11:00,2026-08-24T08:06:37+05:00,1457
scikit-learn,sklearn/metrics/cluster/tests/test_unsupervised.py,test_unsupervised.py,sklearn/metrics/cluster/tests,Python,.py,358,12269,True,39,755,342,24,2011-09-30T22:48:01+10:00,2023-09-13T16:59:47+08:00,1097
scikit-learn,sklearn/metrics/pairwise.py,pairwise.py,sklearn/metrics,Python,.py,2206,92535,False,404,6069,3268,136,2011-09-02T11:00:02+02:00,2026-07-22T15:40:40+05:00,9337
scikit-learn,sklearn/metrics/tests/__init__.py,__init__.py,sklearn/metrics/tests,Python,.py,0,0,True,3,0,0,1,2011-09-02T11:00:02+02:00,2011-09-02T12:03:18+02:00,0
scikit-learn,sklearn/metrics/tests/test_classification.py,test_classification.py,sklearn/metrics/tests,Python,.py,3176,134132,True,171,6731,2982,88,2013-12-05T17:38:51+11:00,2026-08-04T16:23:44+02:00,9713
scikit-learn,sklearn/metrics/tests/test_common.py,test_common.py,sklearn/metrics/tests,Python,.py,2590,101605,True,201,5350,2345,75,2013-12-05T17:38:51+11:00,2026-08-26T10:48:13+02:00,7695
scikit-learn,sklearn/metrics/tests/test_dist_metrics.py,test_dist_metrics.py,sklearn/metrics/tests,Python,.py,342,14995,True,22,766,335,12,2021-10-08T11:57:32-04:00,2025-03-25T18:17:34+01:00,1101
scikit-learn,sklearn/metrics/tests/test_pairwise.py,test_pairwise.py,sklearn/metrics/tests,Python,.py,1553,65757,True,189,3410,1496,73,2011-09-02T11:00:02+02:00,2026-06-23T05:04:26-07:00,4906
scikit-learn,sklearn/metrics/tests/test_pairwise_distances_reduction.py,test_pairwise_distances_reduction.py,sklearn/metrics/tests,Python,.py,1435,53061,True,33,2353,710,10,2022-02-17T10:37:22+01:00,2025-04-15T13:11:52+02:00,3063
scikit-learn,sklearn/metrics/tests/test_ranking.py,test_ranking.py,sklearn/metrics/tests,Python,.py,2254,98138,True,104,4007,1356,63,2014-07-19T12:34:15+02:00,2026-08-31T16:08:26+05:30,5363
scikit-learn,sklearn/metrics/tests/test_regression.py,test_regression.py,sklearn/metrics/tests,Python,.py,558,26253,True,47,1076,432,34,2014-07-19T12:34:15+02:00,2026-07-16T17:46:28+10:00,1508
scikit-learn,sklearn/metrics/tests/test_score_objects.py,test_score_objects.py,sklearn/metrics/tests,Python,.py,1441,60891,True,149,2878,1155,60,2012-12-16T18:02:56+01:00,2026-06-17T08:41:00+02:00,4033
scikit-learn,sklearn/mixture/__init__.py,__init__.py,sklearn/mixture,Python,.py,6,306,False,19,49,40,12,2011-09-02T11:00:02+02:00,2025-07-29T15:42:22+02:00,89
scikit-learn,sklearn/mixture/_base.py,_base.py,sklearn/mixture,Python,.py,515,21158,False,32,941,325,21,2019-10-16T13:16:26-04:00,2026-07-22T15:40:40+05:00,1266
scikit-learn,sklearn/mixture/_bayesian_mixture.py,_bayesian_mixture.py,sklearn/mixture,Python,.py,725,33394,False,37,1248,367,25,2019-10-16T13:16:26-04:00,2026-08-13T11:34:14+03:00,1615
scikit-learn,sklearn/mixture/_gaussian_mixture.py,_gaussian_mixture.py,sklearn/mixture,Python,.py,815,35904,False,46,1423,413,31,2019-10-16T13:16:26-04:00,2026-08-13T11:34:14+03:00,1836
scikit-learn,sklearn/mixture/tests/__init__.py,__init__.py,sklearn/mixture/tests,Python,.py,0,0,True,3,0,0,1,2011-09-02T11:00:02+02:00,2011-09-02T12:03:18+02:00,0
scikit-learn,sklearn/mixture/tests/test_bayesian_mixture.py,test_bayesian_mixture.py,sklearn/mixture/tests,Python,.py,389,17040,True,22,846,382,15,2016-08-30T19:02:30+02:00,2025-04-15T13:11:52+02:00,1228
scikit-learn,sklearn/mixture/tests/test_gaussian_mixture.py,test_gaussian_mixture.py,sklearn/mixture/tests,Python,.py,1417,56034,True,61,2555,906,37,2016-04-14T16:30:47+02:00,2026-07-22T18:33:08+02:00,3461
scikit-learn,sklearn/mixture/tests/test_mixture.py,test_mixture.py,sklearn/mixture/tests,Python,.py,26,1178,True,7,48,15,4,2018-04-23T23:24:53+02:00,2025-08-22T19:01:50+02:00,63
scikit-learn,sklearn/model_selection/__init__.py,__init__.py,sklearn/model_selection,Python,.py,98,2864,False,22,200,94,15,2015-06-05T01:15:10+05:30,2026-08-10T14:51:47+01:00,294
scikit-learn,sklearn/model_selection/_classification_threshold.py,_classification_threshold.py,sklearn/model_selection,Python,.py,748,33011,False,22,1121,227,12,2024-05-03T18:15:25+02:00,2026-06-17T08:41:00+02:00,1348
scikit-learn,sklearn/model_selection/_plot.py,_plot.py,sklearn/model_selection,Python,.py,744,34606,False,14,1061,176,9,2022-11-24T14:31:47+01:00,2026-01-19T11:39:58+01:00,1237
scikit-learn,sklearn/model_selection/_search.py,_search.py,sklearn/model_selection,Python,.py,1769,85371,False,232,4101,1975,106,2015-06-05T01:15:10+05:30,2026-06-09T19:16:46+02:00,6076
scikit-learn,sklearn/model_selection/_search_successive_halving.py,_search_successive_halving.py,sklearn/model_selection,Python,.py,969,48860,False,44,1543,370,23,2020-09-09T11:12:35-04:00,2026-08-20T19:50:05+05:30,1913
scikit-learn,sklearn/model_selection/_split.py,_split.py,sklearn/model_selection,Python,.py,2547,112741,False,191,5143,2063,108,2015-06-05T01:15:10+05:30,2026-08-10T14:51:47+01:00,7206
scikit-learn,sklearn/model_selection/_validation.py,_validation.py,sklearn/model_selection,Python,.py,2161,95807,False,199,4420,1880,103,2015-06-05T01:15:10+05:30,2026-07-28T16:38:13+02:00,6300
scikit-learn,sklearn/model_selection/tests/__init__.py,__init__.py,sklearn/model_selection/tests,Python,.py,0,0,True,1,0,0,1,2016-02-03T10:39:50-08:00,2016-02-03T10:39:50-08:00,0
scikit-learn,sklearn/model_selection/tests/common.py,common.py,sklearn/model_selection/tests,Python,.py,17,641,True,2,24,0,2,2016-10-30T22:49:17+01:00,2021-06-17T14:21:09-04:00,24
scikit-learn,sklearn/model_selection/tests/test_classification_threshold.py,test_classification_threshold.py,sklearn/model_selection/tests,Python,.py,549,23816,True,6,781,146,4,2024-05-03T18:15:25+02:00,2026-05-19T16:52:07+02:00,927
scikit-learn,sklearn/model_selection/tests/test_plot.py,test_plot.py,sklearn/model_selection/tests,Python,.py,474,18456,True,7,672,100,6,2022-11-24T14:31:47+01:00,2024-04-11T13:53:20+02:00,772
scikit-learn,sklearn/model_selection/tests/test_search.py,test_search.py,sklearn/model_selection/tests,Python,.py,2661,107345,True,172,5449,2269,80,2015-06-05T01:15:10+05:30,2026-08-19T07:18:16+02:00,7718
scikit-learn,sklearn/model_selection/tests/test_split.py,test_split.py,sklearn/model_selection/tests,Python,.py,1746,75308,True,127,3480,1363,68,2015-06-05T01:15:10+05:30,2026-08-10T14:51:47+01:00,4843
scikit-learn,sklearn/model_selection/tests/test_successive_halving.py,test_successive_halving.py,sklearn/model_selection/tests,Python,.py,779,31684,True,22,1262,354,13,2020-09-09T11:12:35-04:00,2026-06-11T20:24:05+02:00,1616
scikit-learn,sklearn/model_selection/tests/test_validation.py,test_validation.py,sklearn/model_selection/tests,Python,.py,2343,92952,True,162,4488,1744,75,2015-06-05T01:15:10+05:30,2026-07-31T15:39:56+02:00,6232
scikit-learn,sklearn/multiclass.py,multiclass.py,sklearn,Python,.py,1063,44511,False,203,3291,2002,76,2011-09-02T11:00:02+02:00,2026-03-11T02:04:06-04:00,5293
scikit-learn,sklearn/multioutput.py,multioutput.py,sklearn,Python,.py,1017,43547,False,126,2149,877,68,2016-01-08T19:48:44+05:30,2026-06-17T08:41:00+02:00,3026
scikit-learn,sklearn/naive_bayes.py,naive_bayes.py,sklearn,Python,.py,1271,57234,False,234,3843,2272,81,2011-09-02T11:00:02+02:00,2026-07-22T15:40:40+05:00,6115
scikit-learn,sklearn/neighbors/__init__.py,__init__.py,sklearn/neighbors,Python,.py,46,1468,False,32,135,86,18,2011-09-06T10:09:35-07:00,2025-07-29T15:42:22+02:00,221
scikit-learn,sklearn/neighbors/_base.py,_base.py,sklearn/neighbors,Python,.py,1201,52591,False,83,2309,906,42,2019-10-23T04:52:52-04:00,2026-08-16T07:03:27+02:00,3215
scikit-learn,sklearn/neighbors/_classification.py,_classification.py,sklearn/neighbors,Python,.py,768,35154,False,54,1226,303,29,2019-10-23T04:52:52-04:00,2026-05-14T08:48:13+10:00,1529
scikit-learn,sklearn/neighbors/_graph.py,_graph.py,sklearn/neighbors,Python,.py,589,24684,False,43,979,270,27,2019-10-23T04:52:52-04:00,2025-07-29T15:42:22+02:00,1249
scikit-learn,sklearn/neighbors/_kde.py,_kde.py,sklearn/neighbors,Python,.py,307,12359,False,52,570,207,32,2019-10-23T04:52:52-04:00,2025-07-29T15:42:22+02:00,777
scikit-learn,sklearn/neighbors/_lof.py,_lof.py,sklearn/neighbors,Python,.py,426,20231,False,44,835,312,31,2019-10-23T04:52:52-04:00,2026-04-16T12:34:05+02:00,1147
scikit-learn,sklearn/neighbors/_nca.py,_nca.py,sklearn/neighbors,Python,.py,476,21099,False,34,906,346,20,2019-10-23T04:52:52-04:00,2026-06-11T18:47:36+02:00,1252
scikit-learn,sklearn/neighbors/_nearest_centroid.py,_nearest_centroid.py,sklearn/neighbors,Python,.py,294,13095,False,35,571,215,24,2019-10-23T04:52:52-04:00,2025-07-29T15:42:22+02:00,786
scikit-learn,sklearn/neighbors/_regression.py,_regression.py,sklearn/neighbors,Python,.py,421,18649,False,51,747,226,29,2019-10-23T04:52:52-04:00,2026-06-29T19:22:15+02:00,973
scikit-learn,sklearn/neighbors/_unsupervised.py,_unsupervised.py,sklearn/neighbors,Python,.py,145,6283,False,28,267,88,22,2019-10-23T04:52:52-04:00,2025-07-29T15:42:22+02:00,355
scikit-learn,sklearn/neighbors/tests/__init__.py,__init__.py,sklearn/neighbors/tests,Python,.py,0,0,True,1,0,0,1,2011-09-06T10:09:35-07:00,2011-09-06T10:09:35-07:00,0
scikit-learn,sklearn/neighbors/tests/test_ball_tree.py,test_ball_tree.py,sklearn/neighbors/tests,Python,.py,153,7097,True,45,773,573,23,2011-09-06T10:09:35-07:00,2023-08-01T21:19:40+05:00,1346
scikit-learn,sklearn/neighbors/tests/test_graph.py,test_graph.py,sklearn/neighbors/tests,Python,.py,81,3547,True,5,115,14,5,2019-09-18T11:32:59-07:00,2026-06-16T07:18:55+02:00,129
scikit-learn,sklearn/neighbors/tests/test_kd_tree.py,test_kd_tree.py,sklearn/neighbors/tests,Python,.py,119,5443,True,35,592,442,20,2013-03-03T12:51:36-08:00,2026-07-28T06:48:26-04:00,1034
scikit-learn,sklearn/neighbors/tests/test_kde.py,test_kde.py,sklearn/neighbors/tests,Python,.py,204,9745,True,40,518,266,27,2013-06-29T10:12:47-07:00,2023-07-06T12:55:20+02:00,784
scikit-learn,sklearn/neighbors/tests/test_lof.py,test_lof.py,sklearn/neighbors/tests,Python,.py,310,13746,True,27,628,234,14,2016-10-25T17:53:51+02:00,2024-06-17T19:57:02+02:00,862
scikit-learn,sklearn/neighbors/tests/test_nca.py,test_nca.py,sklearn/neighbors/tests,Python,.py,486,20792,True,23,824,236,15,2019-02-28T15:58:07+01:00,2026-06-11T18:47:36+02:00,1060
scikit-learn,sklearn/neighbors/tests/test_nearest_centroid.py,test_nearest_centroid.py,sklearn/neighbors/tests,Python,.py,188,7572,True,29,326,89,20,2012-03-26T20:43:40+11:00,2024-10-28T13:57:05-04:00,415
scikit-learn,sklearn/neighbors/tests/test_neighbors.py,test_neighbors.py,sklearn/neighbors/tests,Python,.py,2081,88357,True,201,4785,2208,81,2011-09-06T10:09:35-07:00,2026-08-16T07:03:27+02:00,6993
scikit-learn,sklearn/neighbors/tests/test_neighbors_pipeline.py,test_neighbors_pipeline.py,sklearn/neighbors/tests,Python,.py,212,8147,True,11,333,77,9,2019-09-18T11:32:59-07:00,2024-02-23T21:00:30+11:00,410
scikit-learn,sklearn/neighbors/tests/test_neighbors_tree.py,test_neighbors_tree.py,sklearn/neighbors/tests,Python,.py,226,9297,True,11,385,89,9,2019-10-09T18:49:37+02:00,2024-06-13T15:51:09+02:00,474
scikit-learn,sklearn/neighbors/tests/test_quad_tree.py,test_quad_tree.py,sklearn/neighbors/tests,Python,.py,115,5142,True,7,198,48,6,2017-07-12T22:56:02+02:00,2025-10-02T08:05:14+02:00,246
scikit-learn,sklearn/neural_network/__init__.py,__init__.py,sklearn/neural_network,Python,.py,6,320,False,12,31,22,9,2013-02-02T12:07:37-05:00,2025-07-29T15:42:22+02:00,53
scikit-learn,sklearn/neural_network/_base.py,_base.py,sklearn/neural_network,Python,.py,215,7983,False,20,404,117,12,2015-08-28T00:44:36-04:00,2025-03-31T16:11:26+02:00,521
scikit-learn,sklearn/neural_network/_multilayer_perceptron.py,_multilayer_perceptron.py,sklearn/neural_network,Python,.py,1497,66188,False,73,2592,791,39,2019-09-10T14:57:36-04:00,2026-04-17T16:06:54+02:00,3383
scikit-learn,sklearn/neural_network/_rbm.py,_rbm.py,sklearn/neural_network,Python,.py,360,14998,False,40,629,184,20,2019-09-10T14:57:36-04:00,2025-07-29T15:42:22+02:00,813
scikit-learn,sklearn/neural_network/_stochastic_optimizers.py,_stochastic_optimizers.py,sklearn/neural_network,Python,.py,229,8838,False,16,361,74,12,2015-08-28T00:44:36-04:00,2024-06-17T19:57:02+02:00,435
scikit-learn,sklearn/neural_network/tests/__init__.py,__init__.py,sklearn/neural_network/tests,Python,.py,0,0,True,1,0,0,1,2016-02-03T10:39:50-08:00,2016-02-03T10:39:50-08:00,0
scikit-learn,sklearn/neural_network/tests/test_base.py,test_base.py,sklearn/neural_network/tests,Python,.py,41,1566,True,4,62,10,4,2020-01-15T13:38:44-05:00,2025-03-31T16:11:26+02:00,72
scikit-learn,sklearn/neural_network/tests/test_mlp.py,test_mlp.py,sklearn/neural_network/tests,Python,.py,929,36960,True,64,1826,707,39,2013-07-01T00:07:50+03:00,2026-04-17T16:06:54+02:00,2533
scikit-learn,sklearn/neural_network/tests/test_rbm.py,test_rbm.py,sklearn/neural_network/tests,Python,.py,194,7979,True,52,537,292,21,2013-02-02T12:07:37-05:00,2025-08-22T19:01:50+02:00,829
scikit-learn,sklearn/neural_network/tests/test_stochastic_optimizers.py,test_stochastic_optimizers.py,sklearn/neural_network/tests,Python,.py,89,4137,True,12,169,57,8,2015-08-28T00:44:36-04:00,2023-06-21T17:50:07+02:00,226
scikit-learn,sklearn/pipeline.py,pipeline.py,sklearn,Python,.py,1897,88768,False,254,4546,2256,105,2011-09-02T11:00:02+02:00,2026-06-12T16:14:14+02:00,6802
scikit-learn,sklearn/preprocessing/__init__.py,__init__.py,sklearn/preprocessing,Python,.py,65,1671,False,70,1695,1627,27,2011-09-02T11:00:02+02:00,2025-07-29T15:42:22+02:00,3322
scikit-learn,sklearn/preprocessing/_data.py,_data.py,sklearn/preprocessing,Python,.py,3105,130762,False,153,5702,1935,81,2019-10-21T23:37:05-04:00,2026-09-10T18:56:20+05:30,7637
scikit-learn,sklearn/preprocessing/_discretization.py,_discretization.py,sklearn/preprocessing,Python,.py,439,20409,False,80,1066,530,47,2018-07-10T09:47:20+10:00,2026-04-17T07:21:34-04:00,1596
scikit-learn,sklearn/preprocessing/_encoders.py,_encoders.py,sklearn/preprocessing,Python,.py,1425,68455,False,144,3357,1656,61,2018-06-21T11:27:41+02:00,2026-09-08T03:24:37-07:00,5013
scikit-learn,sklearn/preprocessing/_function_transformer.py,_function_transformer.py,sklearn/preprocessing,Python,.py,371,16964,False,66,708,264,40,2015-08-03T22:08:45+02:00,2026-05-22T14:16:54+02:00,972
scikit-learn,sklearn/preprocessing/_label.py,_label.py,sklearn/preprocessing,Python,.py,878,35348,False,54,1612,541,32,2019-10-21T23:37:05-04:00,2026-08-05T17:41:58+02:00,2153
scikit-learn,sklearn/preprocessing/_polynomial.py,_polynomial.py,sklearn/preprocessing,Python,.py,1097,50999,False,61,1989,732,31,2021-01-24T10:53:27+01:00,2026-07-22T15:40:40+05:00,2721
scikit-learn,sklearn/preprocessing/_target_encoder.py,_target_encoder.py,sklearn/preprocessing,Python,.py,587,27090,False,25,832,144,12,2023-03-16T11:59:20-04:00,2026-08-20T19:50:05+05:30,976
scikit-learn,sklearn/preprocessing/tests/__init__.py,__init__.py,sklearn/preprocessing/tests,Python,.py,0,0,True,5,0,0,3,2011-09-02T11:00:02+02:00,2013-07-26T12:07:06+02:00,0
scikit-learn,sklearn/preprocessing/tests/test_common.py,test_common.py,sklearn/preprocessing/tests,Python,.py,166,6820,True,23,328,140,14,2018-04-21T19:06:10+02:00,2025-09-02T10:36:34+02:00,468
scikit-learn,sklearn/preprocessing/tests/test_data.py,test_data.py,sklearn/preprocessing/tests,Python,.py,2416,109055,True,197,5654,2643,91,2013-07-25T11:41:20+02:00,2026-09-07T15:26:14+02:00,8297
scikit-learn,sklearn/preprocessing/tests/test_discretization.py,test_discretization.py,sklearn/preprocessing/tests,Python,.py,587,21133,True,42,1315,652,27,2017-07-12T18:20:14+10:00,2026-04-17T07:21:34-04:00,1967
scikit-learn,sklearn/preprocessing/tests/test_encoders.py,test_encoders.py,sklearn/preprocessing/tests,Python,.py,2001,83790,True,91,3843,1372,48,2018-06-21T11:27:41+02:00,2026-09-08T03:24:37-07:00,5215
scikit-learn,sklearn/preprocessing/tests/test_function_transformer.py,test_function_transformer.py,sklearn/preprocessing/tests,Python,.py,462,19273,True,43,908,329,25,2015-06-08T12:53:25-04:00,2026-05-09T19:32:05+02:00,1237
scikit-learn,sklearn/preprocessing/tests/test_label.py,test_label.py,sklearn/preprocessing/tests,Python,.py,783,32738,True,69,1785,853,40,2013-07-26T12:07:06+02:00,2026-07-22T15:40:40+05:00,2638
scikit-learn,sklearn/preprocessing/tests/test_polynomial.py,test_polynomial.py,sklearn/preprocessing/tests,Python,.py,1229,47552,True,43,1939,544,22,2021-01-24T10:53:27+01:00,2026-08-04T16:23:44+02:00,2483
scikit-learn,sklearn/preprocessing/tests/test_target_encoder.py,test_target_encoder.py,sklearn/preprocessing/tests,Python,.py,657,30306,True,14,872,98,9,2023-03-16T11:59:20-04:00,2026-03-10T18:10:10+01:00,970
scikit-learn,sklearn/random_projection.py,random_projection.py,sklearn,Python,.py,646,28585,False,147,2478,1651,49,2011-10-02T02:08:50+02:00,2026-03-11T02:04:06-04:00,4129
scikit-learn,sklearn/semi_supervised/__init__.py,__init__.py,sklearn/semi_supervised,Python,.py,9,481,False,9,25,12,8,2012-01-28T12:07:48-08:00,2025-07-29T15:42:22+02:00,37
scikit-learn,sklearn/semi_supervised/_label_propagation.py,_label_propagation.py,sklearn/semi_supervised,Python,.py,526,21808,False,39,900,263,25,2019-10-21T23:39:28-04:00,2026-03-11T02:04:06-04:00,1163
scikit-learn,sklearn/semi_supervised/_self_training.py,_self_training.py,sklearn/semi_supervised,Python,.py,482,20223,False,38,920,339,19,2020-11-20T19:49:08+01:00,2026-06-09T19:16:46+02:00,1259
scikit-learn,sklearn/semi_supervised/tests/__init__.py,__init__.py,sklearn/semi_supervised/tests,Python,.py,0,0,True,1,0,0,1,2012-01-29T11:49:33-08:00,2012-01-29T11:49:33-08:00,0
scikit-learn,sklearn/semi_supervised/tests/test_label_propagation.py,test_label_propagation.py,sklearn/semi_supervised/tests,Python,.py,218,9889,True,32,466,198,21,2012-01-22T21:13:56-08:00,2025-10-07T04:58:26-04:00,664
scikit-learn,sklearn/semi_supervised/tests/test_self_training.py,test_self_training.py,sklearn/semi_supervised/tests,Python,.py,301,13794,True,16,567,183,12,2020-11-20T19:49:08+01:00,2026-06-17T08:41:00+02:00,750
scikit-learn,sklearn/svm/__init__.py,__init__.py,sklearn/svm,Python,.py,25,509,False,20,83,54,12,2011-09-02T11:00:02+02:00,2025-07-29T15:42:22+02:00,137
scikit-learn,sklearn/svm/_base.py,_base.py,sklearn/svm,Python,.py,1132,44790,False,58,1847,540,32,2019-10-18T16:18:33-04:00,2026-08-10T14:51:47+01:00,2387
scikit-learn,sklearn/svm/_bounds.py,_bounds.py,sklearn/svm,Python,.py,79,3483,False,18,140,42,14,2019-10-18T16:18:33-04:00,2025-11-26T05:01:39+01:00,182
scikit-learn,sklearn/svm/_classes.py,_classes.py,sklearn/svm,Python,.py,1476,68141,False,96,3002,1173,52,2019-10-18T16:18:33-04:00,2026-05-27T10:40:02+02:00,4175
scikit-learn,sklearn/svm/src/liblinear/_cython_blas_helpers.h,_cython_blas_helpers.h,sklearn/svm/src/liblinear,C/C++,.h,13,458,False,2,20,4,2,2019-02-21T19:44:05+01:00,2023-03-13T11:26:37+01:00,24
scikit-learn,sklearn/svm/src/liblinear/liblinear_helper.c,liblinear_helper.c,sklearn/svm/src/liblinear,C,.c,202,6380,False,31,977,741,12,2011-09-02T11:00:02+02:00,2024-03-20T19:31:06+01:00,1718
scikit-learn,sklearn/svm/src/liblinear/linear.cpp,linear.cpp,sklearn/svm/src/liblinear,C++,.cpp,2725,63015,False,40,6028,2948,19,2011-09-02T11:00:02+02:00,2026-07-13T19:39:32-07:00,8976
scikit-learn,sklearn/svm/src/liblinear/linear.h,linear.h,sklearn/svm/src/liblinear,C/C++,.h,69,2458,False,12,169,83,8,2011-09-02T11:00:02+02:00,2025-03-22T10:49:53+01:00,252
scikit-learn,sklearn/svm/src/liblinear/tron.cpp,tron.cpp,sklearn/svm/src/liblinear,C++,.cpp,190,4952,False,10,535,312,7,2011-09-02T11:00:02+02:00,2025-08-22T07:24:07+02:00,847
scikit-learn,sklearn/svm/src/liblinear/tron.h,tron.h,sklearn/svm/src/liblinear,C/C++,.h,30,768,False,5,73,36,3,2011-09-02T11:00:02+02:00,2019-02-21T19:44:05+01:00,109
scikit-learn,sklearn/svm/src/libsvm/_svm_cython_blas_helpers.h,_svm_cython_blas_helpers.h,sklearn/svm/src/libsvm,C/C++,.h,7,217,False,2,10,1,2,2020-05-24T09:12:34+08:00,2023-03-13T11:26:37+01:00,11
scikit-learn,sklearn/svm/src/libsvm/libsvm_helper.c,libsvm_helper.c,sklearn/svm/src/libsvm,C,.c,371,11718,False,15,915,490,11,2011-09-02T11:00:02+02:00,2024-12-20T10:22:11+01:00,1405
scikit-learn,sklearn/svm/src/libsvm/libsvm_sparse_helper.c,libsvm_sparse_helper.c,sklearn/svm/src/libsvm,C,.c,405,13247,False,16,963,491,11,2011-09-02T11:00:02+02:00,2024-03-20T19:31:06+01:00,1454
scikit-learn,sklearn/svm/src/libsvm/libsvm_template.cpp,libsvm_template.cpp,sklearn/svm/src/libsvm,C++,.cpp,6,173,False,3,16,8,1,2011-09-02T11:00:02+02:00,2011-09-02T12:03:18+02:00,24
scikit-learn,sklearn/svm/src/libsvm/svm.cpp,svm.cpp,sklearn/svm/src/libsvm,C++,.cpp,2845,69309,False,27,6535,3344,20,2010-11-05T06:06:34Z,2026-05-31T22:38:20+07:00,9879
scikit-learn,sklearn/svm/src/libsvm/svm.h,svm.h,sklearn/svm/src/libsvm,C/C++,.h,136,6262,False,13,380,204,10,2010-11-05T13:08:59Z,2021-12-21T14:48:46-03:00,584
scikit-learn,sklearn/svm/src/newrand/newrand.h,newrand.h,sklearn/svm/src/newrand,C/C++,.h,52,1840,False,3,73,14,2,2020-04-06T17:40:13+02:00,2020-06-28T11:22:04-05:00,87
scikit-learn,sklearn/svm/tests/__init__.py,__init__.py,sklearn/svm/tests,Python,.py,0,0,True,3,0,0,1,2011-09-02T11:00:02+02:00,2011-09-02T12:03:18+02:00,0
scikit-learn,sklearn/svm/tests/test_bounds.py,test_bounds.py,sklearn/svm/tests,Python,.py,110,5103,True,37,369,232,27,2011-09-02T11:00:02+02:00,2026-01-05T01:13:08-08:00,601
scikit-learn,sklearn/svm/tests/test_sparse.py,test_sparse.py,sklearn/svm/tests,Python,.py,426,16238,True,95,1446,942,42,2011-09-02T11:00:02+02:00,2026-02-16T19:38:05+02:00,2388
scikit-learn,sklearn/svm/tests/test_svm.py,test_svm.py,sklearn/svm/tests,Python,.py,1261,52936,True,227,3884,2347,72,2011-09-02T11:00:02+02:00,2026-08-10T14:51:47+01:00,6231
scikit-learn,sklearn/tests/__init__.py,__init__.py,sklearn/tests,Python,.py,0,0,True,3,0,0,1,2011-09-02T11:00:02+02:00,2011-09-02T12:03:18+02:00,0
scikit-learn,sklearn/tests/metadata_routing_common.py,metadata_routing_common.py,sklearn/tests,Python,.py,500,22020,True,26,834,206,6,2023-07-25T18:30:37+02:00,2026-06-10T15:56:50+02:00,1040
scikit-learn,sklearn/tests/test_base.py,test_base.py,sklearn/tests,Python,.py,863,35566,True,117,1788,648,49,2011-09-02T11:00:02+02:00,2026-05-27T03:38:42-05:00,2436
scikit-learn,sklearn/tests/test_build.py,test_build.py,sklearn/tests,Python,.py,91,4339,True,9,117,14,4,2019-11-13T10:03:12+01:00,2026-06-11T13:35:50+02:00,131
scikit-learn,sklearn/tests/test_calibration.py,test_calibration.py,sklearn/tests,Python,.py,1144,52656,True,88,2295,891,43,2015-02-18T12:08:20+01:00,2026-07-22T18:33:08+02:00,3186
scikit-learn,sklearn/tests/test_check_build.py,test_check_build.py,sklearn/tests,Python,.py,10,300,True,9,27,12,8,2012-07-23T20:09:40+02:00,2024-06-17T19:57:02+02:00,39
scikit-learn,sklearn/tests/test_common.py,test_common.py,sklearn/tests,Python,.py,353,13720,True,539,5175,4756,143,2012-06-07T18:19:35+02:00,2026-06-17T08:41:00+02:00,9931
scikit-learn,sklearn/tests/test_config.py,test_config.py,sklearn/tests,Python,.py,135,5911,True,24,301,130,12,2017-06-08T21:42:17+10:00,2026-03-11T02:04:06-04:00,431
scikit-learn,sklearn/tests/test_discriminant_analysis.py,test_discriminant_analysis.py,sklearn/tests,Python,.py,730,30452,True,56,1479,592,38,2015-03-20T08:41:33+05:30,2026-07-29T18:58:38-04:00,2071
scikit-learn,sklearn/tests/test_docstring_parameters.py,test_docstring_parameters.py,sklearn/tests,Python,.py,304,12628,True,150,960,613,58,2017-07-11T11:42:10-05:00,2026-08-10T14:51:47+01:00,1573
scikit-learn,sklearn/tests/test_docstring_parameters_consistency.py,test_docstring_parameters_consistency.py,sklearn/tests,Python,.py,105,4171,True,3,116,3,3,2025-02-18T23:51:35+01:00,2025-04-29T08:37:11+10:00,119
scikit-learn,sklearn/tests/test_docstrings.py,test_docstrings.py,sklearn/tests,Python,.py,175,7476,True,200,517,298,103,2021-12-06T18:24:26+01:00,2026-06-11T16:21:38+02:00,815
scikit-learn,sklearn/tests/test_dummy.py,test_dummy.py,sklearn/tests,Python,.py,536,22085,True,75,1297,582,32,2012-11-19T22:26:47+09:00,2024-07-22T14:20:56+02:00,1879
scikit-learn,sklearn/tests/test_init.py,test_init.py,sklearn/tests,Python,.py,13,500,True,15,106,87,11,2011-09-02T11:00:02+02:00,2026-02-09T02:24:26+01:00,193
scikit-learn,sklearn/tests/test_isotonic.py,test_isotonic.py,sklearn/tests,Python,.py,539,21822,True,68,1095,396,37,2012-11-14T22:01:53+01:00,2025-11-10T15:16:03+01:00,1491
scikit-learn,sklearn/tests/test_kernel_approximation.py,test_kernel_approximation.py,sklearn/tests,Python,.py,435,18427,True,60,789,243,35,2011-12-18T13:48:36+01:00,2026-07-22T18:33:08+02:00,1032
scikit-learn,sklearn/tests/test_kernel_ridge.py,test_kernel_ridge.py,sklearn/tests,Python,.py,62,2888,True,16,145,65,8,2014-11-30T10:21:20+01:00,2023-09-11T21:34:38+03:30,210
scikit-learn,sklearn/tests/test_metadata_routing.py,test_metadata_routing.py,sklearn/tests,Python,.py,1093,46699,True,34,1743,406,9,2023-06-02T22:43:31+02:00,2026-08-10T14:51:47+01:00,2149
scikit-learn,sklearn/tests/test_metaestimators.py,test_metaestimators.py,sklearn/tests,Python,.py,293,11585,True,37,536,196,21,2014-02-11T09:50:11+11:00,2025-08-22T19:01:50+02:00,732
scikit-learn,sklearn/tests/test_metaestimators_metadata_routing.py,test_metaestimators_metadata_routing.py,sklearn/tests,Python,.py,1002,38502,True,46,1539,455,10,2023-06-02T22:43:31+02:00,2026-07-06T19:53:49+02:00,1994
scikit-learn,sklearn/tests/test_min_dependencies_consistency.py,test_min_dependencies_consistency.py,sklearn/tests,Python,.py,187,7869,True,1,238,0,1,2026-07-27T11:33:45+02:00,2026-07-27T11:33:45+02:00,238
scikit-learn,sklearn/tests/test_multiclass.py,test_multiclass.py,sklearn/tests,Python,.py,787,33988,True,135,2048,1064,54,2011-09-02T11:00:02+02:00,2026-06-17T08:41:00+02:00,3112
scikit-learn,sklearn/tests/test_multioutput.py,test_multioutput.py,sklearn/tests,Python,.py,694,30147,True,69,1334,467,40,2016-01-08T19:48:44+05:30,2026-06-17T08:41:00+02:00,1801
scikit-learn,sklearn/tests/test_naive_bayes.py,test_naive_bayes.py,sklearn/tests,Python,.py,858,38211,True,117,2391,1340,55,2011-09-02T11:00:02+02:00,2026-07-22T18:33:08+02:00,3731
scikit-learn,sklearn/tests/test_pipeline.py,test_pipeline.py,sklearn/tests,Python,.py,2226,92663,True,176,4168,1427,87,2011-09-02T11:00:02+02:00,2026-08-19T07:18:16+02:00,5595
scikit-learn,sklearn/tests/test_public_functions.py,test_public_functions.py,sklearn/tests,Python,.py,371,16836,True,225,455,50,83,2022-06-20T16:16:19+02:00,2026-03-07T16:58:50+11:00,505
scikit-learn,sklearn/tests/test_random_projection.py,test_random_projection.py,sklearn/tests,Python,.py,479,19583,True,72,1694,1110,22,2011-10-02T02:08:50+02:00,2023-11-12T13:33:48+01:00,2804
scikit-learn,sklearn/tree/__init__.py,__init__.py,sklearn/tree,Python,.py,21,596,False,22,60,45,10,2011-09-03T20:54:12+02:00,2025-07-29T15:42:22+02:00,105
scikit-learn,sklearn/tree/_classes.py,_classes.py,sklearn/tree,Python,.py,1867,91022,False,111,3671,1391,47,2019-10-16T16:39:00+02:00,2026-09-07T21:26:49-04:00,5062
scikit-learn,sklearn/tree/_export.py,_export.py,sklearn/tree,Python,.py,1054,43135,False,46,1722,488,29,2019-10-16T16:39:00+02:00,2026-06-16T14:25:02+02:00,2210
scikit-learn,sklearn/tree/_reingold_tilford.py,_reingold_tilford.py,sklearn/tree,Python,.py,154,5157,False,8,221,33,7,2018-10-11T15:42:02-04:00,2025-03-18T09:36:12+01:00,254
scikit-learn,sklearn/tree/tests/__init__.py,__init__.py,sklearn/tree/tests,Python,.py,0,0,True,0,0,0,0,,,0
scikit-learn,sklearn/tree/tests/test_export.py,test_export.py,sklearn/tree/tests,Python,.py,664,25480,True,68,1468,695,38,2013-04-14T15:14:44+02:00,2026-06-16T14:25:02+02:00,2163
scikit-learn,sklearn/tree/tests/test_fenwick.py,test_fenwick.py,sklearn/tree/tests,Python,.py,41,1750,True,1,51,0,1,2025-11-12T15:52:20+01:00,2025-11-12T15:52:20+01:00,51
scikit-learn,sklearn/tree/tests/test_monotonic_tree.py,test_monotonic_tree.py,sklearn/tree/tests,Python,.py,469,19374,True,6,588,52,4,2023-07-01T13:46:12+02:00,2026-05-10T13:40:59+02:00,640
scikit-learn,sklearn/tree/tests/test_reingold_tilford.py,test_reingold_tilford.py,sklearn/tree/tests,Python,.py,43,1462,True,6,77,28,6,2018-10-11T15:42:02-04:00,2026-05-04T16:11:19+02:00,105
scikit-learn,sklearn/tree/tests/test_split.py,test_split.py,sklearn/tree/tests,Python,.py,355,14489,True,6,471,58,2,2026-01-27T14:53:56+01:00,2026-09-07T21:26:49-04:00,529
scikit-learn,sklearn/tree/tests/test_swap.py,test_swap.py,sklearn/tree/tests,Python,.py,36,1483,True,1,43,0,1,2026-03-05T13:41:31+01:00,2026-03-05T13:41:31+01:00,43
scikit-learn,sklearn/tree/tests/test_tree.py,test_tree.py,sklearn/tree/tests,Python,.py,3042,130366,True,304,7537,4033,74,2011-09-03T20:54:12+02:00,2026-09-07T21:26:49-04:00,11570
scikit-learn,sklearn/utils/__init__.py,__init__.py,sklearn/utils,Python,.py,79,2395,False,238,3400,3306,87,2011-09-02T11:00:02+02:00,2026-03-11T02:04:06-04:00,6706
scikit-learn,sklearn/utils/_arpack.py,_arpack.py,sklearn/utils,Python,.py,26,1223,False,4,35,2,4,2020-11-27T22:55:35+05:30,2025-12-02T00:25:24-08:00,37
scikit-learn,sklearn/utils/_array_api.py,_array_api.py,sklearn/utils,Python,.py,1065,48233,False,93,2363,1026,28,2022-09-21T06:36:19-07:00,2026-08-31T17:23:54+05:00,3389
scikit-learn,sklearn/utils/_available_if.py,_available_if.py,sklearn/utils,Python,.py,79,2945,False,5,105,9,3,2022-10-06T13:55:30-04:00,2025-03-18T09:36:12+01:00,114
scikit-learn,sklearn/utils/_bunch.py,_bunch.py,sklearn/utils,Python,.py,57,2175,False,4,71,1,3,2021-12-31T10:02:23+01:00,2026-01-05T01:13:08-08:00,72
scikit-learn,sklearn/utils/_chunking.py,_chunking.py,sklearn/utils,Python,.py,152,5457,False,3,180,2,3,2024-02-26T23:18:47+01:00,2025-07-29T15:42:22+02:00,182
scikit-learn,sklearn/utils/_dataframe.py,_dataframe.py,sklearn/utils,Python,.py,81,2431,False,2,123,20,2,2025-12-05T17:59:35+01:00,2026-05-22T14:16:54+02:00,143
scikit-learn,sklearn/utils/_encode.py,_encode.py,sklearn/utils,Python,.py,262,10595,False,25,582,250,17,2020-05-12T14:23:00-04:00,2026-08-10T14:51:47+01:00,832
scikit-learn,sklearn/utils/_indexing.py,_indexing.py,sklearn/utils,Python,.py,576,24036,False,22,931,248,16,2024-03-13T19:12:42+01:00,2026-07-22T15:40:40+05:00,1179
scikit-learn,sklearn/utils/_mask.py,_mask.py,sklearn/utils,Python,.py,143,5004,False,12,204,22,9,2019-09-25T13:34:21-04:00,2026-07-18T11:37:10+02:00,226
scikit-learn,sklearn/utils/_metadata_requests.py,_metadata_requests.py,sklearn/utils,Python,.py,1560,71259,False,46,2414,504,10,2023-06-02T22:43:31+02:00,2026-08-10T14:51:47+01:00,2918
scikit-learn,sklearn/utils/_missing.py,_missing.py,sklearn/utils,Python,.py,52,1501,False,4,73,7,4,2024-02-23T01:32:34+01:00,2026-07-03T06:03:05-04:00,80
scikit-learn,sklearn/utils/_mocking.py,_mocking.py,sklearn/utils,Python,.py,340,13692,False,27,519,100,17,2019-10-02T10:09:29-04:00,2026-08-10T14:51:47+01:00,619
scikit-learn,sklearn/utils/_optional_dependencies.py,_optional_dependencies.py,sklearn/utils,Python,.py,48,1735,False,6,67,5,4,2024-02-21T11:19:02+01:00,2026-05-19T10:34:21+02:00,72
scikit-learn,sklearn/utils/_param_validation.py,_param_validation.py,sklearn/utils,Python,.py,698,28604,False,35,1178,268,14,2022-05-16T13:55:01+02:00,2026-03-11T02:04:06-04:00,1446
scikit-learn,sklearn/utils/_plotting.py,_plotting.py,sklearn/utils,Python,.py,398,17520,False,14,500,33,9,2023-04-03T20:43:58+02:00,2026-02-24T07:20:58+11:00,533
scikit-learn,sklearn/utils/_pprint.py,_pprint.py,sklearn/utils,Python,.py,409,18502,False,18,551,87,10,2018-12-19T23:48:21-05:00,2026-08-10T14:51:47+01:00,638
scikit-learn,sklearn/utils/_repr_html/__init__.py,__init__.py,sklearn/utils/_repr_html,Python,.py,2,79,False,1,2,0,1,2025-05-21T10:33:20+02:00,2025-05-21T10:33:20+02:00,2
scikit-learn,sklearn/utils/_repr_html/base.py,base.py,sklearn/utils/_repr_html,Python,.py,138,6412,False,4,168,4,3,2025-05-21T10:33:20+02:00,2026-04-15T18:52:53+02:00,172
scikit-learn,sklearn/utils/_repr_html/common.py,common.py,sklearn/utils/_repr_html,Python,.py,64,2654,False,2,83,1,1,2026-02-18T15:22:30+01:00,2026-04-23T11:14:43+02:00,84
scikit-learn,sklearn/utils/_repr_html/estimator.js,estimator.js,sklearn/utils/_repr_html,JavaScript,.js,148,6117,False,5,175,6,2,2025-05-21T10:33:20+02:00,2026-04-15T18:52:53+02:00,181
scikit-learn,sklearn/utils/_repr_html/estimator.py,estimator.py,sklearn/utils/_repr_html,Python,.py,504,21097,False,12,635,61,4,2025-05-21T10:33:20+02:00,2026-05-25T21:13:27+02:00,696
scikit-learn,sklearn/utils/_repr_html/features.py,features.py,sklearn/utils/_repr_html,Python,.py,65,2413,False,3,84,8,1,2026-04-15T18:52:53+02:00,2026-07-21T12:51:31+02:00,92
scikit-learn,sklearn/utils/_repr_html/fitted_attributes.py,fitted_attributes.py,sklearn/utils/_repr_html,Python,.py,136,5177,False,2,167,1,1,2026-03-09T16:12:16+01:00,2026-03-23T20:49:46+01:00,168
scikit-learn,sklearn/utils/_repr_html/params.py,params.py,sklearn/utils/_repr_html,Python,.py,104,4521,False,8,198,69,4,2025-05-21T10:33:20+02:00,2026-07-21T12:51:31+02:00,267
scikit-learn,sklearn/utils/_repr_html/tests/__init__.py,__init__.py,sklearn/utils/_repr_html/tests,Python,.py,0,0,True,1,0,0,1,2025-05-21T10:33:20+02:00,2025-05-21T10:33:20+02:00,0
scikit-learn,sklearn/utils/_repr_html/tests/test_attributes.py,test_attributes.py,sklearn/utils/_repr_html/tests,Python,.py,165,5803,True,2,186,1,1,2026-03-09T16:12:16+01:00,2026-03-23T20:49:46+01:00,187
scikit-learn,sklearn/utils/_repr_html/tests/test_estimator.py,test_estimator.py,sklearn/utils/_repr_html/tests,Python,.py,507,22022,True,6,640,10,4,2025-05-21T10:33:20+02:00,2026-06-17T08:41:00+02:00,650
scikit-learn,sklearn/utils/_repr_html/tests/test_features.py,test_features.py,sklearn/utils/_repr_html/tests,Python,.py,215,8346,True,6,279,12,2,2026-04-15T18:52:53+02:00,2026-07-21T12:51:31+02:00,291
scikit-learn,sklearn/utils/_repr_html/tests/test_js.py,test_js.py,sklearn/utils/_repr_html/tests,Python,.py,147,5918,True,4,189,4,3,2025-11-03T14:26:31+01:00,2026-07-21T12:51:31+02:00,193
scikit-learn,sklearn/utils/_repr_html/tests/test_params.py,test_params.py,sklearn/utils/_repr_html/tests,Python,.py,195,7905,True,7,268,20,2,2025-05-21T10:33:20+02:00,2026-07-21T12:51:31+02:00,288
scikit-learn,sklearn/utils/_response.py,_response.py,sklearn/utils,Python,.py,246,11590,False,18,401,92,10,2023-03-24T18:15:08+01:00,2026-07-22T09:42:55+05:00,493
scikit-learn,sklearn/utils/_set_output.py,_set_output.py,sklearn/utils,Python,.py,358,15136,False,30,621,155,14,2022-10-12T18:19:12-04:00,2026-08-13T11:34:14+03:00,776
scikit-learn,sklearn/utils/_show_versions.py,_show_versions.py,sklearn/utils,Python,.py,87,2586,False,23,224,108,15,2018-08-01T01:12:51+02:00,2026-05-28T02:04:02+01:00,332
scikit-learn,sklearn/utils/_sparse.py,_sparse.py,sklearn/utils,Python,.py,31,1233,False,1,39,0,1,2026-03-11T02:04:06-04:00,2026-03-11T02:04:06-04:00,39
scikit-learn,sklearn/utils/_tags.py,_tags.py,sklearn/utils,Python,.py,234,10029,False,22,779,477,11,2020-12-02T11:18:53+01:00,2026-01-20T14:30:21+01:00,1256
scikit-learn,sklearn/utils/_test_common/__init__.py,__init__.py,sklearn/utils/_test_common,Python,.py,2,79,False,1,2,0,1,2024-09-04T12:58:10+02:00,2024-09-04T12:58:10+02:00,2
scikit-learn,sklearn/utils/_test_common/instance_generator.py,instance_generator.py,sklearn/utils/_test_common,Python,.py,1360,55206,False,50,1849,448,19,2024-09-04T12:58:10+02:00,2026-08-19T07:27:18+02:00,2297
scikit-learn,sklearn/utils/_testing.py,_testing.py,sklearn/utils,Python,.py,1340,55297,False,99,2479,919,37,2019-10-28T12:28:56-04:00,2026-08-24T20:38:56+10:00,3398
scikit-learn,sklearn/utils/_unique.py,_unique.py,sklearn/utils,Python,.py,80,2972,False,3,110,2,3,2024-09-05T22:35:07+02:00,2025-07-29T15:42:22+02:00,112
scikit-learn,sklearn/utils/_user_interface.py,_user_interface.py,sklearn/utils,Python,.py,45,1485,False,2,57,0,2,2024-03-28T07:52:11+01:00,2024-07-22T22:05:03+02:00,57
scikit-learn,sklearn/utils/class_weight.py,class_weight.py,sklearn/utils,Python,.py,211,9353,False,54,490,240,32,2013-01-03T13:28:10+01:00,2026-07-22T15:40:40+05:00,730
scikit-learn,sklearn/utils/deprecation.py,deprecation.py,sklearn/utils,Python,.py,94,3489,False,39,320,197,24,2015-10-19T17:31:36+02:00,2026-02-18T09:04:05+01:00,517
scikit-learn,sklearn/utils/discovery.py,discovery.py,sklearn/utils,Python,.py,221,8743,False,10,280,25,6,2022-09-26T23:54:29+02:00,2025-07-29T15:42:22+02:00,305
scikit-learn,sklearn/utils/estimator_checks.py,estimator_checks.py,sklearn/utils,Python,.py,4845,210003,False,490,11255,5509,139,2013-12-19T16:26:38+11:00,2026-08-10T14:51:47+01:00,16764
scikit-learn,sklearn/utils/extmath.py,extmath.py,sklearn/utils,Python,.py,1252,51779,False,244,3516,1977,97,2011-09-02T11:00:02+02:00,2026-09-10T06:05:51+02:00,5493
scikit-learn,sklearn/utils/fixes.py,fixes.py,sklearn/utils,Python,.py,451,19496,False,192,2429,1886,62,2011-09-02T11:00:02+02:00,2026-06-12T15:29:29+02:00,4315
scikit-learn,sklearn/utils/graph.py,graph.py,sklearn/utils,Python,.py,137,5714,False,44,620,458,27,2011-09-02T11:00:02+02:00,2026-03-11T02:04:06-04:00,1078
scikit-learn,sklearn/utils/metadata_routing.py,metadata_routing.py,sklearn/utils,Python,.py,22,611,False,10,46,23,4,2023-06-02T22:43:31+02:00,2026-06-09T19:16:46+02:00,69
scikit-learn,sklearn/utils/metaestimators.py,metaestimators.py,sklearn/utils,Python,.py,144,6582,False,55,573,396,28,2014-02-11T09:50:11+11:00,2026-01-15T16:57:03+01:00,969
scikit-learn,sklearn/utils/multiclass.py,multiclass.py,sklearn/utils,Python,.py,501,21357,False,127,1312,712,49,2013-01-21T15:19:39+01:00,2026-05-22T14:16:54+02:00,2024
scikit-learn,sklearn/utils/optimize.py,optimize.py,sklearn/utils,Python,.py,435,15666,False,42,824,316,22,2013-07-26T11:24:16+02:00,2026-07-03T08:44:15+02:00,1140
scikit-learn,sklearn/utils/parallel.py,parallel.py,sklearn/utils,Python,.py,171,8102,False,11,243,29,7,2023-01-20T18:44:35+01:00,2025-09-02T10:36:34+02:00,272
scikit-learn,sklearn/utils/random.py,random.py,sklearn/utils,Python,.py,82,3798,False,44,398,295,20,2013-12-08T02:41:18+01:00,2026-03-11T02:04:06-04:00,693
scikit-learn,sklearn/utils/sparsefuncs.py,sparsefuncs.py,sklearn/utils,Python,.py,666,24891,False,81,1593,785,38,2013-12-05T17:38:51+11:00,2026-03-11T02:04:06-04:00,2378
scikit-learn,sklearn/utils/src/MurmurHash3.cpp,MurmurHash3.cpp,sklearn/utils/src,C++,.cpp,246,7968,False,4,350,5,4,2012-01-16T01:40:47+01:00,2025-03-22T10:49:53+01:00,355
scikit-learn,sklearn/utils/src/MurmurHash3.h,MurmurHash3.h,sklearn/utils/src,C/C++,.h,28,1155,False,2,45,0,2,2012-01-16T01:40:47+01:00,2012-01-16T08:11:50+01:00,45
scikit-learn,sklearn/utils/stats.py,stats.py,sklearn/utils,Python,.py,204,10880,False,32,528,283,18,2014-04-29T14:36:49+02:00,2026-06-24T21:28:42+02:00,811
scikit-learn,sklearn/utils/tests/__init__.py,__init__.py,sklearn/utils/tests,Python,.py,0,0,True,3,0,0,1,2011-09-02T11:00:02+02:00,2011-09-02T12:03:18+02:00,0
scikit-learn,sklearn/utils/tests/test_arpack.py,test_arpack.py,sklearn/utils/tests,Python,.py,12,489,True,3,18,2,3,2020-11-27T22:55:35+05:30,2026-01-05T01:13:08-08:00,20
scikit-learn,sklearn/utils/tests/test_array_api.py,test_array_api.py,sklearn/utils/tests,Python,.py,802,35663,True,63,1705,710,22,2022-09-21T06:36:19-07:00,2026-08-31T17:23:54+05:00,2415
scikit-learn,sklearn/utils/tests/test_arrayfuncs.py,test_arrayfuncs.py,sklearn/utils/tests,Python,.py,29,1361,True,7,47,7,6,2021-02-03T22:52:18+01:00,2026-06-03T08:27:30-05:00,54
scikit-learn,sklearn/utils/tests/test_bitset.py,test_bitset.py,sklearn/utils/tests,Python,.py,55,2008,True,1,63,0,1,2026-05-09T16:05:18+02:00,2026-05-09T16:05:18+02:00,63
scikit-learn,sklearn/utils/tests/test_bunch.py,test_bunch.py,sklearn/utils/tests,Python,.py,24,813,True,2,36,4,1,2023-02-28T17:44:05-05:00,2023-03-01T21:05:47-05:00,40
scikit-learn,sklearn/utils/tests/test_chunking.py,test_chunking.py,sklearn/utils/tests,Python,.py,61,2371,True,1,73,0,1,2024-02-26T23:18:47+01:00,2024-02-26T23:18:47+01:00,73
scikit-learn,sklearn/utils/tests/test_class_weight.py,test_class_weight.py,sklearn/utils/tests,Python,.py,273,12957,True,46,707,373,27,2013-03-06T21:35:54+01:00,2025-02-11T21:20:00+03:00,1080
scikit-learn,sklearn/utils/tests/test_cython_blas.py,test_cython_blas.py,sklearn/utils/tests,Python,.py,186,6709,True,9,321,71,6,2019-02-01T17:39:04+01:00,2025-05-05T14:01:39+02:00,392
scikit-learn,sklearn/utils/tests/test_dataframe.py,test_dataframe.py,sklearn/utils/tests,Python,.py,44,1740,True,3,89,30,2,2025-12-05T17:59:35+01:00,2026-05-22T14:16:54+02:00,119
scikit-learn,sklearn/utils/tests/test_deprecation.py,test_deprecation.py,sklearn/utils/tests,Python,.py,68,2262,True,19,152,54,11,2017-07-11T11:42:10-05:00,2026-08-10T14:51:47+01:00,206
scikit-learn,sklearn/utils/tests/test_encode.py,test_encode.py,sklearn/utils/tests,Python,.py,189,8257,True,7,438,201,5,2020-05-12T14:23:00-04:00,2026-08-05T17:41:58+02:00,639
scikit-learn,sklearn/utils/tests/test_estimator_checks.py,test_estimator_checks.py,sklearn/utils/tests,Python,.py,1472,63256,True,138,2536,727,60,2015-04-07T18:48:04-04:00,2026-04-25T11:03:15+10:00,3263
scikit-learn,sklearn/utils/tests/test_extmath.py,test_extmath.py,sklearn/utils/tests,Python,.py,963,41119,True,133,2138,969,61,2012-10-19T16:31:01+09:00,2026-07-22T18:33:08+02:00,3107
scikit-learn,sklearn/utils/tests/test_fast_dict.py,test_fast_dict.py,sklearn/utils/tests,Python,.py,35,1355,True,17,109,37,8,2013-07-25T08:52:18+02:00,2024-04-10T17:06:55+02:00,146
scikit-learn,sklearn/utils/tests/test_fixes.py,test_fixes.py,sklearn/utils/tests,Python,.py,181,6501,True,48,552,350,25,2011-09-02T11:00:02+02:00,2026-03-11T02:04:06-04:00,902
scikit-learn,sklearn/utils/tests/test_graph.py,test_graph.py,sklearn/utils/tests,Python,.py,60,3047,True,13,151,71,8,2011-09-02T11:00:02+02:00,2023-06-21T17:50:07+02:00,222
scikit-learn,sklearn/utils/tests/test_indexing.py,test_indexing.py,sklearn/utils/tests,Python,.py,587,25574,True,20,831,120,12,2024-03-13T19:12:42+01:00,2026-07-22T18:33:08+02:00,951
scikit-learn,sklearn/utils/tests/test_mask.py,test_mask.py,sklearn/utils/tests,Python,.py,14,537,True,1,19,0,1,2024-04-30T17:27:24+02:00,2024-04-30T17:27:24+02:00,19
scikit-learn,sklearn/utils/tests/test_metaestimators.py,test_metaestimators.py,sklearn/utils/tests,Python,.py,47,2107,True,18,224,161,13,2014-12-19T14:44:07-05:00,2023-06-21T17:50:07+02:00,385
scikit-learn,sklearn/utils/tests/test_missing.py,test_missing.py,sklearn/utils/tests,Python,.py,24,709,True,1,27,0,1,2024-04-30T17:27:24+02:00,2024-04-30T17:27:24+02:00,27
scikit-learn,sklearn/utils/tests/test_mocking.py,test_mocking.py,sklearn/utils/tests,Python,.py,163,5895,True,11,265,60,7,2020-05-18T17:36:27+02:00,2026-05-09T17:18:14+02:00,325
scikit-learn,sklearn/utils/tests/test_multiclass.py,test_multiclass.py,sklearn/utils/tests,Python,.py,581,23777,True,81,1396,710,37,2013-01-21T15:19:39+01:00,2026-07-22T18:33:08+02:00,2106
scikit-learn,sklearn/utils/tests/test_murmurhash.py,test_murmurhash.py,sklearn/utils/tests,Python,.py,50,2516,True,20,211,138,12,2012-01-16T01:40:47+01:00,2025-09-15T10:31:28+02:00,349
scikit-learn,sklearn/utils/tests/test_optimize.py,test_optimize.py,sklearn/utils/tests,Python,.py,203,8351,True,12,294,55,8,2015-03-13T15:44:08+05:30,2026-07-03T08:44:15+02:00,349
scikit-learn,sklearn/utils/tests/test_parallel.py,test_parallel.py,sklearn/utils/tests,Python,.py,157,7589,True,9,224,27,4,2020-09-21T10:59:42-04:00,2025-09-02T17:51:36+02:00,251
scikit-learn,sklearn/utils/tests/test_param_validation.py,test_param_validation.py,sklearn/utils/tests,Python,.py,647,24474,True,33,985,198,11,2022-05-16T13:55:01+02:00,2026-03-11T02:04:06-04:00,1183
scikit-learn,sklearn/utils/tests/test_plotting.py,test_plotting.py,sklearn/utils/tests,Python,.py,484,20323,True,10,584,42,6,2023-06-14T19:08:43+02:00,2026-05-04T16:11:19+02:00,626
scikit-learn,sklearn/utils/tests/test_pprint.py,test_pprint.py,sklearn/utils/tests,Python,.py,606,27769,True,26,875,176,16,2018-12-19T23:48:21-05:00,2026-06-12T16:14:14+02:00,1051
scikit-learn,sklearn/utils/tests/test_random.py,test_random.py,sklearn/utils/tests,Python,.py,148,7149,True,30,363,171,18,2012-12-20T10:31:05+01:00,2025-03-18T10:29:24-04:00,534
scikit-learn,sklearn/utils/tests/test_response.py,test_response.py,sklearn/utils/tests,Python,.py,394,16662,True,15,582,134,7,2023-03-24T18:15:08+01:00,2026-02-06T15:50:17+01:00,716
scikit-learn,sklearn/utils/tests/test_seq_dataset.py,test_seq_dataset.py,sklearn/utils/tests,Python,.py,147,6051,True,15,374,189,11,2015-05-19T10:24:22+02:00,2025-08-22T19:01:50+02:00,563
scikit-learn,sklearn/utils/tests/test_set_output.py,test_set_output.py,sklearn/utils/tests,Python,.py,344,16107,True,18,547,76,9,2022-10-12T18:19:12-04:00,2026-06-12T14:15:13+02:00,623
scikit-learn,sklearn/utils/tests/test_shortest_path.py,test_shortest_path.py,sklearn/utils/tests,Python,.py,44,1846,True,17,215,150,12,2011-09-02T11:00:02+02:00,2023-06-21T17:50:07+02:00,365
scikit-learn,sklearn/utils/tests/test_show_versions.py,test_show_versions.py,sklearn/utils/tests,Python,.py,30,1036,True,11,67,26,10,2018-08-01T10:35:08+02:00,2026-05-28T02:04:02+01:00,93
scikit-learn,sklearn/utils/tests/test_sorting.py,test_sorting.py,sklearn/utils/tests,Python,.py,53,2226,True,3,89,28,1,2026-05-11T14:22:29+02:00,2026-05-12T13:15:53+02:00,117
scikit-learn,sklearn/utils/tests/test_sparse.py,test_sparse.py,sklearn/utils/tests,Python,.py,67,2930,True,1,78,0,1,2026-03-11T02:04:06-04:00,2026-03-11T02:04:06-04:00,78
scikit-learn,sklearn/utils/tests/test_sparsefuncs.py,test_sparsefuncs.py,sklearn/utils/tests,Python,.py,940,37643,True,71,1808,728,34,2011-12-19T15:57:07+01:00,2026-08-04T16:23:44+02:00,2536
scikit-learn,sklearn/utils/tests/test_stats.py,test_stats.py,sklearn/utils/tests,Python,.py,443,19561,True,25,774,253,18,2014-04-29T14:36:49+02:00,2026-07-22T18:33:08+02:00,1027
scikit-learn,sklearn/utils/tests/test_tags.py,test_tags.py,sklearn/utils/tests,Python,.py,122,4801,True,15,797,639,9,2020-12-02T11:18:53+01:00,2026-08-10T14:51:47+01:00,1436
scikit-learn,sklearn/utils/tests/test_testing.py,test_testing.py,sklearn/utils/tests,Python,.py,946,33390,True,78,1934,788,36,2012-05-06T17:10:55+02:00,2026-05-09T17:18:14+02:00,2722
scikit-learn,sklearn/utils/tests/test_typedefs.py,test_typedefs.py,sklearn/utils/tests,Python,.py,22,735,True,3,32,7,3,2023-03-29T17:48:56+02:00,2024-03-20T19:31:06+01:00,39
scikit-learn,sklearn/utils/tests/test_unique.py,test_unique.py,sklearn/utils/tests,Python,.py,40,1820,True,1,54,0,1,2024-09-05T22:35:07+02:00,2024-09-05T22:35:07+02:00,54
scikit-learn,sklearn/utils/tests/test_user_interface.py,test_user_interface.py,sklearn/utils/tests,Python,.py,56,1772,True,1,65,0,1,2024-03-28T07:52:11+01:00,2024-03-28T07:52:11+01:00,65
scikit-learn,sklearn/utils/tests/test_validation.py,test_validation.py,sklearn/utils/tests,Python,.py,2156,88056,True,228,4308,1739,83,2011-12-20T19:43:16+01:00,2026-07-31T15:39:56+02:00,6047
scikit-learn,sklearn/utils/tests/test_weight_vector.py,test_weight_vector.py,sklearn/utils/tests,Python,.py,20,665,True,2,25,0,2,2021-08-09T21:43:56+02:00,2023-06-21T17:50:07+02:00,25
scikit-learn,sklearn/utils/validation.py,validation.py,sklearn/utils,Python,.py,2555,112248,False,370,5613,2544,117,2011-12-19T11:15:21-08:00,2026-07-31T15:39:56+02:00,8157
