repository,file_path,file_name,directory,language,extension,loc,size_bytes,is_test_file
fastapi,docs/en/docs/js/custom.js,custom.js,docs/en/docs/js,JavaScript,.js,237,9284,False
fastapi,docs/en/docs/js/init_kapa_widget.js,init_kapa_widget.js,docs/en/docs/js,JavaScript,.js,29,2333,False
fastapi,docs/en/docs/js/termynal.js,termynal.js,docs/en/docs/js,JavaScript,.js,237,9500,False
fastapi,docs_src/additional_responses/__init__.py,__init__.py,docs_src/additional_responses,Python,.py,0,0,False
fastapi,docs_src/additional_responses/tutorial001_py310.py,tutorial001_py310.py,docs_src/additional_responses,Python,.py,14,506,False
fastapi,docs_src/additional_responses/tutorial002_py310.py,tutorial002_py310.py,docs_src/additional_responses,Python,.py,22,596,False
fastapi,docs_src/additional_responses/tutorial003_py310.py,tutorial003_py310.py,docs_src/additional_responses,Python,.py,29,837,False
fastapi,docs_src/additional_responses/tutorial004_py310.py,tutorial004_py310.py,docs_src/additional_responses,Python,.py,22,669,False
fastapi,docs_src/additional_status_codes/__init__.py,__init__.py,docs_src/additional_status_codes,Python,.py,0,0,False
fastapi,docs_src/additional_status_codes/tutorial001_an_py310.py,tutorial001_an_py310.py,docs_src/additional_status_codes,Python,.py,20,686,False
fastapi,docs_src/additional_status_codes/tutorial001_py310.py,tutorial001_py310.py,docs_src/additional_status_codes,Python,.py,19,646,False
fastapi,docs_src/advanced_middleware/__init__.py,__init__.py,docs_src/advanced_middleware,Python,.py,0,0,False
fastapi,docs_src/advanced_middleware/tutorial001_py310.py,tutorial001_py310.py,docs_src/advanced_middleware,Python,.py,7,231,False
fastapi,docs_src/advanced_middleware/tutorial002_py310.py,tutorial002_py310.py,docs_src/advanced_middleware,Python,.py,9,279,False
fastapi,docs_src/advanced_middleware/tutorial003_py310.py,tutorial003_py310.py,docs_src/advanced_middleware,Python,.py,7,230,False
fastapi,docs_src/app_testing/__init__.py,__init__.py,docs_src/app_testing,Python,.py,0,0,False
fastapi,docs_src/app_testing/app_a_py310/__init__.py,__init__.py,docs_src/app_testing/app_a_py310,Python,.py,0,0,False
fastapi,docs_src/app_testing/app_a_py310/main.py,main.py,docs_src/app_testing/app_a_py310,Python,.py,5,118,False
fastapi,docs_src/app_testing/app_a_py310/test_main.py,test_main.py,docs_src/app_testing/app_a_py310,Python,.py,7,238,True
fastapi,docs_src/app_testing/app_b_an_py310/__init__.py,__init__.py,docs_src/app_testing/app_b_an_py310,Python,.py,0,0,False
fastapi,docs_src/app_testing/app_b_an_py310/main.py,main.py,docs_src/app_testing/app_b_an_py310,Python,.py,28,1163,False
fastapi,docs_src/app_testing/app_b_an_py310/test_main.py,test_main.py,docs_src/app_testing/app_b_an_py310,Python,.py,51,1866,True
fastapi,docs_src/app_testing/app_b_py310/__init__.py,__init__.py,docs_src/app_testing/app_b_py310,Python,.py,0,0,False
fastapi,docs_src/app_testing/app_b_py310/main.py,main.py,docs_src/app_testing/app_b_py310,Python,.py,27,1113,False
fastapi,docs_src/app_testing/app_b_py310/test_main.py,test_main.py,docs_src/app_testing/app_b_py310,Python,.py,51,1866,True
fastapi,docs_src/app_testing/tutorial001_py310.py,tutorial001_py310.py,docs_src/app_testing,Python,.py,11,334,False
fastapi,docs_src/app_testing/tutorial002_py310.py,tutorial002_py310.py,docs_src/app_testing,Python,.py,22,757,False
fastapi,docs_src/app_testing/tutorial003_py310.py,tutorial003_py310.py,docs_src/app_testing,Python,.py,16,528,False
fastapi,docs_src/app_testing/tutorial004_py310.py,tutorial004_py310.py,docs_src/app_testing,Python,.py,29,1187,False
fastapi,docs_src/async_tests/__init__.py,__init__.py,docs_src/async_tests,Python,.py,0,0,False
fastapi,docs_src/async_tests/app_a_py310/__init__.py,__init__.py,docs_src/async_tests/app_a_py310,Python,.py,0,0,False
fastapi,docs_src/async_tests/app_a_py310/main.py,main.py,docs_src/async_tests/app_a_py310,Python,.py,5,112,False
fastapi,docs_src/async_tests/app_a_py310/test_main.py,test_main.py,docs_src/async_tests/app_a_py310,Python,.py,11,360,True
fastapi,docs_src/authentication_error_status_code/__init__.py,__init__.py,docs_src/authentication_error_status_code,Python,.py,0,0,False
fastapi,docs_src/authentication_error_status_code/tutorial001_an_py310.py,tutorial001_an_py310.py,docs_src/authentication_error_status_code,Python,.py,13,618,False
fastapi,docs_src/background_tasks/__init__.py,__init__.py,docs_src/background_tasks,Python,.py,0,0,False
fastapi,docs_src/background_tasks/tutorial001_py310.py,tutorial001_py310.py,docs_src/background_tasks,Python,.py,10,519,False
fastapi,docs_src/background_tasks/tutorial002_an_py310.py,tutorial002_an_py310.py,docs_src/background_tasks,Python,.py,18,683,False
fastapi,docs_src/background_tasks/tutorial002_py310.py,tutorial002_py310.py,docs_src/background_tasks,Python,.py,17,643,False
fastapi,docs_src/behind_a_proxy/__init__.py,__init__.py,docs_src/behind_a_proxy,Python,.py,0,0,False
fastapi,docs_src/behind_a_proxy/tutorial001_01_py310.py,tutorial001_01_py310.py,docs_src/behind_a_proxy,Python,.py,5,122,False
fastapi,docs_src/behind_a_proxy/tutorial001_py310.py,tutorial001_py310.py,docs_src/behind_a_proxy,Python,.py,5,189,False
fastapi,docs_src/behind_a_proxy/tutorial002_py310.py,tutorial002_py310.py,docs_src/behind_a_proxy,Python,.py,5,208,False
fastapi,docs_src/behind_a_proxy/tutorial003_py310.py,tutorial003_py310.py,docs_src/behind_a_proxy,Python,.py,11,405,False
fastapi,docs_src/behind_a_proxy/tutorial004_py310.py,tutorial004_py310.py,docs_src/behind_a_proxy,Python,.py,12,437,False
fastapi,docs_src/bigger_applications/__init__.py,__init__.py,docs_src/bigger_applications,Python,.py,0,0,False
fastapi,docs_src/bigger_applications/app_an_py310/__init__.py,__init__.py,docs_src/bigger_applications/app_an_py310,Python,.py,0,0,False
fastapi,docs_src/bigger_applications/app_an_py310/dependencies.py,dependencies.py,docs_src/bigger_applications/app_an_py310,Python,.py,8,409,False
fastapi,docs_src/bigger_applications/app_an_py310/internal/__init__.py,__init__.py,docs_src/bigger_applications/app_an_py310/internal,Python,.py,0,0,False
fastapi,docs_src/bigger_applications/app_an_py310/internal/admin.py,admin.py,docs_src/bigger_applications/app_an_py310/internal,Python,.py,5,147,False
fastapi,docs_src/bigger_applications/app_an_py310/main.py,main.py,docs_src/bigger_applications/app_an_py310,Python,.py,17,552,False
fastapi,docs_src/bigger_applications/app_an_py310/routers/__init__.py,__init__.py,docs_src/bigger_applications/app_an_py310/routers,Python,.py,0,0,False
fastapi,docs_src/bigger_applications/app_an_py310/routers/items.py,items.py,docs_src/bigger_applications/app_an_py310/routers,Python,.py,28,1011,False
fastapi,docs_src/bigger_applications/app_an_py310/routers/users.py,users.py,docs_src/bigger_applications/app_an_py310/routers,Python,.py,11,407,False
fastapi,docs_src/body/__init__.py,__init__.py,docs_src/body,Python,.py,0,0,False
fastapi,docs_src/body/tutorial001_py310.py,tutorial001_py310.py,docs_src/body,Python,.py,11,271,False
fastapi,docs_src/body/tutorial002_py310.py,tutorial002_py310.py,docs_src/body,Python,.py,15,447,False
fastapi,docs_src/body/tutorial003_py310.py,tutorial003_py310.py,docs_src/body,Python,.py,11,330,False
fastapi,docs_src/body/tutorial004_py310.py,tutorial004_py310.py,docs_src/body,Python,.py,14,414,False
fastapi,docs_src/body_fields/__init__.py,__init__.py,docs_src/body_fields,Python,.py,0,0,False
fastapi,docs_src/body_fields/tutorial001_an_py310.py,tutorial001_an_py310.py,docs_src/body_fields,Python,.py,15,563,False
fastapi,docs_src/body_fields/tutorial001_py310.py,tutorial001_py310.py,docs_src/body_fields,Python,.py,14,523,False
fastapi,docs_src/body_multiple_params/__init__.py,__init__.py,docs_src/body_multiple_params,Python,.py,0,0,False
fastapi,docs_src/body_multiple_params/tutorial001_an_py310.py,tutorial001_an_py310.py,docs_src/body_multiple_params,Python,.py,21,579,False
fastapi,docs_src/body_multiple_params/tutorial001_py310.py,tutorial001_py310.py,docs_src/body_multiple_params,Python,.py,21,546,False
fastapi,docs_src/body_multiple_params/tutorial002_py310.py,tutorial002_py310.py,docs_src/body_multiple_params,Python,.py,15,446,False
fastapi,docs_src/body_multiple_params/tutorial003_an_py310.py,tutorial003_an_py310.py,docs_src/body_multiple_params,Python,.py,18,550,False
fastapi,docs_src/body_multiple_params/tutorial003_py310.py,tutorial003_py310.py,docs_src/body_multiple_params,Python,.py,15,504,False
fastapi,docs_src/body_multiple_params/tutorial004_an_py310.py,tutorial004_an_py310.py,docs_src/body_multiple_params,Python,.py,25,643,False
fastapi,docs_src/body_multiple_params/tutorial004_py310.py,tutorial004_py310.py,docs_src/body_multiple_params,Python,.py,24,603,False
fastapi,docs_src/body_multiple_params/tutorial005_an_py310.py,tutorial005_an_py310.py,docs_src/body_multiple_params,Python,.py,13,409,False
fastapi,docs_src/body_multiple_params/tutorial005_py310.py,tutorial005_py310.py,docs_src/body_multiple_params,Python,.py,12,369,False
fastapi,docs_src/body_nested_models/__init__.py,__init__.py,docs_src/body_nested_models,Python,.py,0,0,False
fastapi,docs_src/body_nested_models/tutorial001_py310.py,tutorial001_py310.py,docs_src/body_nested_models,Python,.py,13,364,False
fastapi,docs_src/body_nested_models/tutorial002_py310.py,tutorial002_py310.py,docs_src/body_nested_models,Python,.py,13,369,False
fastapi,docs_src/body_nested_models/tutorial003_py310.py,tutorial003_py310.py,docs_src/body_nested_models,Python,.py,13,371,False
fastapi,docs_src/body_nested_models/tutorial004_py310.py,tutorial004_py310.py,docs_src/body_nested_models,Python,.py,17,455,False
fastapi,docs_src/body_nested_models/tutorial005_py310.py,tutorial005_py310.py,docs_src/body_nested_models,Python,.py,17,468,False
fastapi,docs_src/body_nested_models/tutorial006_py310.py,tutorial006_py310.py,docs_src/body_nested_models,Python,.py,17,475,False
fastapi,docs_src/body_nested_models/tutorial007_py310.py,tutorial007_py310.py,docs_src/body_nested_models,Python,.py,21,520,False
fastapi,docs_src/body_nested_models/tutorial008_py310.py,tutorial008_py310.py,docs_src/body_nested_models,Python,.py,9,248,False
fastapi,docs_src/body_nested_models/tutorial009_py310.py,tutorial009_py310.py,docs_src/body_nested_models,Python,.py,5,154,False
fastapi,docs_src/body_updates/__init__.py,__init__.py,docs_src/body_updates,Python,.py,0,0,False
fastapi,docs_src/body_updates/tutorial001_py310.py,tutorial001_py310.py,docs_src/body_updates,Python,.py,23,856,False
fastapi,docs_src/body_updates/tutorial002_py310.py,tutorial002_py310.py,docs_src/body_updates,Python,.py,26,1009,False
fastapi,docs_src/conditional_openapi/__init__.py,__init__.py,docs_src/conditional_openapi,Python,.py,0,0,False
fastapi,docs_src/conditional_openapi/tutorial001_py310.py,tutorial001_py310.py,docs_src/conditional_openapi,Python,.py,9,281,False
fastapi,docs_src/configure_swagger_ui/__init__.py,__init__.py,docs_src/configure_swagger_ui,Python,.py,0,0,False
fastapi,docs_src/configure_swagger_ui/tutorial001_py310.py,tutorial001_py310.py,docs_src/configure_swagger_ui,Python,.py,5,205,False
fastapi,docs_src/configure_swagger_ui/tutorial002_py310.py,tutorial002_py310.py,docs_src/configure_swagger_ui,Python,.py,5,221,False
fastapi,docs_src/configure_swagger_ui/tutorial003_py310.py,tutorial003_py310.py,docs_src/configure_swagger_ui,Python,.py,5,201,False
fastapi,docs_src/cookie_param_models/__init__.py,__init__.py,docs_src/cookie_param_models,Python,.py,0,0,False
fastapi,docs_src/cookie_param_models/tutorial001_an_py310.py,tutorial001_an_py310.py,docs_src/cookie_param_models,Python,.py,11,343,False
fastapi,docs_src/cookie_param_models/tutorial001_py310.py,tutorial001_py310.py,docs_src/cookie_param_models,Python,.py,10,303,False
fastapi,docs_src/cookie_param_models/tutorial002_an_py310.py,tutorial002_an_py310.py,docs_src/cookie_param_models,Python,.py,12,383,False
fastapi,docs_src/cookie_param_models/tutorial002_py310.py,tutorial002_py310.py,docs_src/cookie_param_models,Python,.py,11,343,False
fastapi,docs_src/cookie_params/__init__.py,__init__.py,docs_src/cookie_params,Python,.py,0,0,False
fastapi,docs_src/cookie_params/tutorial001_an_py310.py,tutorial001_an_py310.py,docs_src/cookie_params,Python,.py,6,205,False
fastapi,docs_src/cookie_params/tutorial001_py310.py,tutorial001_py310.py,docs_src/cookie_params,Python,.py,5,170,False
fastapi,docs_src/cors/__init__.py,__init__.py,docs_src/cors,Python,.py,0,0,False
fastapi,docs_src/cors/tutorial001_py310.py,tutorial001_py310.py,docs_src/cors,Python,.py,19,459,False
fastapi,docs_src/custom_docs_ui/__init__.py,__init__.py,docs_src/custom_docs_ui,Python,.py,0,0,False
fastapi,docs_src/custom_docs_ui/tutorial001_py310.py,tutorial001_py310.py,docs_src/custom_docs_ui,Python,.py,29,1143,False
fastapi,docs_src/custom_docs_ui/tutorial002_py310.py,tutorial002_py310.py,docs_src/custom_docs_ui,Python,.py,31,1175,False
fastapi,docs_src/custom_request_and_route/__init__.py,__init__.py,docs_src/custom_request_and_route,Python,.py,0,0,False
fastapi,docs_src/custom_request_and_route/tutorial001_an_py310.py,tutorial001_an_py310.py,docs_src/custom_request_and_route,Python,.py,25,1015,False
fastapi,docs_src/custom_request_and_route/tutorial001_py310.py,tutorial001_py310.py,docs_src/custom_request_and_route,Python,.py,24,976,False
fastapi,docs_src/custom_request_and_route/tutorial002_an_py310.py,tutorial002_an_py310.py,docs_src/custom_request_and_route,Python,.py,21,974,False
fastapi,docs_src/custom_request_and_route/tutorial002_py310.py,tutorial002_py310.py,docs_src/custom_request_and_route,Python,.py,20,935,False
fastapi,docs_src/custom_request_and_route/tutorial003_py310.py,tutorial003_py310.py,docs_src/custom_request_and_route,Python,.py,26,1051,False
fastapi,docs_src/custom_response/__init__.py,__init__.py,docs_src/custom_response,Python,.py,0,0,False
fastapi,docs_src/custom_response/tutorial001_py310.py,tutorial001_py310.py,docs_src/custom_response,Python,.py,6,197,False
fastapi,docs_src/custom_response/tutorial001b_py310.py,tutorial001b_py310.py,docs_src/custom_response,Python,.py,6,215,False
fastapi,docs_src/custom_response/tutorial002_py310.py,tutorial002_py310.py,docs_src/custom_response,Python,.py,15,352,False
fastapi,docs_src/custom_response/tutorial003_py310.py,tutorial003_py310.py,docs_src/custom_response,Python,.py,16,394,False
fastapi,docs_src/custom_response/tutorial004_py310.py,tutorial004_py310.py,docs_src/custom_response,Python,.py,18,491,False
fastapi,docs_src/custom_response/tutorial005_py310.py,tutorial005_py310.py,docs_src/custom_response,Python,.py,6,186,False
fastapi,docs_src/custom_response/tutorial006_py310.py,tutorial006_py310.py,docs_src/custom_response,Python,.py,6,199,False
fastapi,docs_src/custom_response/tutorial006b_py310.py,tutorial006b_py310.py,docs_src/custom_response,Python,.py,6,220,False
fastapi,docs_src/custom_response/tutorial006c_py310.py,tutorial006c_py310.py,docs_src/custom_response,Python,.py,6,237,False
fastapi,docs_src/custom_response/tutorial007_py310.py,tutorial007_py310.py,docs_src/custom_response,Python,.py,11,319,False
fastapi,docs_src/custom_response/tutorial008_py310.py,tutorial008_py310.py,docs_src/custom_response,Python,.py,10,360,False
fastapi,docs_src/custom_response/tutorial009_py310.py,tutorial009_py310.py,docs_src/custom_response,Python,.py,7,202,False
fastapi,docs_src/custom_response/tutorial009b_py310.py,tutorial009b_py310.py,docs_src/custom_response,Python,.py,7,217,False
fastapi,docs_src/custom_response/tutorial009c_py310.py,tutorial009c_py310.py,docs_src/custom_response,Python,.py,12,451,False
fastapi,docs_src/custom_response/tutorial010_py310.py,tutorial010_py310.py,docs_src/custom_response,Python,.py,6,228,False
fastapi,docs_src/dataclasses_/__init__.py,__init__.py,docs_src/dataclasses_,Python,.py,0,0,False
fastapi,docs_src/dataclasses_/tutorial001_py310.py,tutorial001_py310.py,docs_src/dataclasses_,Python,.py,12,275,False
fastapi,docs_src/dataclasses_/tutorial002_py310.py,tutorial002_py310.py,docs_src/dataclasses_,Python,.py,18,506,False
fastapi,docs_src/dataclasses_/tutorial003_py310.py,tutorial003_py310.py,docs_src/dataclasses_,Python,.py,43,1363,False
fastapi,docs_src/debugging/__init__.py,__init__.py,docs_src/debugging,Python,.py,0,0,False
fastapi,docs_src/debugging/tutorial001_py310.py,tutorial001_py310.py,docs_src/debugging,Python,.py,10,223,False
fastapi,docs_src/dependencies/__init__.py,__init__.py,docs_src/dependencies,Python,.py,0,0,False
fastapi,docs_src/dependencies/tutorial001_02_an_py310.py,tutorial001_02_an_py310.py,docs_src/dependencies,Python,.py,12,447,False
fastapi,docs_src/dependencies/tutorial001_an_py310.py,tutorial001_an_py310.py,docs_src/dependencies,Python,.py,11,454,False
fastapi,docs_src/dependencies/tutorial001_py310.py,tutorial001_py310.py,docs_src/dependencies,Python,.py,10,404,False
fastapi,docs_src/dependencies/tutorial002_an_py310.py,tutorial002_an_py310.py,docs_src/dependencies,Python,.py,17,664,False
fastapi,docs_src/dependencies/tutorial002_py310.py,tutorial002_py310.py,docs_src/dependencies,Python,.py,16,624,False
fastapi,docs_src/dependencies/tutorial003_an_py310.py,tutorial003_an_py310.py,docs_src/dependencies,Python,.py,17,655,False
fastapi,docs_src/dependencies/tutorial003_py310.py,tutorial003_py310.py,docs_src/dependencies,Python,.py,16,603,False
fastapi,docs_src/dependencies/tutorial004_an_py310.py,tutorial004_an_py310.py,docs_src/dependencies,Python,.py,17,647,False
fastapi,docs_src/dependencies/tutorial004_py310.py,tutorial004_py310.py,docs_src/dependencies,Python,.py,16,607,False
fastapi,docs_src/dependencies/tutorial005_an_py310.py,tutorial005_an_py310.py,docs_src/dependencies,Python,.py,17,510,False
fastapi,docs_src/dependencies/tutorial005_py310.py,tutorial005_py310.py,docs_src/dependencies,Python,.py,13,443,False
fastapi,docs_src/dependencies/tutorial006_an_py310.py,tutorial006_an_py310.py,docs_src/dependencies,Python,.py,13,633,False
fastapi,docs_src/dependencies/tutorial006_py310.py,tutorial006_py310.py,docs_src/dependencies,Python,.py,12,583,False
fastapi,docs_src/dependencies/tutorial007_py310.py,tutorial007_py310.py,docs_src/dependencies,Python,.py,6,99,False
fastapi,docs_src/dependencies/tutorial008_an_py310.py,tutorial008_an_py310.py,docs_src/dependencies,Python,.py,20,521,False
fastapi,docs_src/dependencies/tutorial008_py310.py,tutorial008_py310.py,docs_src/dependencies,Python,.py,19,455,False
fastapi,docs_src/dependencies/tutorial008b_an_py310.py,tutorial008b_an_py310.py,docs_src/dependencies,Python,.py,22,775,False
fastapi,docs_src/dependencies/tutorial008b_py310.py,tutorial008b_py310.py,docs_src/dependencies,Python,.py,21,735,False
fastapi,docs_src/dependencies/tutorial008c_an_py310.py,tutorial008c_an_py310.py,docs_src/dependencies,Python,.py,21,700,False
fastapi,docs_src/dependencies/tutorial008c_py310.py,tutorial008c_py310.py,docs_src/dependencies,Python,.py,20,660,False
fastapi,docs_src/dependencies/tutorial008d_an_py310.py,tutorial008d_an_py310.py,docs_src/dependencies,Python,.py,22,734,False
fastapi,docs_src/dependencies/tutorial008d_py310.py,tutorial008d_py310.py,docs_src/dependencies,Python,.py,21,694,False
fastapi,docs_src/dependencies/tutorial008e_an_py310.py,tutorial008e_an_py310.py,docs_src/dependencies,Python,.py,11,329,False
fastapi,docs_src/dependencies/tutorial008e_py310.py,tutorial008e_py310.py,docs_src/dependencies,Python,.py,10,289,False
fastapi,docs_src/dependencies/tutorial010_py310.py,tutorial010_py310.py,docs_src/dependencies,Python,.py,10,292,False
fastapi,docs_src/dependencies/tutorial011_an_py310.py,tutorial011_an_py310.py,docs_src/dependencies,Python,.py,14,544,False
fastapi,docs_src/dependencies/tutorial011_py310.py,tutorial011_py310.py,docs_src/dependencies,Python,.py,13,504,False
fastapi,docs_src/dependencies/tutorial012_an_py310.py,tutorial012_an_py310.py,docs_src/dependencies,Python,.py,16,746,False
fastapi,docs_src/dependencies/tutorial012_py310.py,tutorial012_py310.py,docs_src/dependencies,Python,.py,15,696,False
fastapi,docs_src/dependencies/tutorial013_an_py310.py,tutorial013_an_py310.py,docs_src/dependencies,Python,.py,24,937,False
fastapi,docs_src/dependencies/tutorial014_an_py310.py,tutorial014_an_py310.py,docs_src/dependencies,Python,.py,25,957,False
fastapi,docs_src/dependency_testing/__init__.py,__init__.py,docs_src/dependency_testing,Python,.py,0,0,False
fastapi,docs_src/dependency_testing/tutorial001_an_py310.py,tutorial001_an_py310.py,docs_src/dependency_testing,Python,.py,37,1528,False
fastapi,docs_src/dependency_testing/tutorial001_py310.py,tutorial001_py310.py,docs_src/dependency_testing,Python,.py,36,1478,False
fastapi,docs_src/encoder/__init__.py,__init__.py,docs_src/encoder,Python,.py,0,0,False
fastapi,docs_src/encoder/tutorial001_py310.py,tutorial001_py310.py,docs_src/encoder,Python,.py,14,430,False
fastapi,docs_src/events/__init__.py,__init__.py,docs_src/events,Python,.py,0,0,False
fastapi,docs_src/events/tutorial001_py310.py,tutorial001_py310.py,docs_src/events,Python,.py,10,283,False
fastapi,docs_src/events/tutorial002_py310.py,tutorial002_py310.py,docs_src/events,Python,.py,9,255,False
fastapi,docs_src/events/tutorial003_py310.py,tutorial003_py310.py,docs_src/events,Python,.py,17,569,False
fastapi,docs_src/extending_openapi/__init__.py,__init__.py,docs_src/extending_openapi,Python,.py,0,0,False
fastapi,docs_src/extending_openapi/tutorial001_py310.py,tutorial001_py310.py,docs_src/extending_openapi,Python,.py,22,737,False
fastapi,docs_src/extra_data_types/__init__.py,__init__.py,docs_src/extra_data_types,Python,.py,0,0,False
fastapi,docs_src/extra_data_types/tutorial001_an_py310.py,tutorial001_an_py310.py,docs_src/extra_data_types,Python,.py,24,788,False
fastapi,docs_src/extra_data_types/tutorial001_py310.py,tutorial001_py310.py,docs_src/extra_data_types,Python,.py,23,724,False
fastapi,docs_src/extra_models/__init__.py,__init__.py,docs_src/extra_models,Python,.py,0,0,False
fastapi,docs_src/extra_models/tutorial001_py310.py,tutorial001_py310.py,docs_src/extra_models,Python,.py,28,905,False
fastapi,docs_src/extra_models/tutorial002_py310.py,tutorial002_py310.py,docs_src/extra_models,Python,.py,24,798,False
fastapi,docs_src/extra_models/tutorial003_py310.py,tutorial003_py310.py,docs_src/extra_models,Python,.py,22,612,False
fastapi,docs_src/extra_models/tutorial004_py310.py,tutorial004_py310.py,docs_src/extra_models,Python,.py,13,356,False
fastapi,docs_src/extra_models/tutorial005_py310.py,tutorial005_py310.py,docs_src/extra_models,Python,.py,5,180,False
fastapi,docs_src/first_steps/__init__.py,__init__.py,docs_src/first_steps,Python,.py,0,0,False
fastapi,docs_src/first_steps/tutorial001_py310.py,tutorial001_py310.py,docs_src/first_steps,Python,.py,5,117,False
fastapi,docs_src/first_steps/tutorial003_py310.py,tutorial003_py310.py,docs_src/first_steps,Python,.py,5,111,False
fastapi,docs_src/frontend/__init__.py,__init__.py,docs_src/frontend,Python,.py,0,0,False
fastapi,docs_src/frontend/tutorial001_py310.py,tutorial001_py310.py,docs_src/frontend,Python,.py,3,82,False
fastapi,docs_src/frontend/tutorial002_py310.py,tutorial002_py310.py,docs_src/frontend,Python,.py,3,105,False
fastapi,docs_src/frontend/tutorial003_py310.py,tutorial003_py310.py,docs_src/frontend,Python,.py,3,103,False
fastapi,docs_src/frontend/tutorial004_py310.py,tutorial004_py310.py,docs_src/frontend,Python,.py,5,182,False
fastapi,docs_src/frontend/tutorial005_py310.py,tutorial005_py310.py,docs_src/frontend,Python,.py,3,97,False
fastapi,docs_src/frontend/tutorial006_py310.py,tutorial006_py310.py,docs_src/frontend,Python,.py,3,99,False
fastapi,docs_src/generate_clients/__init__.py,__init__.py,docs_src/generate_clients,Python,.py,0,0,False
fastapi,docs_src/generate_clients/tutorial001_py310.py,tutorial001_py310.py,docs_src/generate_clients,Python,.py,17,494,False
fastapi,docs_src/generate_clients/tutorial002_py310.py,tutorial002_py310.py,docs_src/generate_clients,Python,.py,23,730,False
fastapi,docs_src/generate_clients/tutorial003_py310.py,tutorial003_py310.py,docs_src/generate_clients,Python,.py,26,914,False
fastapi,docs_src/generate_clients/tutorial004.js,tutorial004.js,docs_src/generate_clients,JavaScript,.js,32,1066,False
fastapi,docs_src/generate_clients/tutorial004_py310.py,tutorial004_py310.py,docs_src/generate_clients,Python,.py,12,493,False
fastapi,docs_src/graphql_/__init__.py,__init__.py,docs_src/graphql_,Python,.py,0,0,False
fastapi,docs_src/graphql_/tutorial001_py310.py,tutorial001_py310.py,docs_src/graphql_,Python,.py,16,424,False
fastapi,docs_src/handling_errors/__init__.py,__init__.py,docs_src/handling_errors,Python,.py,0,0,False
fastapi,docs_src/handling_errors/tutorial001_py310.py,tutorial001_py310.py,docs_src/handling_errors,Python,.py,8,299,False
fastapi,docs_src/handling_errors/tutorial002_py310.py,tutorial002_py310.py,docs_src/handling_errors,Python,.py,12,404,False
fastapi,docs_src/handling_errors/tutorial003_py310.py,tutorial003_py310.py,docs_src/handling_errors,Python,.py,17,626,False
fastapi,docs_src/handling_errors/tutorial004_py310.py,tutorial004_py310.py,docs_src/handling_errors,Python,.py,19,920,False
fastapi,docs_src/handling_errors/tutorial005_py310.py,tutorial005_py310.py,docs_src/handling_errors,Python,.py,18,626,False
fastapi,docs_src/handling_errors/tutorial006_py310.py,tutorial006_py310.py,docs_src/handling_errors,Python,.py,21,928,False
fastapi,docs_src/header_param_models/__init__.py,__init__.py,docs_src/header_param_models,Python,.py,0,0,False
fastapi,docs_src/header_param_models/tutorial001_an_py310.py,tutorial001_an_py310.py,docs_src/header_param_models,Python,.py,13,392,False
fastapi,docs_src/header_param_models/tutorial001_py310.py,tutorial001_py310.py,docs_src/header_param_models,Python,.py,12,352,False
fastapi,docs_src/header_param_models/tutorial002_an_py310.py,tutorial002_an_py310.py,docs_src/header_param_models,Python,.py,14,432,False
fastapi,docs_src/header_param_models/tutorial002_py310.py,tutorial002_py310.py,docs_src/header_param_models,Python,.py,13,392,False
fastapi,docs_src/header_param_models/tutorial003_an_py310.py,tutorial003_an_py310.py,docs_src/header_param_models,Python,.py,15,424,False
fastapi,docs_src/header_param_models/tutorial003_py310.py,tutorial003_py310.py,docs_src/header_param_models,Python,.py,12,377,False
fastapi,docs_src/header_params/__init__.py,__init__.py,docs_src/header_params,Python,.py,0,0,False
fastapi,docs_src/header_params/tutorial001_an_py310.py,tutorial001_an_py310.py,docs_src/header_params,Python,.py,6,217,False
fastapi,docs_src/header_params/tutorial001_py310.py,tutorial001_py310.py,docs_src/header_params,Python,.py,5,182,False
fastapi,docs_src/header_params/tutorial002_an_py310.py,tutorial002_an_py310.py,docs_src/header_params,Python,.py,8,261,False
fastapi,docs_src/header_params/tutorial002_py310.py,tutorial002_py310.py,docs_src/header_params,Python,.py,7,228,False
fastapi,docs_src/header_params/tutorial003_an_py310.py,tutorial003_an_py310.py,docs_src/header_params,Python,.py,6,221,False
fastapi,docs_src/header_params/tutorial003_py310.py,tutorial003_py310.py,docs_src/header_params,Python,.py,5,186,False
fastapi,docs_src/json_base64_bytes/__init__.py,__init__.py,docs_src/json_base64_bytes,Python,.py,0,0,False
fastapi,docs_src/json_base64_bytes/tutorial001_py310.py,tutorial001_py310.py,docs_src/json_base64_bytes,Python,.py,29,892,False
fastapi,docs_src/metadata/__init__.py,__init__.py,docs_src/metadata,Python,.py,0,0,False
fastapi,docs_src/metadata/tutorial001_1_py310.py,tutorial001_1_py310.py,docs_src/metadata,Python,.py,29,774,False
fastapi,docs_src/metadata/tutorial001_py310.py,tutorial001_py310.py,docs_src/metadata,Python,.py,29,805,False
fastapi,docs_src/metadata/tutorial002_py310.py,tutorial002_py310.py,docs_src/metadata,Python,.py,5,154,False
fastapi,docs_src/metadata/tutorial003_py310.py,tutorial003_py310.py,docs_src/metadata,Python,.py,5,161,False
fastapi,docs_src/metadata/tutorial004_py310.py,tutorial004_py310.py,docs_src/metadata,Python,.py,22,693,False
fastapi,docs_src/middleware/__init__.py,__init__.py,docs_src/middleware,Python,.py,0,0,False
fastapi,docs_src/middleware/tutorial001_py310.py,tutorial001_py310.py,docs_src/middleware,Python,.py,10,365,False
fastapi,docs_src/openapi_callbacks/__init__.py,__init__.py,docs_src/openapi_callbacks,Python,.py,0,0,False
fastapi,docs_src/openapi_callbacks/tutorial001_py310.py,tutorial001_py310.py,docs_src/openapi_callbacks,Python,.py,35,1333,False
fastapi,docs_src/openapi_webhooks/__init__.py,__init__.py,docs_src/openapi_webhooks,Python,.py,0,0,False
fastapi,docs_src/openapi_webhooks/tutorial001_py310.py,tutorial001_py310.py,docs_src/openapi_webhooks,Python,.py,17,550,False
fastapi,docs_src/path_operation_advanced_configuration/__init__.py,__init__.py,docs_src/path_operation_advanced_configuration,Python,.py,0,0,False
fastapi,docs_src/path_operation_advanced_configuration/tutorial001_py310.py,tutorial001_py310.py,docs_src/path_operation_advanced_configuration,Python,.py,5,167,False
fastapi,docs_src/path_operation_advanced_configuration/tutorial002_py310.py,tutorial002_py310.py,docs_src/path_operation_advanced_configuration,Python,.py,8,293,False
fastapi,docs_src/path_operation_advanced_configuration/tutorial003_py310.py,tutorial003_py310.py,docs_src/path_operation_advanced_configuration,Python,.py,5,148,False
fastapi,docs_src/path_operation_advanced_configuration/tutorial004_py310.py,tutorial004_py310.py,docs_src/path_operation_advanced_configuration,Python,.py,22,661,False
fastapi,docs_src/path_operation_advanced_configuration/tutorial005_py310.py,tutorial005_py310.py,docs_src/path_operation_advanced_configuration,Python,.py,5,180,False
fastapi,docs_src/path_operation_advanced_configuration/tutorial006_py310.py,tutorial006_py310.py,docs_src/path_operation_advanced_configuration,Python,.py,36,1043,False
fastapi,docs_src/path_operation_advanced_configuration/tutorial007_py310.py,tutorial007_py310.py,docs_src/path_operation_advanced_configuration,Python,.py,27,797,False
fastapi,docs_src/path_operation_configuration/__init__.py,__init__.py,docs_src/path_operation_configuration,Python,.py,0,0,False
fastapi,docs_src/path_operation_configuration/tutorial001_py310.py,tutorial001_py310.py,docs_src/path_operation_configuration,Python,.py,12,350,False
fastapi,docs_src/path_operation_configuration/tutorial002_py310.py,tutorial002_py310.py,docs_src/path_operation_configuration,Python,.py,18,524,False
fastapi,docs_src/path_operation_configuration/tutorial002b_py310.py,tutorial002b_py310.py,docs_src/path_operation_configuration,Python,.py,12,323,False
fastapi,docs_src/path_operation_configuration/tutorial003_py310.py,tutorial003_py310.py,docs_src/path_operation_configuration,Python,.py,16,457,False
fastapi,docs_src/path_operation_configuration/tutorial004_py310.py,tutorial004_py310.py,docs_src/path_operation_configuration,Python,.py,20,625,False
fastapi,docs_src/path_operation_configuration/tutorial005_py310.py,tutorial005_py310.py,docs_src/path_operation_configuration,Python,.py,24,681,False
fastapi,docs_src/path_operation_configuration/tutorial006_py310.py,tutorial006_py310.py,docs_src/path_operation_configuration,Python,.py,11,365,False
fastapi,docs_src/path_params/__init__.py,__init__.py,docs_src/path_params,Python,.py,0,0,False
fastapi,docs_src/path_params/tutorial001_py310.py,tutorial001_py310.py,docs_src/path_params,Python,.py,5,138,False
fastapi,docs_src/path_params/tutorial002_py310.py,tutorial002_py310.py,docs_src/path_params,Python,.py,5,143,False
fastapi,docs_src/path_params/tutorial003_py310.py,tutorial003_py310.py,docs_src/path_params,Python,.py,8,236,False
fastapi,docs_src/path_params/tutorial003b_py310.py,tutorial003b_py310.py,docs_src/path_params,Python,.py,8,193,False
fastapi,docs_src/path_params/tutorial004_py310.py,tutorial004_py310.py,docs_src/path_params,Python,.py,5,156,False
fastapi,docs_src/path_params/tutorial005_py310.py,tutorial005_py310.py,docs_src/path_params,Python,.py,14,546,False
fastapi,docs_src/path_params_numeric_validations/__init__.py,__init__.py,docs_src/path_params_numeric_validations,Python,.py,0,0,False
fastapi,docs_src/path_params_numeric_validations/tutorial001_an_py310.py,tutorial001_an_py310.py,docs_src/path_params_numeric_validations,Python,.py,12,375,False
fastapi,docs_src/path_params_numeric_validations/tutorial001_py310.py,tutorial001_py310.py,docs_src/path_params_numeric_validations,Python,.py,11,332,False
fastapi,docs_src/path_params_numeric_validations/tutorial002_an_py310.py,tutorial002_an_py310.py,docs_src/path_params_numeric_validations,Python,.py,11,311,False
fastapi,docs_src/path_params_numeric_validations/tutorial002_py310.py,tutorial002_py310.py,docs_src/path_params_numeric_validations,Python,.py,8,265,False
fastapi,docs_src/path_params_numeric_validations/tutorial003_an_py310.py,tutorial003_an_py310.py,docs_src/path_params_numeric_validations,Python,.py,11,311,False
fastapi,docs_src/path_params_numeric_validations/tutorial003_py310.py,tutorial003_py310.py,docs_src/path_params_numeric_validations,Python,.py,8,268,False
fastapi,docs_src/path_params_numeric_validations/tutorial004_an_py310.py,tutorial004_an_py310.py,docs_src/path_params_numeric_validations,Python,.py,11,317,False
fastapi,docs_src/path_params_numeric_validations/tutorial004_py310.py,tutorial004_py310.py,docs_src/path_params_numeric_validations,Python,.py,10,280,False
fastapi,docs_src/path_params_numeric_validations/tutorial005_an_py310.py,tutorial005_an_py310.py,docs_src/path_params_numeric_validations,Python,.py,12,331,False
fastapi,docs_src/path_params_numeric_validations/tutorial005_py310.py,tutorial005_py310.py,docs_src/path_params_numeric_validations,Python,.py,12,298,False
fastapi,docs_src/path_params_numeric_validations/tutorial006_an_py310.py,tutorial006_an_py310.py,docs_src/path_params_numeric_validations,Python,.py,16,447,False
fastapi,docs_src/path_params_numeric_validations/tutorial006_py310.py,tutorial006_py310.py,docs_src/path_params_numeric_validations,Python,.py,15,397,False
fastapi,docs_src/pydantic_v1_in_v2/__init__.py,__init__.py,docs_src/pydantic_v1_in_v2,Python,.py,0,0,False
fastapi,docs_src/pydantic_v1_in_v2/tutorial001_an_py310.py,tutorial001_an_py310.py,docs_src/pydantic_v1_in_v2,Python,.py,5,124,False
fastapi,docs_src/pydantic_v1_in_v2/tutorial002_an_py310.py,tutorial002_an_py310.py,docs_src/pydantic_v1_in_v2,Python,.py,10,252,False
fastapi,docs_src/pydantic_v1_in_v2/tutorial003_an_py310.py,tutorial003_an_py310.py,docs_src/pydantic_v1_in_v2,Python,.py,15,407,False
fastapi,docs_src/pydantic_v1_in_v2/tutorial004_an_py310.py,tutorial004_an_py310.py,docs_src/pydantic_v1_in_v2,Python,.py,12,360,False
fastapi,docs_src/python_types/__init__.py,__init__.py,docs_src/python_types,Python,.py,0,0,False
fastapi,docs_src/python_types/tutorial001_py310.py,tutorial001_py310.py,docs_src/python_types,Python,.py,4,162,False
fastapi,docs_src/python_types/tutorial002_py310.py,tutorial002_py310.py,docs_src/python_types,Python,.py,4,172,False
fastapi,docs_src/python_types/tutorial003_py310.py,tutorial003_py310.py,docs_src/python_types,Python,.py,3,119,False
fastapi,docs_src/python_types/tutorial004_py310.py,tutorial004_py310.py,docs_src/python_types,Python,.py,3,124,False
fastapi,docs_src/python_types/tutorial005_py310.py,tutorial005_py310.py,docs_src/python_types,Python,.py,2,135,False
fastapi,docs_src/python_types/tutorial006_py310.py,tutorial006_py310.py,docs_src/python_types,Python,.py,3,80,False
fastapi,docs_src/python_types/tutorial007_py310.py,tutorial007_py310.py,docs_src/python_types,Python,.py,2,99,False
fastapi,docs_src/python_types/tutorial008_py310.py,tutorial008_py310.py,docs_src/python_types,Python,.py,4,145,False
fastapi,docs_src/python_types/tutorial008b_py310.py,tutorial008b_py310.py,docs_src/python_types,Python,.py,2,51,False
fastapi,docs_src/python_types/tutorial009_py310.py,tutorial009_py310.py,docs_src/python_types,Python,.py,5,131,False
fastapi,docs_src/python_types/tutorial010_py310.py,tutorial010_py310.py,docs_src/python_types,Python,.py,5,144,False
fastapi,docs_src/python_types/tutorial011_py310.py,tutorial011_py310.py,docs_src/python_types,Python,.py,17,461,False
fastapi,docs_src/python_types/tutorial013_py310.py,tutorial013_py310.py,docs_src/python_types,Python,.py,3,127,False
fastapi,docs_src/query_param_models/__init__.py,__init__.py,docs_src/query_param_models,Python,.py,0,0,False
fastapi,docs_src/query_param_models/tutorial001_an_py310.py,tutorial001_an_py310.py,docs_src/query_param_models,Python,.py,12,443,False
fastapi,docs_src/query_param_models/tutorial001_py310.py,tutorial001_py310.py,docs_src/query_param_models,Python,.py,12,422,False
fastapi,docs_src/query_param_models/tutorial002_an_py310.py,tutorial002_an_py310.py,docs_src/query_param_models,Python,.py,13,483,False
fastapi,docs_src/query_param_models/tutorial002_py310.py,tutorial002_py310.py,docs_src/query_param_models,Python,.py,13,462,False
fastapi,docs_src/query_params/__init__.py,__init__.py,docs_src/query_params,Python,.py,0,0,False
fastapi,docs_src/query_params/tutorial001_py310.py,tutorial001_py310.py,docs_src/query_params,Python,.py,6,250,False
fastapi,docs_src/query_params/tutorial002_py310.py,tutorial002_py310.py,docs_src/query_params,Python,.py,7,219,False
fastapi,docs_src/query_params/tutorial003_py310.py,tutorial003_py310.py,docs_src/query_params,Python,.py,12,374,False
fastapi,docs_src/query_params/tutorial004_py310.py,tutorial004_py310.py,docs_src/query_params,Python,.py,14,436,False
fastapi,docs_src/query_params/tutorial005_py310.py,tutorial005_py310.py,docs_src/query_params,Python,.py,6,192,False
fastapi,docs_src/query_params/tutorial006_py310.py,tutorial006_py310.py,docs_src/query_params,Python,.py,8,269,False
fastapi,docs_src/query_params_str_validations/__init__.py,__init__.py,docs_src/query_params_str_validations,Python,.py,0,0,False
fastapi,docs_src/query_params_str_validations/tutorial001_py310.py,tutorial001_py310.py,docs_src/query_params_str_validations,Python,.py,8,239,False
fastapi,docs_src/query_params_str_validations/tutorial002_an_py310.py,tutorial002_an_py310.py,docs_src/query_params_str_validations,Python,.py,9,309,False
fastapi,docs_src/query_params_str_validations/tutorial002_py310.py,tutorial002_py310.py,docs_src/query_params_str_validations,Python,.py,8,276,False
fastapi,docs_src/query_params_str_validations/tutorial003_an_py310.py,tutorial003_an_py310.py,docs_src/query_params_str_validations,Python,.py,11,330,False
fastapi,docs_src/query_params_str_validations/tutorial003_py310.py,tutorial003_py310.py,docs_src/query_params_str_validations,Python,.py,8,290,False
fastapi,docs_src/query_params_str_validations/tutorial004_an_py310.py,tutorial004_an_py310.py,docs_src/query_params_str_validations,Python,.py,13,368,False
fastapi,docs_src/query_params_str_validations/tutorial004_py310.py,tutorial004_py310.py,docs_src/query_params_str_validations,Python,.py,12,335,False
fastapi,docs_src/query_params_str_validations/tutorial005_an_py310.py,tutorial005_an_py310.py,docs_src/query_params_str_validations,Python,.py,9,309,False
fastapi,docs_src/query_params_str_validations/tutorial005_py310.py,tutorial005_py310.py,docs_src/query_params_str_validations,Python,.py,8,276,False
fastapi,docs_src/query_params_str_validations/tutorial006_an_py310.py,tutorial006_an_py310.py,docs_src/query_params_str_validations,Python,.py,9,294,False
fastapi,docs_src/query_params_str_validations/tutorial006_py310.py,tutorial006_py310.py,docs_src/query_params_str_validations,Python,.py,8,254,False
fastapi,docs_src/query_params_str_validations/tutorial006c_an_py310.py,tutorial006c_an_py310.py,docs_src/query_params_str_validations,Python,.py,9,301,False
fastapi,docs_src/query_params_str_validations/tutorial006c_py310.py,tutorial006c_py310.py,docs_src/query_params_str_validations,Python,.py,8,261,False
fastapi,docs_src/query_params_str_validations/tutorial007_an_py310.py,tutorial007_an_py310.py,docs_src/query_params_str_validations,Python,.py,11,337,False
fastapi,docs_src/query_params_str_validations/tutorial007_py310.py,tutorial007_py310.py,docs_src/query_params_str_validations,Python,.py,10,304,False
fastapi,docs_src/query_params_str_validations/tutorial008_an_py310.py,tutorial008_an_py310.py,docs_src/query_params_str_validations,Python,.py,18,498,False
fastapi,docs_src/query_params_str_validations/tutorial008_py310.py,tutorial008_py310.py,docs_src/query_params_str_validations,Python,.py,15,434,False
fastapi,docs_src/query_params_str_validations/tutorial009_an_py310.py,tutorial009_an_py310.py,docs_src/query_params_str_validations,Python,.py,9,314,False
fastapi,docs_src/query_params_str_validations/tutorial009_py310.py,tutorial009_py310.py,docs_src/query_params_str_validations,Python,.py,8,281,False
fastapi,docs_src/query_params_str_validations/tutorial010_an_py310.py,tutorial010_an_py310.py,docs_src/query_params_str_validations,Python,.py,22,622,False
fastapi,docs_src/query_params_str_validations/tutorial010_py310.py,tutorial010_py310.py,docs_src/query_params_str_validations,Python,.py,19,542,False
fastapi,docs_src/query_params_str_validations/tutorial011_an_py310.py,tutorial011_an_py310.py,docs_src/query_params_str_validations,Python,.py,7,224,False
fastapi,docs_src/query_params_str_validations/tutorial011_py310.py,tutorial011_py310.py,docs_src/query_params_str_validations,Python,.py,6,189,False
fastapi,docs_src/query_params_str_validations/tutorial012_an_py310.py,tutorial012_an_py310.py,docs_src/query_params_str_validations,Python,.py,7,227,False
fastapi,docs_src/query_params_str_validations/tutorial012_py310.py,tutorial012_py310.py,docs_src/query_params_str_validations,Python,.py,6,192,False
fastapi,docs_src/query_params_str_validations/tutorial013_an_py310.py,tutorial013_an_py310.py,docs_src/query_params_str_validations,Python,.py,7,210,False
fastapi,docs_src/query_params_str_validations/tutorial013_py310.py,tutorial013_py310.py,docs_src/query_params_str_validations,Python,.py,6,175,False
fastapi,docs_src/query_params_str_validations/tutorial014_an_py310.py,tutorial014_an_py310.py,docs_src/query_params_str_validations,Python,.py,11,331,False
fastapi,docs_src/query_params_str_validations/tutorial014_py310.py,tutorial014_py310.py,docs_src/query_params_str_validations,Python,.py,10,298,False
fastapi,docs_src/query_params_str_validations/tutorial015_an_py310.py,tutorial015_an_py310.py,docs_src/query_params_str_validations,Python,.py,23,768,False
fastapi,docs_src/request_files/__init__.py,__init__.py,docs_src/request_files,Python,.py,0,0,False
fastapi,docs_src/request_files/tutorial001_02_an_py310.py,tutorial001_02_an_py310.py,docs_src/request_files,Python,.py,15,505,False
fastapi,docs_src/request_files/tutorial001_02_py310.py,tutorial001_02_py310.py,docs_src/request_files,Python,.py,14,470,False
fastapi,docs_src/request_files/tutorial001_03_an_py310.py,tutorial001_03_an_py310.py,docs_src/request_files,Python,.py,11,421,False
fastapi,docs_src/request_files/tutorial001_03_py310.py,tutorial001_03_py310.py,docs_src/request_files,Python,.py,10,371,False
fastapi,docs_src/request_files/tutorial001_an_py310.py,tutorial001_an_py310.py,docs_src/request_files,Python,.py,9,322,False
fastapi,docs_src/request_files/tutorial001_py310.py,tutorial001_py310.py,docs_src/request_files,Python,.py,8,282,False
fastapi,docs_src/request_files/tutorial002_an_py310.py,tutorial002_an_py310.py,docs_src/request_files,Python,.py,25,826,False
fastapi,docs_src/request_files/tutorial002_py310.py,tutorial002_py310.py,docs_src/request_files,Python,.py,24,786,False
fastapi,docs_src/request_files/tutorial003_an_py310.py,tutorial003_an_py310.py,docs_src/request_files,Python,.py,31,952,False
fastapi,docs_src/request_files/tutorial003_py310.py,tutorial003_py310.py,docs_src/request_files,Python,.py,28,888,False
fastapi,docs_src/request_form_models/__init__.py,__init__.py,docs_src/request_form_models,Python,.py,0,0,False
fastapi,docs_src/request_form_models/tutorial001_an_py310.py,tutorial001_an_py310.py,docs_src/request_form_models,Python,.py,10,268,False
fastapi,docs_src/request_form_models/tutorial001_py310.py,tutorial001_py310.py,docs_src/request_form_models,Python,.py,9,228,False
fastapi,docs_src/request_form_models/tutorial002_an_py310.py,tutorial002_an_py310.py,docs_src/request_form_models,Python,.py,11,307,False
fastapi,docs_src/request_form_models/tutorial002_py310.py,tutorial002_py310.py,docs_src/request_form_models,Python,.py,10,267,False
fastapi,docs_src/request_forms/__init__.py,__init__.py,docs_src/request_forms,Python,.py,0,0,False
fastapi,docs_src/request_forms/tutorial001_an_py310.py,tutorial001_an_py310.py,docs_src/request_forms,Python,.py,6,223,False
fastapi,docs_src/request_forms/tutorial001_py310.py,tutorial001_py310.py,docs_src/request_forms,Python,.py,5,173,False
fastapi,docs_src/request_forms_and_files/__init__.py,__init__.py,docs_src/request_forms_and_files,Python,.py,0,0,False
fastapi,docs_src/request_forms_and_files/tutorial001_an_py310.py,tutorial001_an_py310.py,docs_src/request_forms_and_files,Python,.py,14,386,False
fastapi,docs_src/request_forms_and_files/tutorial001_py310.py,tutorial001_py310.py,docs_src/request_forms_and_files,Python,.py,11,317,False
fastapi,docs_src/response_change_status_code/__init__.py,__init__.py,docs_src/response_change_status_code,Python,.py,0,0,False
fastapi,docs_src/response_change_status_code/tutorial001_py310.py,tutorial001_py310.py,docs_src/response_change_status_code,Python,.py,9,391,False
fastapi,docs_src/response_cookies/__init__.py,__init__.py,docs_src/response_cookies,Python,.py,0,0,False
fastapi,docs_src/response_cookies/tutorial001_py310.py,tutorial001_py310.py,docs_src/response_cookies,Python,.py,9,344,False
fastapi,docs_src/response_cookies/tutorial002_py310.py,tutorial002_py310.py,docs_src/response_cookies,Python,.py,6,272,False
fastapi,docs_src/response_directly/__init__.py,__init__.py,docs_src/response_directly,Python,.py,0,0,False
fastapi,docs_src/response_directly/tutorial001_py310.py,tutorial001_py310.py,docs_src/response_directly,Python,.py,14,474,False
fastapi,docs_src/response_directly/tutorial002_py310.py,tutorial002_py310.py,docs_src/response_directly,Python,.py,15,354,False
fastapi,docs_src/response_headers/__init__.py,__init__.py,docs_src/response_headers,Python,.py,0,0,False
fastapi,docs_src/response_headers/tutorial001_py310.py,tutorial001_py310.py,docs_src/response_headers,Python,.py,8,309,False
fastapi,docs_src/response_headers/tutorial002_py310.py,tutorial002_py310.py,docs_src/response_headers,Python,.py,6,222,False
fastapi,docs_src/response_model/__init__.py,__init__.py,docs_src/response_model,Python,.py,0,0,False
fastapi,docs_src/response_model/tutorial001_01_py310.py,tutorial001_01_py310.py,docs_src/response_model,Python,.py,18,469,False
fastapi,docs_src/response_model/tutorial001_py310.py,tutorial001_py310.py,docs_src/response_model,Python,.py,19,537,False
fastapi,docs_src/response_model/tutorial002_py310.py,tutorial002_py310.py,docs_src/response_model,Python,.py,12,318,False
fastapi,docs_src/response_model/tutorial003_01_py310.py,tutorial003_01_py310.py,docs_src/response_model,Python,.py,12,317,False
fastapi,docs_src/response_model/tutorial003_02_py310.py,tutorial003_02_py310.py,docs_src/response_model,Python,.py,8,381,False
fastapi,docs_src/response_model/tutorial003_03_py310.py,tutorial003_03_py310.py,docs_src/response_model,Python,.py,6,241,False
fastapi,docs_src/response_model/tutorial003_04_py310.py,tutorial003_04_py310.py,docs_src/response_model,Python,.py,8,352,False
fastapi,docs_src/response_model/tutorial003_05_py310.py,tutorial003_05_py310.py,docs_src/response_model,Python,.py,8,373,False
fastapi,docs_src/response_model/tutorial003_py310.py,tutorial003_py310.py,docs_src/response_model,Python,.py,16,431,False
fastapi,docs_src/response_model/tutorial004_py310.py,tutorial004_py310.py,docs_src/response_model,Python,.py,17,595,False
fastapi,docs_src/response_model/tutorial005_py310.py,tutorial005_py310.py,docs_src/response_model,Python,.py,28,816,False
fastapi,docs_src/response_model/tutorial006_py310.py,tutorial006_py310.py,docs_src/response_model,Python,.py,28,816,False
fastapi,docs_src/response_status_code/__init__.py,__init__.py,docs_src/response_status_code,Python,.py,0,0,False
fastapi,docs_src/response_status_code/tutorial001_py310.py,tutorial001_py310.py,docs_src/response_status_code,Python,.py,5,145,False
fastapi,docs_src/response_status_code/tutorial002_py310.py,tutorial002_py310.py,docs_src/response_status_code,Python,.py,5,173,False
fastapi,docs_src/schema_extra_example/__init__.py,__init__.py,docs_src/schema_extra_example,Python,.py,0,0,False
fastapi,docs_src/schema_extra_example/tutorial001_py310.py,tutorial001_py310.py,docs_src/schema_extra_example,Python,.py,24,646,False
fastapi,docs_src/schema_extra_example/tutorial002_py310.py,tutorial002_py310.py,docs_src/schema_extra_example,Python,.py,12,479,False
fastapi,docs_src/schema_extra_example/tutorial003_an_py310.py,tutorial003_an_py310.py,docs_src/schema_extra_example,Python,.py,28,673,False
fastapi,docs_src/schema_extra_example/tutorial003_py310.py,tutorial003_py310.py,docs_src/schema_extra_example,Python,.py,24,574,False
fastapi,docs_src/schema_extra_example/tutorial004_an_py310.py,tutorial004_an_py310.py,docs_src/schema_extra_example,Python,.py,37,917,False
fastapi,docs_src/schema_extra_example/tutorial004_py310.py,tutorial004_py310.py,docs_src/schema_extra_example,Python,.py,33,786,False
fastapi,docs_src/schema_extra_example/tutorial005_an_py310.py,tutorial005_an_py310.py,docs_src/schema_extra_example,Python,.py,48,1523,False
fastapi,docs_src/schema_extra_example/tutorial005_py310.py,tutorial005_py310.py,docs_src/schema_extra_example,Python,.py,44,1348,False
fastapi,docs_src/security/__init__.py,__init__.py,docs_src/security,Python,.py,0,0,False
fastapi,docs_src/security/tutorial001_an_py310.py,tutorial001_an_py310.py,docs_src/security,Python,.py,8,309,False
fastapi,docs_src/security/tutorial001_py310.py,tutorial001_py310.py,docs_src/security,Python,.py,7,269,False
fastapi,docs_src/security/tutorial002_an_py310.py,tutorial002_an_py310.py,docs_src/security,Python,.py,21,761,False
fastapi,docs_src/security/tutorial002_py310.py,tutorial002_py310.py,docs_src/security,Python,.py,20,711,False
fastapi,docs_src/security/tutorial003_an_py310.py,tutorial003_an_py310.py,docs_src/security,Python,.py,70,2517,False
fastapi,docs_src/security/tutorial003_py310.py,tutorial003_py310.py,docs_src/security,Python,.py,65,2433,False
fastapi,docs_src/security/tutorial004_an_py310.py,tutorial004_an_py310.py,docs_src/security,Python,.py,113,4300,False
fastapi,docs_src/security/tutorial004_py310.py,tutorial004_py310.py,docs_src/security,Python,.py,106,4200,False
fastapi,docs_src/security/tutorial005_an_py310.py,tutorial005_an_py310.py,docs_src/security,Python,.py,143,5509,False
fastapi,docs_src/security/tutorial005_py310.py,tutorial005_py310.py,docs_src/security,Python,.py,140,5418,False
fastapi,docs_src/security/tutorial006_an_py310.py,tutorial006_an_py310.py,docs_src/security,Python,.py,8,361,False
fastapi,docs_src/security/tutorial006_py310.py,tutorial006_py310.py,docs_src/security,Python,.py,7,321,False
fastapi,docs_src/security/tutorial007_an_py310.py,tutorial007_an_py310.py,docs_src/security,Python,.py,29,1172,False
fastapi,docs_src/security/tutorial007_py310.py,tutorial007_py310.py,docs_src/security,Python,.py,26,1116,False
fastapi,docs_src/separate_openapi_schemas/__init__.py,__init__.py,docs_src/separate_openapi_schemas,Python,.py,0,0,False
fastapi,docs_src/separate_openapi_schemas/tutorial001_py310.py,tutorial001_py310.py,docs_src/separate_openapi_schemas,Python,.py,18,451,False
fastapi,docs_src/separate_openapi_schemas/tutorial002_py310.py,tutorial002_py310.py,docs_src/separate_openapi_schemas,Python,.py,18,486,False
fastapi,docs_src/server_sent_events/__init__.py,__init__.py,docs_src/server_sent_events,Python,.py,0,0,False
fastapi,docs_src/server_sent_events/tutorial001_py310.py,tutorial001_py310.py,docs_src/server_sent_events,Python,.py,29,1112,False
fastapi,docs_src/server_sent_events/tutorial002_py310.py,tutorial002_py310.py,docs_src/server_sent_events,Python,.py,18,686,False
fastapi,docs_src/server_sent_events/tutorial003_py310.py,tutorial003_py310.py,docs_src/server_sent_events,Python,.py,13,518,False
fastapi,docs_src/server_sent_events/tutorial004_py310.py,tutorial004_py310.py,docs_src/server_sent_events,Python,.py,23,795,False
fastapi,docs_src/server_sent_events/tutorial005_py310.py,tutorial005_py310.py,docs_src/server_sent_events,Python,.py,13,528,False
fastapi,docs_src/settings/__init__.py,__init__.py,docs_src/settings,Python,.py,0,0,False
fastapi,docs_src/settings/app01_py310/__init__.py,__init__.py,docs_src/settings/app01_py310,Python,.py,0,0,False
fastapi,docs_src/settings/app01_py310/config.py,config.py,docs_src/settings/app01_py310,Python,.py,6,183,False
fastapi,docs_src/settings/app01_py310/main.py,main.py,docs_src/settings/app01_py310,Python,.py,10,267,False
fastapi,docs_src/settings/app02_an_py310/__init__.py,__init__.py,docs_src/settings/app02_an_py310,Python,.py,0,0,False
fastapi,docs_src/settings/app02_an_py310/config.py,config.py,docs_src/settings/app02_an_py310,Python,.py,5,159,False
fastapi,docs_src/settings/app02_an_py310/main.py,main.py,docs_src/settings/app02_an_py310,Python,.py,15,445,False
fastapi,docs_src/settings/app02_an_py310/test_main.py,test_main.py,docs_src/settings/app02_an_py310,Python,.py,15,515,True
fastapi,docs_src/settings/app02_py310/__init__.py,__init__.py,docs_src/settings/app02_py310,Python,.py,0,0,False
fastapi,docs_src/settings/app02_py310/config.py,config.py,docs_src/settings/app02_py310,Python,.py,5,159,False
fastapi,docs_src/settings/app02_py310/main.py,main.py,docs_src/settings/app02_py310,Python,.py,14,406,False
fastapi,docs_src/settings/app02_py310/test_main.py,test_main.py,docs_src/settings/app02_py310,Python,.py,15,515,True
fastapi,docs_src/settings/app03_an_py310/__init__.py,__init__.py,docs_src/settings/app03_an_py310,Python,.py,0,0,False
fastapi,docs_src/settings/app03_an_py310/config.py,config.py,docs_src/settings/app03_an_py310,Python,.py,6,235,False
fastapi,docs_src/settings/app03_an_py310/main.py,main.py,docs_src/settings/app03_an_py310,Python,.py,15,451,False
fastapi,docs_src/settings/app03_py310/__init__.py,__init__.py,docs_src/settings/app03_py310,Python,.py,0,0,False
fastapi,docs_src/settings/app03_py310/config.py,config.py,docs_src/settings/app03_py310,Python,.py,6,235,False
fastapi,docs_src/settings/app03_py310/main.py,main.py,docs_src/settings/app03_py310,Python,.py,14,412,False
fastapi,docs_src/settings/tutorial001_py310.py,tutorial001_py310.py,docs_src/settings,Python,.py,15,419,False
fastapi,docs_src/sql_databases/__init__.py,__init__.py,docs_src/sql_databases,Python,.py,0,0,False
fastapi,docs_src/sql_databases/tutorial001_an_py310.py,tutorial001_an_py310.py,docs_src/sql_databases,Python,.py,50,1768,False
fastapi,docs_src/sql_databases/tutorial001_py310.py,tutorial001_py310.py,docs_src/sql_databases,Python,.py,48,1760,False
fastapi,docs_src/sql_databases/tutorial002_an_py310.py,tutorial002_an_py310.py,docs_src/sql_databases,Python,.py,71,2567,False
fastapi,docs_src/sql_databases/tutorial002_py310.py,tutorial002_py310.py,docs_src/sql_databases,Python,.py,71,2586,False
fastapi,docs_src/static_files/__init__.py,__init__.py,docs_src/static_files,Python,.py,0,0,False
fastapi,docs_src/static_files/tutorial001_py310.py,tutorial001_py310.py,docs_src/static_files,Python,.py,4,159,False
fastapi,docs_src/stream_data/__init__.py,__init__.py,docs_src/stream_data,Python,.py,0,0,False
fastapi,docs_src/stream_data/tutorial001_py310.py,tutorial001_py310.py,docs_src/stream_data,Python,.py,45,2243,False
fastapi,docs_src/stream_data/tutorial002_py310.py,tutorial002_py310.py,docs_src/stream_data,Python,.py,36,5717,False
fastapi,docs_src/stream_json_lines/__init__.py,__init__.py,docs_src/stream_json_lines,Python,.py,0,0,False
fastapi,docs_src/stream_json_lines/tutorial001_py310.py,tutorial001_py310.py,docs_src/stream_json_lines,Python,.py,28,936,False
fastapi,docs_src/strict_content_type/__init__.py,__init__.py,docs_src/strict_content_type,Python,.py,0,0,False
fastapi,docs_src/strict_content_type/tutorial001_py310.py,tutorial001_py310.py,docs_src/strict_content_type,Python,.py,9,231,False
fastapi,docs_src/sub_applications/__init__.py,__init__.py,docs_src/sub_applications,Python,.py,0,0,False
fastapi,docs_src/sub_applications/tutorial001_py310.py,tutorial001_py310.py,docs_src/sub_applications,Python,.py,10,274,False
fastapi,docs_src/templates/__init__.py,__init__.py,docs_src/templates,Python,.py,0,0,False
fastapi,docs_src/templates/static/__init__.py,__init__.py,docs_src/templates/static,Python,.py,0,0,False
fastapi,docs_src/templates/templates/__init__.py,__init__.py,docs_src/templates/templates,Python,.py,0,0,False
fastapi,docs_src/templates/tutorial001_py310.py,tutorial001_py310.py,docs_src/templates,Python,.py,12,521,False
fastapi,docs_src/using_request_directly/__init__.py,__init__.py,docs_src/using_request_directly,Python,.py,0,0,False
fastapi,docs_src/using_request_directly/tutorial001_py310.py,tutorial001_py310.py,docs_src/using_request_directly,Python,.py,6,230,False
fastapi,docs_src/websockets_/__init__.py,__init__.py,docs_src/websockets_,Python,.py,0,0,False
fastapi,docs_src/websockets_/tutorial001_py310.py,tutorial001_py310.py,docs_src/websockets_,Python,.py,45,1432,False
fastapi,docs_src/websockets_/tutorial002_an_py310.py,tutorial002_an_py310.py,docs_src/websockets_,Python,.py,83,2855,False
fastapi,docs_src/websockets_/tutorial002_py310.py,tutorial002_py310.py,docs_src/websockets_,Python,.py,81,2798,False
fastapi,docs_src/websockets_/tutorial003_py310.py,tutorial003_py310.py,docs_src/websockets_,Python,.py,67,2549,False
fastapi,docs_src/wsgi/__init__.py,__init__.py,docs_src/wsgi,Python,.py,0,0,False
fastapi,docs_src/wsgi/tutorial001_py310.py,tutorial001_py310.py,docs_src/wsgi,Python,.py,14,426,False
fastapi,fastapi/__init__.py,__init__.py,fastapi,Python,.py,22,1081,False
fastapi,fastapi/__main__.py,__main__.py,fastapi,Python,.py,2,37,False
fastapi,fastapi/_compat/__init__.py,__init__.py,fastapi/_compat,Python,.py,40,2095,False
fastapi,fastapi/_compat/shared.py,shared.py,fastapi/_compat,Python,.py,179,7323,False
fastapi,fastapi/_compat/v2.py,v2.py,fastapi/_compat,Python,.py,430,17601,False
fastapi,fastapi/applications.py,applications.py,fastapi,Python,.py,4112,183840,False
fastapi,fastapi/background.py,background.py,fastapi,Python,.py,46,1820,False
fastapi,fastapi/cli.py,cli.py,fastapi,Python,.py,10,454,False
fastapi,fastapi/concurrency.py,concurrency.py,fastapi,Python,.py,37,1489,False
fastapi,fastapi/datastructures.py,datastructures.py,fastapi,Python,.py,144,5321,False
fastapi,fastapi/dependencies/__init__.py,__init__.py,fastapi/dependencies,Python,.py,0,0,False
fastapi,fastapi/dependencies/models.py,models.py,fastapi/dependencies,Python,.py,195,8092,False
fastapi,fastapi/dependencies/utils.py,utils.py,fastapi/dependencies,Python,.py,961,39180,False
fastapi,fastapi/encoders.py,encoders.py,fastapi,Python,.py,338,11713,False
fastapi,fastapi/exception_handlers.py,exception_handlers.py,fastapi,Python,.py,28,1275,False
fastapi,fastapi/exceptions.py,exceptions.py,fastapi,Python,.py,203,7453,False
fastapi,fastapi/logger.py,logger.py,fastapi,Python,.py,2,54,False
fastapi,fastapi/middleware/__init__.py,__init__.py,fastapi/middleware,Python,.py,1,58,False
fastapi,fastapi/middleware/asyncexitstack.py,asyncexitstack.py,fastapi/middleware,Python,.py,14,637,False
fastapi,fastapi/middleware/cors.py,cors.py,fastapi/middleware,Python,.py,1,79,False
fastapi,fastapi/middleware/gzip.py,gzip.py,fastapi/middleware,Python,.py,1,79,False
fastapi,fastapi/middleware/httpsredirect.py,httpsredirect.py,fastapi/middleware,Python,.py,3,115,False
fastapi,fastapi/middleware/trustedhost.py,trustedhost.py,fastapi/middleware,Python,.py,3,109,False
fastapi,fastapi/middleware/wsgi.py,wsgi.py,fastapi/middleware,Python,.py,3,107,False
fastapi,fastapi/openapi/__init__.py,__init__.py,fastapi/openapi,Python,.py,0,0,False
fastapi,fastapi/openapi/constants.py,constants.py,fastapi/openapi,Python,.py,3,153,False
fastapi,fastapi/openapi/docs.py,docs.py,fastapi/openapi,Python,.py,342,12425,False
fastapi,fastapi/openapi/models.py,models.py,fastapi/openapi,Python,.py,338,14608,False
fastapi,fastapi/openapi/utils.py,utils.py,fastapi/openapi,Python,.py,649,29347,False
fastapi,fastapi/param_functions.py,param_functions.py,fastapi,Python,.py,2323,69596,False
fastapi,fastapi/params.py,params.py,fastapi,Python,.py,718,26205,False
fastapi,fastapi/requests.py,requests.py,fastapi,Python,.py,2,142,False
fastapi,fastapi/responses.py,responses.py,fastapi,Python,.py,76,4144,False
fastapi,fastapi/routing.py,routing.py,fastapi,Python,.py,5730,255632,False
fastapi,fastapi/security/__init__.py,__init__.py,fastapi/security,Python,.py,15,881,False
fastapi,fastapi/security/api_key.py,api_key.py,fastapi/security,Python,.py,254,9756,False
fastapi,fastapi/security/base.py,base.py,fastapi/security,Python,.py,4,141,False
fastapi,fastapi/security/http.py,http.py,fastapi/security,Python,.py,335,13410,False
fastapi,fastapi/security/oauth2.py,oauth2.py,fastapi/security,Python,.py,605,24178,False
fastapi,fastapi/security/open_id_connect_url.py,open_id_connect_url.py,fastapi/security,Python,.py,82,3136,False
fastapi,fastapi/security/utils.py,utils.py,fastapi/security,Python,.py,7,261,False
fastapi,fastapi/sse.py,sse.py,fastapi,Python,.py,197,7083,False
fastapi,fastapi/staticfiles.py,staticfiles.py,fastapi,Python,.py,1,69,False
fastapi,fastapi/templating.py,templating.py,fastapi,Python,.py,1,76,False
fastapi,fastapi/testclient.py,testclient.py,fastapi,Python,.py,1,66,False
fastapi,fastapi/types.py,types.py,fastapi,Python,.py,10,438,False
fastapi,fastapi/utils.py,utils.py,fastapi,Python,.py,115,4341,False
fastapi,fastapi/websockets.py,websockets.py,fastapi,Python,.py,3,222,False
fastapi,scripts/add_latest_release_date.py,add_latest_release_date.py,scripts,Python,.py,28,1023,False
fastapi,scripts/deploy_docs_status.py,deploy_docs_status.py,scripts,Python,.py,131,4552,False
fastapi,scripts/doc_parsing_utils.py,doc_parsing_utils.py,scripts,Python,.py,595,24121,False
fastapi,scripts/docs.py,docs.py,scripts,Python,.py,795,32404,False
fastapi,scripts/format.sh,format.sh,scripts,Shell,.sh,4,119,False
fastapi,scripts/label_approved.py,label_approved.py,scripts,Python,.py,51,2245,False
fastapi,scripts/lint.sh,lint.sh,scripts,Shell,.sh,7,134,False
fastapi,scripts/notify_translations.py,notify_translations.py,scripts,Python,.py,351,12961,False
fastapi,scripts/playwright/cookie_param_models/image01.py,image01.py,scripts/playwright/cookie_param_models,Python,.py,33,1193,False
fastapi,scripts/playwright/header_param_models/image01.py,image01.py,scripts/playwright/header_param_models,Python,.py,32,1175,False
fastapi,scripts/playwright/json_base64_bytes/image01.py,image01.py,scripts/playwright/json_base64_bytes,Python,.py,31,1117,False
fastapi,scripts/playwright/query_param_models/image01.py,image01.py,scripts/playwright/query_param_models,Python,.py,35,1322,False
fastapi,scripts/playwright/request_form_models/image01.py,image01.py,scripts/playwright/request_form_models,Python,.py,32,1171,False
fastapi,scripts/playwright/separate_openapi_schemas/image01.py,image01.py,scripts/playwright/separate_openapi_schemas,Python,.py,26,974,False
fastapi,scripts/playwright/separate_openapi_schemas/image02.py,image02.py,scripts/playwright/separate_openapi_schemas,Python,.py,27,1028,False
fastapi,scripts/playwright/separate_openapi_schemas/image03.py,image03.py,scripts/playwright/separate_openapi_schemas,Python,.py,27,1047,False
fastapi,scripts/playwright/separate_openapi_schemas/image04.py,image04.py,scripts/playwright/separate_openapi_schemas,Python,.py,27,1036,False
fastapi,scripts/playwright/separate_openapi_schemas/image05.py,image05.py,scripts/playwright/separate_openapi_schemas,Python,.py,26,984,False
fastapi,scripts/playwright/sql_databases/image01.py,image01.py,scripts/playwright/sql_databases,Python,.py,31,1083,False
fastapi,scripts/playwright/sql_databases/image02.py,image02.py,scripts/playwright/sql_databases,Python,.py,31,1083,False
fastapi,scripts/prepare_release.py,prepare_release.py,scripts,Python,.py,184,6667,False
fastapi,scripts/sponsors.py,sponsors.py,scripts,Python,.py,181,6245,False
fastapi,scripts/test-cov-html.sh,test-cov-html.sh,scripts,Shell,.sh,4,110,False
fastapi,scripts/test-cov.sh,test-cov.sh,scripts,Shell,.sh,4,87,False
fastapi,scripts/test.sh,test.sh,scripts,Shell,.sh,5,124,False
fastapi,scripts/tests/test_translation_fixer/conftest.py,conftest.py,scripts/tests/test_translation_fixer,Python,.py,47,1637,True
fastapi,scripts/tests/test_translation_fixer/test_code_blocks/test_code_blocks_lines_number_mismatch.py,test_code_blocks_lines_number_mismatch.py,scripts/tests/test_translation_fixer/test_code_blocks,Python,.py,47,1916,True
fastapi,scripts/tests/test_translation_fixer/test_code_blocks/test_code_blocks_mermaid.py,test_code_blocks_mermaid.py,scripts/tests/test_translation_fixer/test_code_blocks,Python,.py,48,1807,True
fastapi,scripts/tests/test_translation_fixer/test_code_blocks/test_code_blocks_number_mismatch.py,test_code_blocks_number_mismatch.py,scripts/tests/test_translation_fixer/test_code_blocks,Python,.py,49,1902,True
fastapi,scripts/tests/test_translation_fixer/test_code_blocks/test_code_blocks_wrong_lang_code.py,test_code_blocks_wrong_lang_code.py,scripts/tests/test_translation_fixer/test_code_blocks,Python,.py,47,1950,True
fastapi,scripts/tests/test_translation_fixer/test_code_includes/test_number_mismatch.py,test_number_mismatch.py,scripts/tests/test_translation_fixer/test_code_includes,Python,.py,49,1934,True
fastapi,scripts/tests/test_translation_fixer/test_complex_doc/test_compex_doc.py,test_compex_doc.py,scripts/tests/test_translation_fixer/test_complex_doc,Python,.py,23,902,True
fastapi,scripts/tests/test_translation_fixer/test_header_permalinks/test_header_level_mismatch.py,test_header_level_mismatch.py,scripts/tests/test_translation_fixer/test_header_permalinks,Python,.py,49,1999,True
fastapi,scripts/tests/test_translation_fixer/test_header_permalinks/test_header_number_mismatch.py,test_header_number_mismatch.py,scripts/tests/test_translation_fixer/test_header_permalinks,Python,.py,49,1900,True
fastapi,scripts/tests/test_translation_fixer/test_html_links/test_html_links_number_mismatch.py,test_html_links_number_mismatch.py,scripts/tests/test_translation_fixer/test_html_links,Python,.py,47,1893,True
fastapi,scripts/tests/test_translation_fixer/test_markdown_links/test_mkd_links_number_mismatch.py,test_mkd_links_number_mismatch.py,scripts/tests/test_translation_fixer/test_markdown_links,Python,.py,49,1911,True
fastapi,scripts/topic_repos.py,topic_repos.py,scripts,Python,.py,70,2804,False
fastapi,scripts/translate.py,translate.py,scripts,Python,.py,429,16939,False
fastapi,scripts/translation_fixer.py,translation_fixer.py,scripts,Python,.py,103,3311,False
fastapi,scripts/translation_git.py,translation_git.py,scripts,Python,.py,43,1314,False
fastapi,tests/__init__.py,__init__.py,tests,Python,.py,0,0,True
fastapi,tests/benchmarks/__init__.py,__init__.py,tests/benchmarks,Python,.py,0,0,True
fastapi,tests/benchmarks/test_general_performance.py,test_general_performance.py,tests/benchmarks,Python,.py,288,11393,True
fastapi,tests/benchmarks/test_openapi.py,test_openapi.py,tests/benchmarks,Python,.py,28,853,True
fastapi,tests/benchmarks/utils.py,utils.py,tests/benchmarks,Python,.py,35,1447,True
fastapi,tests/forward_reference_type.py,forward_reference_type.py,tests,Python,.py,5,196,True
fastapi,tests/main.py,main.py,tests,Python,.py,127,4558,True
fastapi,tests/memory_benchmarks/__init__.py,__init__.py,tests/memory_benchmarks,Python,.py,0,0,True
fastapi,tests/memory_benchmarks/test_dependency_graph.py,test_dependency_graph.py,tests/memory_benchmarks,Python,.py,67,2389,True
fastapi,tests/memory_benchmarks/test_openapi.py,test_openapi.py,tests/memory_benchmarks,Python,.py,28,853,True
fastapi,tests/memory_benchmarks/test_route_dependency_graph.py,test_route_dependency_graph.py,tests/memory_benchmarks,Python,.py,47,1738,True
fastapi,tests/test_additional_properties.py,test_additional_properties.py,tests,Python,.py,103,4238,True
fastapi,tests/test_additional_properties_bool.py,test_additional_properties_bool.py,tests,Python,.py,109,4351,True
fastapi,tests/test_additional_response_extra.py,test_additional_response_extra.py,tests,Python,.py,39,1336,True
fastapi,tests/test_additional_responses_bad.py,test_additional_responses_bad.py,tests,Python,.py,32,1117,True
fastapi,tests/test_additional_responses_custom_model_in_callback.py,test_additional_responses_custom_model_in_callback.py,tests,Python,.py,134,6028,True
fastapi,tests/test_additional_responses_custom_validationerror.py,test_additional_responses_custom_validationerror.py,tests,Python,.py,87,3253,True
fastapi,tests/test_additional_responses_default_validationerror.py,test_additional_responses_default_validationerror.py,tests,Python,.py,84,3409,True
fastapi,tests/test_additional_responses_response_class.py,test_additional_responses_response_class.py,tests,Python,.py,102,3887,True
fastapi,tests/test_additional_responses_router.py,test_additional_responses_router.py,tests,Python,.py,156,5704,True
fastapi,tests/test_additional_responses_union_duplicate_anyof.py,test_additional_responses_union_duplicate_anyof.py,tests,Python,.py,109,4405,True
fastapi,tests/test_allow_inf_nan_in_enforcing.py,test_allow_inf_nan_in_enforcing.py,tests,Python,.py,70,1823,True
fastapi,tests/test_ambiguous_params.py,test_ambiguous_params.py,tests,Python,.py,57,2072,True
fastapi,tests/test_annotated.py,test_annotated.py,tests,Python,.py,267,10725,True
fastapi,tests/test_application.py,test_application.py,tests,Python,.py,1271,58296,True
fastapi,tests/test_arbitrary_types.py,test_arbitrary_types.py,tests,Python,.py,116,3886,True
fastapi,tests/test_callable_endpoint.py,test_callable_endpoint.py,tests,Python,.py,13,426,True
fastapi,tests/test_compat.py,test_compat.py,tests,Python,.py,107,4581,True
fastapi,tests/test_computed_fields.py,test_computed_fields.py,tests,Python,.py,96,3852,True
fastapi,tests/test_custom_middleware_exception.py,test_custom_middleware_exception.py,tests,Python,.py,72,2948,True
fastapi,tests/test_custom_route_class.py,test_custom_route_class.py,tests,Python,.py,91,3167,True
fastapi,tests/test_custom_schema_fields.py,test_custom_schema_fields.py,tests,Python,.py,46,1325,True
fastapi,tests/test_custom_swagger_ui_redirect.py,test_custom_swagger_ui_redirect.py,tests,Python,.py,26,1091,True
fastapi,tests/test_datastructures.py,test_datastructures.py,tests,Python,.py,49,1926,True
fastapi,tests/test_datetime_custom_encoder.py,test_datetime_custom_encoder.py,tests,Python,.py,20,817,True
fastapi,tests/test_default_response_class.py,test_default_response_class.py,tests,Python,.py,151,5487,True
fastapi,tests/test_default_response_class_router.py,test_default_response_class_router.py,tests,Python,.py,141,5117,True
fastapi,tests/test_dependencies_utils.py,test_dependencies_utils.py,tests,Python,.py,6,241,True
fastapi,tests/test_dependency_after_yield_raise.py,test_dependency_after_yield_raise.py,tests,Python,.py,45,1774,True
fastapi,tests/test_dependency_after_yield_streaming.py,test_dependency_after_yield_streaming.py,tests,Python,.py,88,3312,True
fastapi,tests/test_dependency_after_yield_websockets.py,test_dependency_after_yield_websockets.py,tests,Python,.py,56,2005,True
fastapi,tests/test_dependency_cache.py,test_dependency_cache.py,tests,Python,.py,67,2787,True
fastapi,tests/test_dependency_class.py,test_dependency_class.py,tests,Python,.py,109,4466,True
fastapi,tests/test_dependency_contextmanager.py,test_dependency_contextmanager.py,tests,Python,.py,288,11763,True
fastapi,tests/test_dependency_contextvars.py,test_dependency_contextvars.py,tests,Python,.py,37,1568,True
fastapi,tests/test_dependency_duplicates.py,test_dependency_duplicates.py,tests,Python,.py,211,8993,True
fastapi,tests/test_dependency_models.py,test_dependency_models.py,tests,Python,.py,145,6159,True
fastapi,tests/test_dependency_overrides.py,test_dependency_overrides.py,tests,Python,.py,310,11457,True
fastapi,tests/test_dependency_paramless.py,test_dependency_paramless.py,tests,Python,.py,56,2370,True
fastapi,tests/test_dependency_partial.py,test_dependency_partial.py,tests,Python,.py,198,6493,True
fastapi,tests/test_dependency_pep695.py,test_dependency_pep695.py,tests,Python,.py,18,628,True
fastapi,tests/test_dependency_security_overrides.py,test_dependency_security_overrides.py,tests,Python,.py,44,1431,True
fastapi,tests/test_dependency_wrapped.py,test_dependency_wrapped.py,tests,Python,.py,303,11487,True
fastapi,tests/test_dependency_yield_except_httpexception.py,test_dependency_yield_except_httpexception.py,tests,Python,.py,53,1961,True
fastapi,tests/test_dependency_yield_scope.py,test_dependency_yield_scope.py,tests,Python,.py,171,6837,True
fastapi,tests/test_dependency_yield_scope_websockets.py,test_dependency_yield_scope_websockets.py,tests,Python,.py,149,6177,True
fastapi,tests/test_depends_hashable.py,test_depends_hashable.py,tests,Python,.py,18,596,True
fastapi,tests/test_deprecated_openapi_prefix.py,test_deprecated_openapi_prefix.py,tests,Python,.py,36,1326,True
fastapi,tests/test_deprecated_responses.py,test_deprecated_responses.py,tests,Python,.py,55,2288,True
fastapi,tests/test_dump_json_fast_path.py,test_dump_json_fast_path.py,tests,Python,.py,36,1476,True
fastapi,tests/test_duplicate_models_openapi.py,test_duplicate_models_openapi.py,tests,Python,.py,69,2470,True
fastapi,tests/test_empty_router.py,test_empty_router.py,tests,Python,.py,23,805,True
fastapi,tests/test_enforce_once_required_parameter.py,test_enforce_once_required_parameter.py,tests,Python,.py,100,4154,True
fastapi,tests/test_exception_handlers.py,test_exception_handlers.py,tests,Python,.py,57,2504,True
fastapi,tests/test_extra_routes.py,test_extra_routes.py,tests,Python,.py,333,15071,True
fastapi,tests/test_fastapi_cli.py,test_fastapi_cli.py,tests,Python,.py,29,866,True
fastapi,tests/test_file_and_form_order_issue_9116.py,test_file_and_form_order_issue_9116.py,tests,Python,.py,68,2304,True
fastapi,tests/test_filter_pydantic_sub_model_pv2.py,test_filter_pydantic_sub_model_pv2.py,tests,Python,.py,166,6849,True
fastapi,tests/test_form_default.py,test_form_default.py,tests,Python,.py,22,829,True
fastapi,tests/test_forms_from_non_typing_sequences.py,test_forms_from_non_typing_sequences.py,tests,Python,.py,31,1202,True
fastapi,tests/test_forms_single_model.py,test_forms_single_model.py,tests,Python,.py,116,3452,True
fastapi,tests/test_forms_single_param.py,test_forms_single_param.py,tests,Python,.py,99,4192,True
fastapi,tests/test_frontend.py,test_frontend.py,tests,Python,.py,1051,42460,True
fastapi,tests/test_generate_unique_id_function.py,test_generate_unique_id_function.py,tests,Python,.py,1644,76760,True
fastapi,tests/test_generic_parameterless_depends.py,test_generic_parameterless_depends.py,tests,Python,.py,60,2023,True
fastapi,tests/test_get_model_definitions_formfeed_escape.py,test_get_model_definitions_formfeed_escape.py,tests,Python,.py,148,6103,True
fastapi,tests/test_get_request_body.py,test_get_request_body.py,tests,Python,.py,103,4311,True
fastapi,tests/test_http_connection_injection.py,test_http_connection_injection.py,tests,Python,.py,26,972,True
fastapi,tests/test_include_route.py,test_include_route.py,tests,Python,.py,14,496,True
fastapi,tests/test_include_router_defaults_overrides.py,test_include_router_defaults_overrides.py,tests,Python,.py,7207,394863,True
fastapi,tests/test_infer_param_optionality.py,test_infer_param_optionality.py,tests,Python,.py,303,13515,True
fastapi,tests/test_inherited_custom_class.py,test_inherited_custom_class.py,tests,Python,.py,49,1797,True
fastapi,tests/test_invalid_path_param.py,test_invalid_path_param.py,tests,Python,.py,51,1666,True
fastapi,tests/test_invalid_sequence_param.py,test_invalid_sequence_param.py,tests,Python,.py,47,1545,True
fastapi,tests/test_json_type.py,test_json_type.py,tests,Python,.py,43,1694,True
fastapi,tests/test_jsonable_encoder.py,test_jsonable_encoder.py,tests,Python,.py,246,10584,True
fastapi,tests/test_list_bytes_file_order_preserved_issue_14811.py,test_list_bytes_file_order_preserved_issue_14811.py,tests,Python,.py,35,1411,True
fastapi,tests/test_local_docs.py,test_local_docs.py,tests,Python,.py,56,2548,True
fastapi,tests/test_modules_same_name_body/__init__.py,__init__.py,tests/test_modules_same_name_body,Python,.py,0,0,True
fastapi,tests/test_modules_same_name_body/app/__init__.py,__init__.py,tests/test_modules_same_name_body/app,Python,.py,0,0,True
fastapi,tests/test_modules_same_name_body/app/a.py,a.py,tests/test_modules_same_name_body/app,Python,.py,5,160,True
fastapi,tests/test_modules_same_name_body/app/b.py,b.py,tests/test_modules_same_name_body/app,Python,.py,5,161,True
fastapi,tests/test_modules_same_name_body/app/main.py,main.py,tests/test_modules_same_name_body/app,Python,.py,5,150,True
fastapi,tests/test_modules_same_name_body/test_main.py,test_main.py,tests/test_modules_same_name_body,Python,.py,148,6366,True
fastapi,tests/test_multi_body_errors.py,test_multi_body_errors.py,tests,Python,.py,175,6875,True
fastapi,tests/test_multi_query_errors.py,test_multi_query_errors.py,tests,Python,.py,111,4504,True
fastapi,tests/test_multipart_installation.py,test_multipart_installation.py,tests,Python,.py,115,5809,True
fastapi,tests/test_nested_annotated_in_sequence.py,test_nested_annotated_in_sequence.py,tests,Python,.py,128,5175,True
fastapi,tests/test_no_schema_split.py,test_no_schema_split.py,tests,Python,.py,157,6653,True
fastapi,tests/test_no_swagger_ui_redirect.py,test_no_swagger_ui_redirect.py,tests,Python,.py,20,786,True
fastapi,tests/test_openapi_cache_root_path.py,test_openapi_cache_root_path.py,tests,Python,.py,56,2348,True
fastapi,tests/test_openapi_examples.py,test_openapi_examples.py,tests,Python,.py,399,16749,True
fastapi,tests/test_openapi_model_description_trim_on_formfeed.py,test_openapi_model_description_trim_on_formfeed.py,tests,Python,.py,21,660,True
fastapi,tests/test_openapi_query_parameter_extension.py,test_openapi_query_parameter_extension.py,tests,Python,.py,122,4901,True
fastapi,tests/test_openapi_route_extensions.py,test_openapi_route_extensions.py,tests,Python,.py,36,1273,True
fastapi,tests/test_openapi_schema_type.py,test_openapi_schema_type.py,tests,Python,.py,20,722,True
fastapi,tests/test_openapi_separate_input_output_schemas.py,test_openapi_separate_input_output_schemas.py,tests,Python,.py,648,28494,True
fastapi,tests/test_openapi_servers.py,test_openapi_servers.py,tests,Python,.py,51,1759,True
fastapi,tests/test_operations_signatures.py,test_operations_signatures.py,tests,Python,.py,18,934,True
fastapi,tests/test_optional_file_list.py,test_optional_file_list.py,tests,Python,.py,21,789,True
fastapi,tests/test_orjson_response_class.py,test_orjson_response_class.py,tests,Python,.py,22,944,True
fastapi,tests/test_param_class.py,test_param_class.py,tests,Python,.py,16,604,True
fastapi,tests/test_param_in_path_and_dependency.py,test_param_in_path_and_dependency.py,tests,Python,.py,88,3648,True
fastapi,tests/test_param_include_in_schema.py,test_param_include_in_schema.py,tests,Python,.py,227,8848,True
fastapi,tests/test_params_repr.py,test_params_repr.py,tests,Python,.py,58,2321,True
fastapi,tests/test_path.py,test_path.py,tests,Python,.py,628,21003,True
fastapi,tests/test_prepare_release.py,test_prepare_release.py,tests,Python,.py,218,7400,True
fastapi,tests/test_put_no_body.py,test_put_no_body.py,tests,Python,.py,92,3889,True
fastapi,tests/test_pydantic_v1_error.py,test_pydantic_v1_error.py,tests,Python,.py,61,2347,True
fastapi,tests/test_pydanticv2_dataclasses_uuid_stringified_annotations.py,test_pydanticv2_dataclasses_uuid_stringified_annotations.py,tests,Python,.py,39,1131,True
fastapi,tests/test_query.py,test_query.py,tests,Python,.py,217,7548,True
fastapi,tests/test_query_cookie_header_model_extra_params.py,test_query_cookie_header_model_extra_params.py,tests,Python,.py,106,3282,True
fastapi,tests/test_read_with_orm_mode.py,test_read_with_orm_mode.py,tests,Python,.py,31,1215,True
fastapi,tests/test_regex_deprecated_body.py,test_regex_deprecated_body.py,tests,Python,.py,140,5490,True
fastapi,tests/test_regex_deprecated_params.py,test_regex_deprecated_params.py,tests,Python,.py,132,5209,True
fastapi,tests/test_repeated_cookie_headers.py,test_repeated_cookie_headers.py,tests,Python,.py,21,792,True
fastapi,tests/test_repeated_dependency_schema.py,test_repeated_dependency_schema.py,tests,Python,.py,96,4075,True
fastapi,tests/test_repeated_parameter_alias.py,test_repeated_parameter_alias.py,tests,Python,.py,97,4262,True
fastapi,tests/test_request_body_parameters_media_type.py,test_request_body_parameters_media_type.py,tests,Python,.py,170,7344,True
fastapi,tests/test_request_param_model_by_alias.py,test_request_param_model_by_alias.py,tests,Python,.py,51,2182,True
fastapi,tests/test_request_params/__init__.py,__init__.py,tests/test_request_params,Python,.py,0,0,True
fastapi,tests/test_request_params/test_body/__init__.py,__init__.py,tests/test_request_params/test_body,Python,.py,0,0,True
fastapi,tests/test_request_params/test_body/test_list.py,test_list.py,tests/test_request_params/test_body,Python,.py,361,12158,True
fastapi,tests/test_request_params/test_body/test_optional_list.py,test_optional_list.py,tests/test_request_params/test_body,Python,.py,368,12933,True
fastapi,tests/test_request_params/test_body/test_optional_str.py,test_optional_str.py,tests/test_request_params/test_body,Python,.py,343,11786,True
fastapi,tests/test_request_params/test_body/test_required_str.py,test_required_str.py,tests/test_request_params/test_body,Python,.py,344,11204,True
fastapi,tests/test_request_params/test_body/utils.py,utils.py,tests/test_request_params/test_body,Python,.py,5,268,True
fastapi,tests/test_request_params/test_cookie/__init__.py,__init__.py,tests/test_request_params/test_cookie,Python,.py,0,0,True
fastapi,tests/test_request_params/test_cookie/test_list.py,test_list.py,tests/test_request_params/test_cookie,Python,.py,3,234,True
fastapi,tests/test_request_params/test_cookie/test_optional_list.py,test_optional_list.py,tests/test_request_params/test_cookie,Python,.py,3,234,True
fastapi,tests/test_request_params/test_cookie/test_optional_str.py,test_optional_str.py,tests/test_request_params/test_cookie,Python,.py,271,8810,True
fastapi,tests/test_request_params/test_cookie/test_required_str.py,test_required_str.py,tests/test_request_params/test_cookie,Python,.py,352,10642,True
fastapi,tests/test_request_params/test_file/__init__.py,__init__.py,tests/test_request_params/test_file,Python,.py,0,0,True
fastapi,tests/test_request_params/test_file/test_list.py,test_list.py,tests/test_request_params/test_file,Python,.py,388,11832,True
fastapi,tests/test_request_params/test_file/test_optional.py,test_optional.py,tests/test_request_params/test_file,Python,.py,301,10017,True
fastapi,tests/test_request_params/test_file/test_optional_list.py,test_optional_list.py,tests/test_request_params/test_file,Python,.py,321,11068,True
fastapi,tests/test_request_params/test_file/test_required.py,test_required.py,tests/test_request_params/test_file,Python,.py,372,11347,True
fastapi,tests/test_request_params/test_file/utils.py,utils.py,tests/test_request_params/test_file,Python,.py,5,271,True
fastapi,tests/test_request_params/test_form/__init__.py,__init__.py,tests/test_request_params/test_form,Python,.py,0,0,True
fastapi,tests/test_request_params/test_form/test_list.py,test_list.py,tests/test_request_params/test_form,Python,.py,364,11973,True
fastapi,tests/test_request_params/test_form/test_optional_list.py,test_optional_list.py,tests/test_request_params/test_form,Python,.py,288,10103,True
fastapi,tests/test_request_params/test_form/test_optional_str.py,test_optional_str.py,tests/test_request_params/test_form,Python,.py,267,9087,True
fastapi,tests/test_request_params/test_form/test_required_str.py,test_required_str.py,tests/test_request_params/test_form,Python,.py,340,10904,True
fastapi,tests/test_request_params/test_form/utils.py,utils.py,tests/test_request_params/test_form,Python,.py,5,285,True
fastapi,tests/test_request_params/test_header/__init__.py,__init__.py,tests/test_request_params/test_header,Python,.py,0,0,True
fastapi,tests/test_request_params/test_header/test_list.py,test_list.py,tests/test_request_params/test_header,Python,.py,360,11614,True
fastapi,tests/test_request_params/test_header/test_optional_list.py,test_optional_list.py,tests/test_request_params/test_header,Python,.py,287,9842,True
fastapi,tests/test_request_params/test_header/test_optional_str.py,test_optional_str.py,tests/test_request_params/test_header,Python,.py,263,8706,True
fastapi,tests/test_request_params/test_header/test_required_str.py,test_required_str.py,tests/test_request_params/test_header,Python,.py,341,10528,True
fastapi,tests/test_request_params/test_path/__init__.py,__init__.py,tests/test_request_params/test_path,Python,.py,0,0,True
fastapi,tests/test_request_params/test_path/test_list.py,test_list.py,tests/test_request_params/test_path,Python,.py,1,63,True
fastapi,tests/test_request_params/test_path/test_optional_list.py,test_optional_list.py,tests/test_request_params/test_path,Python,.py,1,45,True
fastapi,tests/test_request_params/test_path/test_optional_str.py,test_optional_str.py,tests/test_request_params/test_path,Python,.py,1,45,True
fastapi,tests/test_request_params/test_path/test_required_str.py,test_required_str.py,tests/test_request_params/test_path,Python,.py,74,2492,True
fastapi,tests/test_request_params/test_query/__init__.py,__init__.py,tests/test_request_params/test_query,Python,.py,0,0,True
fastapi,tests/test_request_params/test_query/test_list.py,test_list.py,tests/test_request_params/test_query,Python,.py,361,11469,True
fastapi,tests/test_request_params/test_query/test_optional_list.py,test_optional_list.py,tests/test_request_params/test_query,Python,.py,283,9625,True
fastapi,tests/test_request_params/test_query/test_optional_str.py,test_optional_str.py,tests/test_request_params/test_query,Python,.py,263,8577,True
fastapi,tests/test_request_params/test_query/test_required_str.py,test_required_str.py,tests/test_request_params/test_query,Python,.py,344,10401,True
fastapi,tests/test_required_noneable.py,test_required_noneable.py,tests,Python,.py,37,1486,True
fastapi,tests/test_response_by_alias.py,test_response_by_alias.py,tests,Python,.py,284,11945,True
fastapi,tests/test_response_change_status_code.py,test_response_change_status_code.py,tests,Python,.py,15,589,True
fastapi,tests/test_response_class_no_mediatype.py,test_response_class_no_mediatype.py,tests,Python,.py,99,3730,True
fastapi,tests/test_response_code_no_body.py,test_response_code_no_body.py,tests,Python,.py,98,3602,True
fastapi,tests/test_response_dependency.py,test_response_dependency.py,tests,Python,.py,126,5306,True
fastapi,tests/test_response_model_as_return_annotation.py,test_response_model_as_return_annotation.py,tests,Python,.py,959,51969,True
fastapi,tests/test_response_model_data_filter.py,test_response_model_data_filter.py,tests,Python,.py,54,1701,True
fastapi,tests/test_response_model_data_filter_no_inheritance.py,test_response_model_data_filter_no_inheritance.py,tests,Python,.py,56,1721,True
fastapi,tests/test_response_model_default_factory.py,test_response_model_default_factory.py,tests,Python,.py,30,1264,True
fastapi,tests/test_response_model_include_exclude.py,test_response_model_include_exclude.py,tests,Python,.py,137,4118,True
fastapi,tests/test_response_model_invalid.py,test_response_model_invalid.py,tests,Python,.py,29,1099,True
fastapi,tests/test_response_model_sub_types.py,test_response_model_sub_types.py,tests,Python,.py,143,5933,True
fastapi,tests/test_response_set_response_code_empty.py,test_response_set_response_code_empty.py,tests,Python,.py,94,3723,True
fastapi,tests/test_return_none_stringified_annotations.py,test_return_none_stringified_annotations.py,tests,Python,.py,12,431,True
fastapi,tests/test_route_scope.py,test_route_scope.py,tests,Python,.py,33,1530,True
fastapi,tests/test_router_circular_import.py,test_router_circular_import.py,tests,Python,.py,9,317,True
fastapi,tests/test_router_events.py,test_router_events.py,tests,Python,.py,297,12287,True
fastapi,tests/test_router_include_context.py,test_router_include_context.py,tests,Python,.py,794,32160,True
fastapi,tests/test_router_prefix_with_template.py,test_router_prefix_with_template.py,tests,Python,.py,13,484,True
fastapi,tests/test_router_redirect_slashes.py,test_router_redirect_slashes.py,tests,Python,.py,26,974,True
fastapi,tests/test_schema_compat_pydantic_v2.py,test_schema_compat_pydantic_v2.py,tests,Python,.py,108,4280,True
fastapi,tests/test_schema_extra_examples.py,test_schema_extra_examples.py,tests,Python,.py,818,35532,True
fastapi,tests/test_schema_ref_pydantic_v2.py,test_schema_ref_pydantic_v2.py,tests,Python,.py,58,2164,True
fastapi,tests/test_security_api_key_cookie.py,test_security_api_key_cookie.py,tests,Python,.py,56,2157,True
fastapi,tests/test_security_api_key_cookie_description.py,test_security_api_key_cookie_description.py,tests,Python,.py,61,2345,True
fastapi,tests/test_security_api_key_cookie_optional.py,test_security_api_key_cookie_optional.py,tests,Python,.py,60,2267,True
fastapi,tests/test_security_api_key_header.py,test_security_api_key_header.py,tests,Python,.py,54,2097,True
fastapi,tests/test_security_api_key_header_description.py,test_security_api_key_header_description.py,tests,Python,.py,59,2285,True
fastapi,tests/test_security_api_key_header_optional.py,test_security_api_key_header_optional.py,tests,Python,.py,57,2200,True
fastapi,tests/test_security_api_key_query.py,test_security_api_key_query.py,tests,Python,.py,54,2076,True
fastapi,tests/test_security_api_key_query_description.py,test_security_api_key_query_description.py,tests,Python,.py,59,2256,True
fastapi,tests/test_security_api_key_query_optional.py,test_security_api_key_query_optional.py,tests,Python,.py,57,2179,True
fastapi,tests/test_security_http_base.py,test_security_http_base.py,tests,Python,.py,50,2254,True
fastapi,tests/test_security_http_base_description.py,test_security_http_base_description.py,tests,Python,.py,52,2201,True
fastapi,tests/test_security_http_base_optional.py,test_security_http_base_optional.py,tests,Python,.py,49,2045,True
fastapi,tests/test_security_http_basic_optional.py,test_security_http_basic_optional.py,tests,Python,.py,62,2751,True
fastapi,tests/test_security_http_basic_realm.py,test_security_http_basic_realm.py,tests,Python,.py,61,2765,True
fastapi,tests/test_security_http_basic_realm_description.py,test_security_http_basic_realm_description.py,tests,Python,.py,67,2965,True
fastapi,tests/test_security_http_bearer.py,test_security_http_bearer.py,tests,Python,.py,51,2313,True
fastapi,tests/test_security_http_bearer_description.py,test_security_http_bearer_description.py,tests,Python,.py,57,2527,True
fastapi,tests/test_security_http_bearer_optional.py,test_security_http_bearer_optional.py,tests,Python,.py,53,2307,True
fastapi,tests/test_security_http_digest.py,test_security_http_digest.py,tests,Python,.py,53,2338,True
fastapi,tests/test_security_http_digest_description.py,test_security_http_digest_description.py,tests,Python,.py,59,2538,True
fastapi,tests/test_security_http_digest_optional.py,test_security_http_digest_optional.py,tests,Python,.py,55,2332,True
fastapi,tests/test_security_oauth2.py,test_security_oauth2.py,tests,Python,.py,252,10042,True
fastapi,tests/test_security_oauth2_authorization_code_bearer.py,test_security_oauth2_authorization_code_bearer.py,tests,Python,.py,66,2724,True
fastapi,tests/test_security_oauth2_authorization_code_bearer_description.py,test_security_oauth2_authorization_code_bearer_description.py,tests,Python,.py,66,2603,True
fastapi,tests/test_security_oauth2_authorization_code_bearer_scopes_openapi.py,test_security_oauth2_authorization_code_bearer_scopes_openapi.py,tests,Python,.py,163,6759,True
fastapi,tests/test_security_oauth2_authorization_code_bearer_scopes_openapi_simple.py,test_security_oauth2_authorization_code_bearer_scopes_openapi_simple.py,tests,Python,.py,65,2658,True
fastapi,tests/test_security_oauth2_optional.py,test_security_oauth2_optional.py,tests,Python,.py,253,9988,True
fastapi,tests/test_security_oauth2_optional_description.py,test_security_oauth2_optional_description.py,tests,Python,.py,255,10132,True
fastapi,tests/test_security_oauth2_password_bearer_optional.py,test_security_oauth2_password_bearer_optional.py,tests,Python,.py,56,2280,True
fastapi,tests/test_security_oauth2_password_bearer_optional_description.py,test_security_oauth2_password_bearer_optional_description.py,tests,Python,.py,61,2426,True
fastapi,tests/test_security_openid_connect.py,test_security_openid_connect.py,tests,Python,.py,61,2515,True
fastapi,tests/test_security_openid_connect_description.py,test_security_openid_connect_description.py,tests,Python,.py,64,2638,True
fastapi,tests/test_security_openid_connect_optional.py,test_security_openid_connect_optional.py,tests,Python,.py,64,2618,True
fastapi,tests/test_security_scopes.py,test_security_scopes.py,tests,Python,.py,31,1006,True
fastapi,tests/test_security_scopes_dont_propagate.py,test_security_scopes_dont_propagate.py,tests,Python,.py,28,973,True
fastapi,tests/test_security_scopes_sub_dependency.py,test_security_scopes_sub_dependency.py,tests,Python,.py,89,2956,True
fastapi,tests/test_serialize_response.py,test_serialize_response.py,tests,Python,.py,38,1373,True
fastapi,tests/test_serialize_response_dataclass.py,test_serialize_response_dataclass.py,tests,Python,.py,159,4958,True
fastapi,tests/test_serialize_response_model.py,test_serialize_response_model.py,tests,Python,.py,115,4229,True
fastapi,tests/test_skip_defaults.py,test_skip_defaults.py,tests,Python,.py,81,3036,True
fastapi,tests/test_sse.py,test_sse.py,tests,Python,.py,361,15533,True
fastapi,tests/test_starlette_exception.py,test_starlette_exception.py,tests,Python,.py,183,8293,True
fastapi,tests/test_starlette_urlconvertors.py,test_starlette_urlconvertors.py,tests,Python,.py,42,1678,True
fastapi,tests/test_stream_bare_type.py,test_stream_bare_type.py,tests,Python,.py,50,2128,True
fastapi,tests/test_stream_cancellation.py,test_stream_cancellation.py,tests,Python,.py,67,2751,True
fastapi,tests/test_stream_json_validation_error.py,test_stream_json_validation_error.py,tests,Python,.py,25,991,True
fastapi,tests/test_stream_status_code.py,test_stream_status_code.py,tests,Python,.py,420,19770,True
fastapi,tests/test_strict_content_type_app_level.py,test_strict_content_type_app_level.py,tests,Python,.py,27,1153,True
fastapi,tests/test_strict_content_type_nested.py,test_strict_content_type_nested.py,tests,Python,.py,56,2776,True
fastapi,tests/test_strict_content_type_router_level.py,test_strict_content_type_router_level.py,tests,Python,.py,38,1720,True
fastapi,tests/test_stringified_annotation_dependency.py,test_stringified_annotation_dependency.py,tests,Python,.py,61,2270,True
fastapi,tests/test_stringified_annotation_dependency_py314.py,test_stringified_annotation_dependency_py314.py,tests,Python,.py,20,711,True
fastapi,tests/test_stringified_annotations_simple.py,test_stringified_annotations_simple.py,tests,Python,.py,17,545,True
fastapi,tests/test_sub_callbacks.py,test_sub_callbacks.py,tests,Python,.py,275,14598,True
fastapi,tests/test_swagger_ui_escape.py,test_swagger_ui_escape.py,tests,Python,.py,30,1167,True
fastapi,tests/test_swagger_ui_init_oauth.py,test_swagger_ui_init_oauth.py,tests,Python,.py,18,718,True
fastapi,tests/test_top_level_security_scheme_in_openapi.py,test_top_level_security_scheme_in_openapi.py,tests,Python,.py,48,1902,True
fastapi,tests/test_translate.py,test_translate.py,tests,Python,.py,54,2095,True
fastapi,tests/test_tuples.py,test_tuples.py,tests,Python,.py,246,11030,True
fastapi,tests/test_tutorial/__init__.py,__init__.py,tests/test_tutorial,Python,.py,0,0,True
fastapi,tests/test_tutorial/test_additional_responses/__init__.py,__init__.py,tests/test_tutorial/test_additional_responses,Python,.py,0,0,True
fastapi,tests/test_tutorial/test_additional_responses/test_tutorial001.py,test_tutorial001.py,tests/test_tutorial/test_additional_responses,Python,.py,119,5213,True
fastapi,tests/test_tutorial/test_additional_responses/test_tutorial002.py,test_tutorial002.py,tests/test_tutorial/test_additional_responses,Python,.py,129,5431,True
fastapi,tests/test_tutorial/test_additional_responses/test_tutorial003.py,test_tutorial003.py,tests/test_tutorial/test_additional_responses,Python,.py,123,5453,True
fastapi,tests/test_tutorial/test_additional_responses/test_tutorial004.py,test_tutorial004.py,tests/test_tutorial/test_additional_responses,Python,.py,132,5638,True
fastapi,tests/test_tutorial/test_additional_status_codes/__init__.py,__init__.py,tests/test_tutorial/test_additional_status_codes,Python,.py,0,0,True
fastapi,tests/test_tutorial/test_additional_status_codes/test_tutorial001.py,test_tutorial001.py,tests/test_tutorial/test_additional_status_codes,Python,.py,23,934,True
fastapi,tests/test_tutorial/test_advanced_middleware/__init__.py,__init__.py,tests/test_tutorial/test_advanced_middleware,Python,.py,0,0,True
fastapi,tests/test_tutorial/test_advanced_middleware/test_tutorial001.py,test_tutorial001.py,tests/test_tutorial/test_advanced_middleware,Python,.py,10,480,True
fastapi,tests/test_tutorial/test_advanced_middleware/test_tutorial002.py,test_tutorial002.py,tests/test_tutorial/test_advanced_middleware,Python,.py,12,576,True
fastapi,tests/test_tutorial/test_advanced_middleware/test_tutorial003.py,test_tutorial003.py,tests/test_tutorial/test_advanced_middleware,Python,.py,15,671,True
fastapi,tests/test_tutorial/test_async_tests/__init__.py,__init__.py,tests/test_tutorial/test_async_tests,Python,.py,0,0,True
fastapi,tests/test_tutorial/test_async_tests/test_main_a.py,test_main_a.py,tests/test_tutorial/test_async_tests,Python,.py,5,155,True
fastapi,tests/test_tutorial/test_authentication_error_status_code/__init__.py,__init__.py,tests/test_tutorial/test_authentication_error_status_code,Python,.py,0,0,True
fastapi,tests/test_tutorial/test_authentication_error_status_code/test_tutorial001.py,test_tutorial001.py,tests/test_tutorial/test_authentication_error_status_code,Python,.py,56,1931,True
fastapi,tests/test_tutorial/test_background_tasks/__init__.py,__init__.py,tests/test_tutorial/test_background_tasks,Python,.py,0,0,True
fastapi,tests/test_tutorial/test_background_tasks/test_tutorial001.py,test_tutorial001.py,tests/test_tutorial/test_background_tasks,Python,.py,16,635,True
fastapi,tests/test_tutorial/test_background_tasks/test_tutorial002.py,test_tutorial002.py,tests/test_tutorial/test_background_tasks,Python,.py,27,968,True
fastapi,tests/test_tutorial/test_behind_a_proxy/__init__.py,__init__.py,tests/test_tutorial/test_behind_a_proxy,Python,.py,0,0,True
fastapi,tests/test_tutorial/test_behind_a_proxy/test_tutorial001.py,test_tutorial001.py,tests/test_tutorial/test_behind_a_proxy,Python,.py,32,1192,True
fastapi,tests/test_tutorial/test_behind_a_proxy/test_tutorial001_01.py,test_tutorial001_01.py,tests/test_tutorial/test_behind_a_proxy,Python,.py,15,545,True
fastapi,tests/test_tutorial/test_behind_a_proxy/test_tutorial002.py,test_tutorial002.py,tests/test_tutorial/test_behind_a_proxy,Python,.py,32,1171,True
fastapi,tests/test_tutorial/test_behind_a_proxy/test_tutorial003.py,test_tutorial003.py,tests/test_tutorial/test_behind_a_proxy,Python,.py,42,1512,True
fastapi,tests/test_tutorial/test_behind_a_proxy/test_tutorial004.py,test_tutorial004.py,tests/test_tutorial/test_behind_a_proxy,Python,.py,41,1476,True
fastapi,tests/test_tutorial/test_bigger_applications/__init__.py,__init__.py,tests/test_tutorial/test_bigger_applications,Python,.py,0,0,True
fastapi,tests/test_tutorial/test_bigger_applications/test_main.py,test_main.py,tests/test_tutorial/test_bigger_applications,Python,.py,552,23329,True
fastapi,tests/test_tutorial/test_body/__init__.py,__init__.py,tests/test_tutorial/test_body,Python,.py,0,0,True
fastapi,tests/test_tutorial/test_body/test_tutorial001.py,test_tutorial001.py,tests/test_tutorial/test_body,Python,.py,307,11333,True
fastapi,tests/test_tutorial/test_body/test_tutorial002.py,test_tutorial002.py,tests/test_tutorial/test_body,Python,.py,153,5945,True
fastapi,tests/test_tutorial/test_body/test_tutorial003.py,test_tutorial003.py,tests/test_tutorial/test_body,Python,.py,164,6276,True
fastapi,tests/test_tutorial/test_body/test_tutorial004.py,test_tutorial004.py,tests/test_tutorial/test_body,Python,.py,175,6755,True
fastapi,tests/test_tutorial/test_body_fields/__init__.py,__init__.py,tests/test_tutorial/test_body_fields,Python,.py,0,0,True
fastapi,tests/test_tutorial/test_body_fields/test_tutorial001.py,test_tutorial001.py,tests/test_tutorial/test_body_fields,Python,.py,176,7095,True
fastapi,tests/test_tutorial/test_body_multiple_params/__init__.py,__init__.py,tests/test_tutorial/test_body_multiple_params,Python,.py,0,0,True
fastapi,tests/test_tutorial/test_body_multiple_params/test_tutorial001.py,test_tutorial001.py,tests/test_tutorial/test_body_multiple_params,Python,.py,170,7085,True
fastapi,tests/test_tutorial/test_body_multiple_params/test_tutorial002.py,test_tutorial002.py,tests/test_tutorial/test_body_multiple_params,Python,.py,345,12060,True
fastapi,tests/test_tutorial/test_body_multiple_params/test_tutorial003.py,test_tutorial003.py,tests/test_tutorial/test_body_multiple_params,Python,.py,212,8248,True
fastapi,tests/test_tutorial/test_body_multiple_params/test_tutorial004.py,test_tutorial004.py,tests/test_tutorial/test_body_multiple_params,Python,.py,278,10206,True
fastapi,tests/test_tutorial/test_body_multiple_params/test_tutorial005.py,test_tutorial005.py,tests/test_tutorial/test_body_multiple_params,Python,.py,258,9106,True
fastapi,tests/test_tutorial/test_body_nested_models/__init__.py,__init__.py,tests/test_tutorial/test_body_nested_models,Python,.py,0,0,True
fastapi,tests/test_tutorial/test_body_nested_models/test_tutorial001_tutorial002_tutorial003.py,test_tutorial001_tutorial002_tutorial003.py,tests/test_tutorial/test_body_nested_models,Python,.py,234,8736,True
fastapi,tests/test_tutorial/test_body_nested_models/test_tutorial004.py,test_tutorial004.py,tests/test_tutorial/test_body_nested_models,Python,.py,264,9729,True
fastapi,tests/test_tutorial/test_body_nested_models/test_tutorial005.py,test_tutorial005.py,tests/test_tutorial/test_body_nested_models,Python,.py,288,10561,True
fastapi,tests/test_tutorial/test_body_nested_models/test_tutorial006.py,test_tutorial006.py,tests/test_tutorial/test_body_nested_models,Python,.py,260,9715,True
fastapi,tests/test_tutorial/test_body_nested_models/test_tutorial007.py,test_tutorial007.py,tests/test_tutorial/test_body_nested_models,Python,.py,332,11912,True
fastapi,tests/test_tutorial/test_body_nested_models/test_tutorial008.py,test_tutorial008.py,tests/test_tutorial/test_body_nested_models,Python,.py,152,6154,True
fastapi,tests/test_tutorial/test_body_nested_models/test_tutorial009.py,test_tutorial009.py,tests/test_tutorial/test_body_nested_models,Python,.py,113,4607,True
fastapi,tests/test_tutorial/test_body_updates/__init__.py,__init__.py,tests/test_tutorial/test_body_updates,Python,.py,0,0,True
fastapi,tests/test_tutorial/test_body_updates/test_tutorial001.py,test_tutorial001.py,tests/test_tutorial/test_body_updates,Python,.py,181,7516,True
fastapi,tests/test_tutorial/test_body_updates/test_tutorial002.py,test_tutorial002.py,tests/test_tutorial/test_body_updates,Python,.py,200,7985,True
fastapi,tests/test_tutorial/test_conditional_openapi/__init__.py,__init__.py,tests/test_tutorial/test_conditional_openapi,Python,.py,0,0,True
fastapi,tests/test_tutorial/test_conditional_openapi/test_tutorial001.py,test_tutorial001.py,tests/test_tutorial/test_conditional_openapi,Python,.py,50,1853,True
fastapi,tests/test_tutorial/test_configure_swagger_ui/__init__.py,__init__.py,tests/test_tutorial/test_configure_swagger_ui,Python,.py,0,0,True
fastapi,tests/test_tutorial/test_configure_swagger_ui/test_tutorial001.py,test_tutorial001.py,tests/test_tutorial/test_configure_swagger_ui,Python,.py,35,1421,True
fastapi,tests/test_tutorial/test_configure_swagger_ui/test_tutorial002.py,test_tutorial002.py,tests/test_tutorial/test_configure_swagger_ui,Python,.py,38,1573,True
fastapi,tests/test_tutorial/test_configure_swagger_ui/test_tutorial003.py,test_tutorial003.py,tests/test_tutorial/test_configure_swagger_ui,Python,.py,38,1540,True
fastapi,tests/test_tutorial/test_cookie_param_models/__init__.py,__init__.py,tests/test_tutorial/test_cookie_param_models,Python,.py,0,0,True
fastapi,tests/test_tutorial/test_cookie_param_models/test_tutorial001.py,test_tutorial001.py,tests/test_tutorial/test_cookie_param_models,Python,.py,156,6256,True
fastapi,tests/test_tutorial/test_cookie_param_models/test_tutorial002.py,test_tutorial002.py,tests/test_tutorial/test_cookie_param_models,Python,.py,166,6538,True
fastapi,tests/test_tutorial/test_cookie_params/__init__.py,__init__.py,tests/test_tutorial/test_cookie_params,Python,.py,0,0,True
fastapi,tests/test_tutorial/test_cookie_params/test_tutorial001.py,test_tutorial001.py,tests/test_tutorial/test_cookie_params,Python,.py,115,4619,True
fastapi,tests/test_tutorial/test_cors/__init__.py,__init__.py,tests/test_tutorial/test_cors,Python,.py,0,0,True
fastapi,tests/test_tutorial/test_cors/test_tutorial001.py,test_tutorial001.py,tests/test_tutorial/test_cors,Python,.py,32,1284,True
fastapi,tests/test_tutorial/test_custom_docs_ui/__init__.py,__init__.py,tests/test_tutorial/test_custom_docs_ui,Python,.py,0,0,True
fastapi,tests/test_tutorial/test_custom_docs_ui/test_tutorial001.py,test_tutorial001.py,tests/test_tutorial/test_custom_docs_ui,Python,.py,35,1431,True
fastapi,tests/test_tutorial/test_custom_docs_ui/test_tutorial002.py,test_tutorial002.py,tests/test_tutorial/test_custom_docs_ui,Python,.py,35,1349,True
fastapi,tests/test_tutorial/test_custom_request_and_route/__init__.py,__init__.py,tests/test_tutorial/test_custom_request_and_route,Python,.py,0,0,True
fastapi,tests/test_tutorial/test_custom_request_and_route/test_tutorial001.py,test_tutorial001.py,tests/test_tutorial/test_custom_request_and_route,Python,.py,36,1278,True
fastapi,tests/test_tutorial/test_custom_request_and_route/test_tutorial002.py,test_tutorial002.py,tests/test_tutorial/test_custom_request_and_route,Python,.py,35,1276,True
fastapi,tests/test_tutorial/test_custom_request_and_route/test_tutorial003.py,test_tutorial003.py,tests/test_tutorial/test_custom_request_and_route,Python,.py,23,852,True
fastapi,tests/test_tutorial/test_custom_response/__init__.py,__init__.py,tests/test_tutorial/test_custom_response,Python,.py,0,0,True
fastapi,tests/test_tutorial/test_custom_response/test_tutorial001.py,test_tutorial001.py,tests/test_tutorial/test_custom_response,Python,.py,44,1622,True
fastapi,tests/test_tutorial/test_custom_response/test_tutorial001b.py,test_tutorial001b.py,tests/test_tutorial/test_custom_response,Python,.py,39,1547,True
fastapi,tests/test_tutorial/test_custom_response/test_tutorial002_tutorial003_tutorial004.py,test_tutorial002_tutorial003_tutorial004.py,tests/test_tutorial/test_custom_response,Python,.py,59,1979,True
fastapi,tests/test_tutorial/test_custom_response/test_tutorial005.py,test_tutorial005.py,tests/test_tutorial/test_custom_response,Python,.py,33,1185,True
fastapi,tests/test_tutorial/test_custom_response/test_tutorial006.py,test_tutorial006.py,tests/test_tutorial/test_custom_response,Python,.py,31,1194,True
fastapi,tests/test_tutorial/test_custom_response/test_tutorial006b.py,test_tutorial006b.py,tests/test_tutorial/test_custom_response,Python,.py,26,1014,True
fastapi,tests/test_tutorial/test_custom_response/test_tutorial006c.py,test_tutorial006c.py,tests/test_tutorial/test_custom_response,Python,.py,26,1014,True
fastapi,tests/test_tutorial/test_custom_response/test_tutorial007.py,test_tutorial007.py,tests/test_tutorial/test_custom_response,Python,.py,7,270,True
fastapi,tests/test_tutorial/test_custom_response/test_tutorial008.py,test_tutorial008.py,tests/test_tutorial/test_custom_response,Python,.py,13,545,True
fastapi,tests/test_tutorial/test_custom_response/test_tutorial009.py,test_tutorial009.py,tests/test_tutorial/test_custom_response,Python,.py,13,545,True
fastapi,tests/test_tutorial/test_custom_response/test_tutorial009b.py,test_tutorial009b.py,tests/test_tutorial/test_custom_response,Python,.py,13,548,True
fastapi,tests/test_tutorial/test_custom_response/test_tutorial009c.py,test_tutorial009c.py,tests/test_tutorial/test_custom_response,Python,.py,8,290,True
fastapi,tests/test_tutorial/test_custom_response/test_tutorial010.py,test_tutorial010.py,tests/test_tutorial/test_custom_response,Python,.py,43,1537,True
fastapi,tests/test_tutorial/test_dataclasses/__init__.py,__init__.py,tests/test_tutorial/test_dataclasses,Python,.py,0,0,True
fastapi,tests/test_tutorial/test_dataclasses/test_tutorial001.py,test_tutorial001.py,tests/test_tutorial/test_dataclasses,Python,.py,131,5307,True
fastapi,tests/test_tutorial/test_dataclasses/test_tutorial002.py,test_tutorial002.py,tests/test_tutorial/test_dataclasses,Python,.py,79,2961,True
fastapi,tests/test_tutorial/test_dataclasses/test_tutorial003.py,test_tutorial003.py,tests/test_tutorial/test_dataclasses,Python,.py,199,8128,True
fastapi,tests/test_tutorial/test_debugging/__init__.py,__init__.py,tests/test_tutorial/test_debugging,Python,.py,0,0,True
fastapi,tests/test_tutorial/test_debugging/test_tutorial001.py,test_tutorial001.py,tests/test_tutorial/test_debugging,Python,.py,52,1931,True
fastapi,tests/test_tutorial/test_dependencies/__init__.py,__init__.py,tests/test_tutorial/test_dependencies,Python,.py,0,0,True
fastapi,tests/test_tutorial/test_dependencies/test_tutorial001_tutorial001_02.py,test_tutorial001_tutorial001_02.py,tests/test_tutorial/test_dependencies,Python,.py,183,7880,True
fastapi,tests/test_tutorial/test_dependencies/test_tutorial002_tutorial003_tutorial004.py,test_tutorial002_tutorial003_tutorial004.py,tests/test_tutorial/test_dependencies,Python,.py,171,6477,True
fastapi,tests/test_tutorial/test_dependencies/test_tutorial005.py,test_tutorial005.py,tests/test_tutorial/test_dependencies,Python,.py,135,5129,True
fastapi,tests/test_tutorial/test_dependencies/test_tutorial006.py,test_tutorial006.py,tests/test_tutorial/test_dependencies,Python,.py,136,5436,True
fastapi,tests/test_tutorial/test_dependencies/test_tutorial007.py,test_tutorial007.py,tests/test_tutorial/test_dependencies,Python,.py,18,644,True
fastapi,tests/test_tutorial/test_dependencies/test_tutorial008.py,test_tutorial008.py,tests/test_tutorial/test_dependencies,Python,.py,54,1525,True
fastapi,tests/test_tutorial/test_dependencies/test_tutorial008b.py,test_tutorial008b.py,tests/test_tutorial/test_dependencies,Python,.py,26,1032,True
fastapi,tests/test_tutorial/test_dependencies/test_tutorial008c.py,test_tutorial008c.py,tests/test_tutorial/test_dependencies,Python,.py,35,1414,True
fastapi,tests/test_tutorial/test_dependencies/test_tutorial008d.py,test_tutorial008d.py,tests/test_tutorial/test_dependencies,Python,.py,36,1395,True
fastapi,tests/test_tutorial/test_dependencies/test_tutorial008e.py,test_tutorial008e.py,tests/test_tutorial/test_dependencies,Python,.py,18,576,True
fastapi,tests/test_tutorial/test_dependencies/test_tutorial010.py,test_tutorial010.py,tests/test_tutorial/test_dependencies,Python,.py,20,690,True
fastapi,tests/test_tutorial/test_dependencies/test_tutorial011.py,test_tutorial011.py,tests/test_tutorial/test_dependencies,Python,.py,119,4514,True
fastapi,tests/test_tutorial/test_dependencies/test_tutorial012.py,test_tutorial012.py,tests/test_tutorial/test_dependencies,Python,.py,211,8599,True
fastapi,tests/test_tutorial/test_encoder/__init__.py,__init__.py,tests/test_tutorial/test_encoder,Python,.py,0,0,True
fastapi,tests/test_tutorial/test_encoder/test_tutorial001.py,test_tutorial001.py,tests/test_tutorial/test_encoder,Python,.py,198,7533,True
fastapi,tests/test_tutorial/test_events/__init__.py,__init__.py,tests/test_tutorial/test_events,Python,.py,0,0,True
fastapi,tests/test_tutorial/test_events/test_tutorial001.py,test_tutorial001.py,tests/test_tutorial/test_events,Python,.py,94,4256,True
fastapi,tests/test_tutorial/test_events/test_tutorial002.py,test_tutorial002.py,tests/test_tutorial/test_events,Python,.py,43,1623,True
fastapi,tests/test_tutorial/test_events/test_tutorial003.py,test_tutorial003.py,tests/test_tutorial/test_events,Python,.py,95,4302,True
fastapi,tests/test_tutorial/test_extending_openapi/__init__.py,__init__.py,tests/test_tutorial/test_extending_openapi,Python,.py,0,0,True
fastapi,tests/test_tutorial/test_extending_openapi/test_tutorial001.py,test_tutorial001.py,tests/test_tutorial/test_extending_openapi,Python,.py,44,1712,True
fastapi,tests/test_tutorial/test_extra_data_types/__init__.py,__init__.py,tests/test_tutorial/test_extra_data_types,Python,.py,0,0,True
fastapi,tests/test_tutorial/test_extra_data_types/test_tutorial001.py,test_tutorial001.py,tests/test_tutorial/test_extra_data_types,Python,.py,154,6484,True
fastapi,tests/test_tutorial/test_extra_models/__init__.py,__init__.py,tests/test_tutorial/test_extra_models,Python,.py,0,0,True
fastapi,tests/test_tutorial/test_extra_models/test_tutorial001_tutorial002.py,test_tutorial001_tutorial002.py,tests/test_tutorial/test_extra_models,Python,.py,152,6259,True
fastapi,tests/test_tutorial/test_extra_models/test_tutorial003.py,test_tutorial003.py,tests/test_tutorial/test_extra_models,Python,.py,147,6250,True
fastapi,tests/test_tutorial/test_extra_models/test_tutorial004.py,test_tutorial004.py,tests/test_tutorial/test_extra_models,Python,.py,67,2558,True
fastapi,tests/test_tutorial/test_extra_models/test_tutorial005.py,test_tutorial005.py,tests/test_tutorial/test_extra_models,Python,.py,49,1911,True
fastapi,tests/test_tutorial/test_first_steps/__init__.py,__init__.py,tests/test_tutorial/test_first_steps,Python,.py,0,0,True
fastapi,tests/test_tutorial/test_first_steps/test_tutorial001_tutorial002_tutorial003.py,test_tutorial001_tutorial002_tutorial003.py,tests/test_tutorial/test_first_steps,Python,.py,49,1606,True
fastapi,tests/test_tutorial/test_generate_clients/__init__.py,__init__.py,tests/test_tutorial/test_generate_clients,Python,.py,0,0,True
fastapi,tests/test_tutorial/test_generate_clients/test_tutorial001.py,test_tutorial001.py,tests/test_tutorial/test_generate_clients,Python,.py,144,6149,True
fastapi,tests/test_tutorial/test_generate_clients/test_tutorial002.py,test_tutorial002.py,tests/test_tutorial/test_generate_clients,Python,.py,188,8298,True
fastapi,tests/test_tutorial/test_generate_clients/test_tutorial003.py,test_tutorial003.py,tests/test_tutorial/test_generate_clients,Python,.py,188,8276,True
fastapi,tests/test_tutorial/test_generate_clients/test_tutorial004.py,test_tutorial004.py,tests/test_tutorial/test_generate_clients,Python,.py,230,9511,True
fastapi,tests/test_tutorial/test_graphql/__init__.py,__init__.py,tests/test_tutorial/test_graphql,Python,.py,0,0,True
fastapi,tests/test_tutorial/test_graphql/test_tutorial001.py,test_tutorial001.py,tests/test_tutorial/test_graphql,Python,.py,64,2501,True
fastapi,tests/test_tutorial/test_handling_errors/__init__.py,__init__.py,tests/test_tutorial/test_handling_errors,Python,.py,0,0,True
fastapi,tests/test_tutorial/test_handling_errors/test_tutorial001.py,test_tutorial001.py,tests/test_tutorial/test_handling_errors,Python,.py,89,3831,True
fastapi,tests/test_tutorial/test_handling_errors/test_tutorial002.py,test_tutorial002.py,tests/test_tutorial/test_handling_errors,Python,.py,89,3904,True
fastapi,tests/test_tutorial/test_handling_errors/test_tutorial003.py,test_tutorial003.py,tests/test_tutorial/test_handling_errors,Python,.py,90,3827,True
fastapi,tests/test_tutorial/test_handling_errors/test_tutorial004.py,test_tutorial004.py,tests/test_tutorial/test_handling_errors,Python,.py,93,3985,True
fastapi,tests/test_tutorial/test_handling_errors/test_tutorial005.py,test_tutorial005.py,tests/test_tutorial/test_handling_errors,Python,.py,108,4533,True
fastapi,tests/test_tutorial/test_handling_errors/test_tutorial006.py,test_tutorial006.py,tests/test_tutorial/test_handling_errors,Python,.py,101,4196,True
fastapi,tests/test_tutorial/test_header_param_models/__init__.py,__init__.py,tests/test_tutorial/test_header_param_models,Python,.py,0,0,True
fastapi,tests/test_tutorial/test_header_param_models/test_tutorial001.py,test_tutorial001.py,tests/test_tutorial/test_header_param_models,Python,.py,195,7682,True
fastapi,tests/test_tutorial/test_header_param_models/test_tutorial002.py,test_tutorial002.py,tests/test_tutorial/test_header_param_models,Python,.py,189,7440,True
fastapi,tests/test_tutorial/test_header_param_models/test_tutorial003.py,test_tutorial003.py,tests/test_tutorial/test_header_param_models,Python,.py,232,8948,True
fastapi,tests/test_tutorial/test_header_params/__init__.py,__init__.py,tests/test_tutorial/test_header_params,Python,.py,0,0,True
fastapi,tests/test_tutorial/test_header_params/test_tutorial001.py,test_tutorial001.py,tests/test_tutorial/test_header_params,Python,.py,107,4452,True
fastapi,tests/test_tutorial/test_header_params/test_tutorial002.py,test_tutorial002.py,tests/test_tutorial/test_header_params,Python,.py,118,4674,True
fastapi,tests/test_tutorial/test_header_params/test_tutorial003.py,test_tutorial003.py,tests/test_tutorial/test_header_params,Python,.py,115,4655,True
fastapi,tests/test_tutorial/test_json_base64_bytes/__init__.py,__init__.py,tests/test_tutorial/test_json_base64_bytes,Python,.py,0,0,True
fastapi,tests/test_tutorial/test_json_base64_bytes/test_tutorial001.py,test_tutorial001.py,tests/test_tutorial/test_json_base64_bytes,Python,.py,212,9117,True
fastapi,tests/test_tutorial/test_metadata/__init__.py,__init__.py,tests/test_tutorial/test_metadata,Python,.py,0,0,True
fastapi,tests/test_tutorial/test_metadata/test_tutorial001.py,test_tutorial001.py,tests/test_tutorial/test_metadata,Python,.py,46,1959,True
fastapi,tests/test_tutorial/test_metadata/test_tutorial001_1.py,test_tutorial001_1.py,tests/test_tutorial/test_metadata,Python,.py,46,1930,True
fastapi,tests/test_tutorial/test_metadata/test_tutorial002.py,test_tutorial002.py,tests/test_tutorial/test_metadata,Python,.py,37,1330,True
fastapi,tests/test_tutorial/test_metadata/test_tutorial003.py,test_tutorial003.py,tests/test_tutorial/test_metadata,Python,.py,44,1634,True
fastapi,tests/test_tutorial/test_metadata/test_tutorial004.py,test_tutorial004.py,tests/test_tutorial/test_metadata,Python,.py,60,2324,True
fastapi,tests/test_tutorial/test_middleware/__init__.py,__init__.py,tests/test_tutorial/test_middleware,Python,.py,0,0,True
fastapi,tests/test_tutorial/test_middleware/test_tutorial001.py,test_tutorial001.py,tests/test_tutorial/test_middleware,Python,.py,21,694,True
fastapi,tests/test_tutorial/test_openapi_callbacks/__init__.py,__init__.py,tests/test_tutorial/test_openapi_callbacks,Python,.py,0,0,True
fastapi,tests/test_tutorial/test_openapi_callbacks/test_tutorial001.py,test_tutorial001.py,tests/test_tutorial/test_openapi_callbacks,Python,.py,196,9656,True
fastapi,tests/test_tutorial/test_openapi_webhooks/__init__.py,__init__.py,tests/test_tutorial/test_openapi_webhooks,Python,.py,0,0,True
fastapi,tests/test_tutorial/test_openapi_webhooks/test_tutorial001.py,test_tutorial001.py,tests/test_tutorial/test_openapi_webhooks,Python,.py,121,5313,True
fastapi,tests/test_tutorial/test_path_operation_advanced_configurations/__init__.py,__init__.py,tests/test_tutorial/test_path_operation_advanced_configurations,Python,.py,0,0,True
fastapi,tests/test_tutorial/test_path_operation_advanced_configurations/test_tutorial001.py,test_tutorial001.py,tests/test_tutorial/test_path_operation_advanced_configurations,Python,.py,31,1172,True
fastapi,tests/test_tutorial/test_path_operation_advanced_configurations/test_tutorial002.py,test_tutorial002.py,tests/test_tutorial/test_path_operation_advanced_configurations,Python,.py,31,1155,True
fastapi,tests/test_tutorial/test_path_operation_advanced_configurations/test_tutorial003.py,test_tutorial003.py,tests/test_tutorial/test_path_operation_advanced_configurations,Python,.py,18,658,True
fastapi,tests/test_tutorial/test_path_operation_advanced_configurations/test_tutorial004.py,test_tutorial004.py,tests/test_tutorial/test_path_operation_advanced_configurations,Python,.py,133,5741,True
fastapi,tests/test_tutorial/test_path_operation_advanced_configurations/test_tutorial005.py,test_tutorial005.py,tests/test_tutorial/test_path_operation_advanced_configurations,Python,.py,31,1173,True
fastapi,tests/test_tutorial/test_path_operation_advanced_configurations/test_tutorial006.py,test_tutorial006.py,tests/test_tutorial/test_path_operation_advanced_configurations,Python,.py,54,2186,True
fastapi,tests/test_tutorial/test_path_operation_advanced_configurations/test_tutorial007.py,test_tutorial007.py,tests/test_tutorial/test_path_operation_advanced_configurations,Python,.py,106,3675,True
fastapi,tests/test_tutorial/test_path_operation_configurations/__init__.py,__init__.py,tests/test_tutorial/test_path_operation_configurations,Python,.py,0,0,True
fastapi,tests/test_tutorial/test_path_operation_configurations/test_tutorial001.py,test_tutorial001.py,tests/test_tutorial/test_path_operation_configurations,Python,.py,182,7100,True
fastapi,tests/test_tutorial/test_path_operation_configurations/test_tutorial002.py,test_tutorial002.py,tests/test_tutorial/test_path_operation_configurations,Python,.py,215,8557,True
fastapi,tests/test_tutorial/test_path_operation_configurations/test_tutorial002b.py,test_tutorial002b.py,tests/test_tutorial/test_path_operation_configurations,Python,.py,49,1913,True
fastapi,tests/test_tutorial/test_path_operation_configurations/test_tutorial003_tutorial004.py,test_tutorial003_tutorial004.py,tests/test_tutorial/test_path_operation_configurations,Python,.py,198,7878,True
fastapi,tests/test_tutorial/test_path_operation_configurations/test_tutorial005.py,test_tutorial005.py,tests/test_tutorial/test_path_operation_configurations,Python,.py,132,5702,True
fastapi,tests/test_tutorial/test_path_operation_configurations/test_tutorial006.py,test_tutorial006.py,tests/test_tutorial/test_path_operation_configurations,Python,.py,68,2652,True
fastapi,tests/test_tutorial/test_path_params/__init__.py,__init__.py,tests/test_tutorial/test_path_params,Python,.py,0,0,True
fastapi,tests/test_tutorial/test_path_params/test_tutorial001.py,test_tutorial001.py,tests/test_tutorial/test_path_params,Python,.py,115,4584,True
fastapi,tests/test_tutorial/test_path_params/test_tutorial002.py,test_tutorial002.py,tests/test_tutorial/test_path_params,Python,.py,121,4876,True
fastapi,tests/test_tutorial/test_path_params/test_tutorial003.py,test_tutorial003.py,tests/test_tutorial/test_path_params,Python,.py,132,5323,True
fastapi,tests/test_tutorial/test_path_params/test_tutorial003b.py,test_tutorial003b.py,tests/test_tutorial/test_path_params,Python,.py,38,1430,True
fastapi,tests/test_tutorial/test_path_params/test_tutorial004.py,test_tutorial004.py,tests/test_tutorial/test_path_params,Python,.py,90,3902,True
fastapi,tests/test_tutorial/test_path_params/test_tutorial005.py,test_tutorial005.py,tests/test_tutorial/test_path_params,Python,.py,111,4710,True
fastapi,tests/test_tutorial/test_path_params_numeric_validations/__init__.py,__init__.py,tests/test_tutorial/test_path_params_numeric_validations,Python,.py,0,0,True
fastapi,tests/test_tutorial/test_path_params_numeric_validations/test_tutorial001.py,test_tutorial001.py,tests/test_tutorial/test_path_params_numeric_validations,Python,.py,157,6280,True
fastapi,tests/test_tutorial/test_path_params_numeric_validations/test_tutorial002_tutorial003.py,test_tutorial002_tutorial003.py,tests/test_tutorial/test_path_params_numeric_validations,Python,.py,164,6348,True
fastapi,tests/test_tutorial/test_path_params_numeric_validations/test_tutorial004.py,test_tutorial004.py,tests/test_tutorial/test_path_params_numeric_validations,Python,.py,177,6793,True
fastapi,tests/test_tutorial/test_path_params_numeric_validations/test_tutorial005.py,test_tutorial005.py,tests/test_tutorial/test_path_params_numeric_validations,Python,.py,192,7347,True
fastapi,tests/test_tutorial/test_path_params_numeric_validations/test_tutorial006.py,test_tutorial006.py,tests/test_tutorial/test_path_params_numeric_validations,Python,.py,211,8076,True
fastapi,tests/test_tutorial/test_python_types/__init__.py,__init__.py,tests/test_tutorial/test_python_types,Python,.py,0,0,True
fastapi,tests/test_tutorial/test_python_types/test_tutorial001_tutorial002.py,test_tutorial001_tutorial002.py,tests/test_tutorial/test_python_types,Python,.py,14,400,True
fastapi,tests/test_tutorial/test_python_types/test_tutorial003.py,test_tutorial003.py,tests/test_tutorial/test_python_types,Python,.py,7,346,True
fastapi,tests/test_tutorial/test_python_types/test_tutorial004.py,test_tutorial004.py,tests/test_tutorial/test_python_types,Python,.py,3,178,True
fastapi,tests/test_tutorial/test_python_types/test_tutorial005.py,test_tutorial005.py,tests/test_tutorial/test_python_types,Python,.py,10,420,True
fastapi,tests/test_tutorial/test_python_types/test_tutorial006.py,test_tutorial006.py,tests/test_tutorial/test_python_types,Python,.py,12,427,True
fastapi,tests/test_tutorial/test_python_types/test_tutorial007.py,test_tutorial007.py,tests/test_tutorial/test_python_types,Python,.py,5,221,True
fastapi,tests/test_tutorial/test_python_types/test_tutorial008.py,test_tutorial008.py,tests/test_tutorial/test_python_types,Python,.py,13,418,True
fastapi,tests/test_tutorial/test_python_types/test_tutorial008b.py,test_tutorial008b.py,tests/test_tutorial/test_python_types,Python,.py,20,638,True
fastapi,tests/test_tutorial/test_python_types/test_tutorial009_tutorial009b.py,test_tutorial009_tutorial009b.py,tests/test_tutorial/test_python_types,Python,.py,25,763,True
fastapi,tests/test_tutorial/test_python_types/test_tutorial010.py,test_tutorial010.py,tests/test_tutorial/test_python_types,Python,.py,3,167,True
fastapi,tests/test_tutorial/test_python_types/test_tutorial011.py,test_tutorial011.py,tests/test_tutorial/test_python_types,Python,.py,19,649,True
fastapi,tests/test_tutorial/test_python_types/test_tutorial013.py,test_tutorial013.py,tests/test_tutorial/test_python_types,Python,.py,3,137,True
fastapi,tests/test_tutorial/test_query_param_models/__init__.py,__init__.py,tests/test_tutorial/test_query_param_models,Python,.py,0,0,True
fastapi,tests/test_tutorial/test_query_param_models/test_tutorial001.py,test_tutorial001.py,tests/test_tutorial/test_query_param_models,Python,.py,212,8024,True
fastapi,tests/test_tutorial/test_query_param_models/test_tutorial002.py,test_tutorial002.py,tests/test_tutorial/test_query_param_models,Python,.py,218,8214,True
fastapi,tests/test_tutorial/test_query_params/__init__.py,__init__.py,tests/test_tutorial/test_query_params,Python,.py,0,0,True
fastapi,tests/test_tutorial/test_query_params/test_tutorial001.py,test_tutorial001.py,tests/test_tutorial/test_query_params,Python,.py,125,4815,True
fastapi,tests/test_tutorial/test_query_params/test_tutorial002.py,test_tutorial002.py,tests/test_tutorial/test_query_params,Python,.py,124,4856,True
fastapi,tests/test_tutorial/test_query_params/test_tutorial003.py,test_tutorial003.py,tests/test_tutorial/test_query_params,Python,.py,145,5646,True
fastapi,tests/test_tutorial/test_query_params/test_tutorial004.py,test_tutorial004.py,tests/test_tutorial/test_query_params,Python,.py,153,6086,True
fastapi,tests/test_tutorial/test_query_params/test_tutorial005.py,test_tutorial005.py,tests/test_tutorial/test_query_params,Python,.py,103,4234,True
fastapi,tests/test_tutorial/test_query_params/test_tutorial006.py,test_tutorial006.py,tests/test_tutorial/test_query_params,Python,.py,150,5984,True
fastapi,tests/test_tutorial/test_query_params_str_validations/__init__.py,__init__.py,tests/test_tutorial/test_query_params_str_validations,Python,.py,0,0,True
fastapi,tests/test_tutorial/test_query_params_str_validations/test_tutorial001.py,test_tutorial001.py,tests/test_tutorial/test_query_params_str_validations,Python,.py,114,4738,True
fastapi,tests/test_tutorial/test_query_params_str_validations/test_tutorial002.py,test_tutorial002.py,tests/test_tutorial/test_query_params_str_validations,Python,.py,132,5446,True
fastapi,tests/test_tutorial/test_query_params_str_validations/test_tutorial003.py,test_tutorial003.py,tests/test_tutorial/test_query_params_str_validations,Python,.py,143,5745,True
fastapi,tests/test_tutorial/test_query_params_str_validations/test_tutorial004.py,test_tutorial004.py,tests/test_tutorial/test_query_params_str_validations,Python,.py,130,5381,True
fastapi,tests/test_tutorial/test_query_params_str_validations/test_tutorial005.py,test_tutorial005.py,tests/test_tutorial/test_query_params_str_validations,Python,.py,126,4971,True
fastapi,tests/test_tutorial/test_query_params_str_validations/test_tutorial006.py,test_tutorial006.py,tests/test_tutorial/test_query_params_str_validations,Python,.py,131,5057,True
fastapi,tests/test_tutorial/test_query_params_str_validations/test_tutorial006c.py,test_tutorial006c.py,tests/test_tutorial/test_query_params_str_validations,Python,.py,139,5584,True
fastapi,tests/test_tutorial/test_query_params_str_validations/test_tutorial007.py,test_tutorial007.py,tests/test_tutorial/test_query_params_str_validations,Python,.py,128,5226,True
fastapi,tests/test_tutorial/test_query_params_str_validations/test_tutorial008.py,test_tutorial008.py,tests/test_tutorial/test_query_params_str_validations,Python,.py,130,5482,True
fastapi,tests/test_tutorial/test_query_params_str_validations/test_tutorial009.py,test_tutorial009.py,tests/test_tutorial/test_query_params_str_validations,Python,.py,115,4865,True
fastapi,tests/test_tutorial/test_query_params_str_validations/test_tutorial010.py,test_tutorial010.py,tests/test_tutorial/test_query_params_str_validations,Python,.py,141,6000,True
fastapi,tests/test_tutorial/test_query_params_str_validations/test_tutorial011.py,test_tutorial011.py,tests/test_tutorial/test_query_params_str_validations,Python,.py,110,4482,True
fastapi,tests/test_tutorial/test_query_params_str_validations/test_tutorial012.py,test_tutorial012.py,tests/test_tutorial/test_query_params_str_validations,Python,.py,108,4380,True
fastapi,tests/test_tutorial/test_query_params_str_validations/test_tutorial013.py,test_tutorial013.py,tests/test_tutorial/test_query_params_str_validations,Python,.py,108,4301,True
fastapi,tests/test_tutorial/test_query_params_str_validations/test_tutorial014.py,test_tutorial014.py,tests/test_tutorial/test_query_params_str_validations,Python,.py,94,3852,True
fastapi,tests/test_tutorial/test_query_params_str_validations/test_tutorial015.py,test_tutorial015.py,tests/test_tutorial/test_query_params_str_validations,Python,.py,128,5159,True
fastapi,tests/test_tutorial/test_request_files/__init__.py,__init__.py,tests/test_tutorial/test_request_files,Python,.py,0,0,True
fastapi,tests/test_tutorial/test_request_files/test_tutorial001.py,test_tutorial001.py,tests/test_tutorial/test_request_files,Python,.py,197,8267,True
fastapi,tests/test_tutorial/test_request_files/test_tutorial001_02.py,test_tutorial001_02.py,tests/test_tutorial/test_request_files,Python,.py,179,7883,True
fastapi,tests/test_tutorial/test_request_files/test_tutorial001_03.py,test_tutorial001_03.py,tests/test_tutorial/test_request_files,Python,.py,165,7211,True
fastapi,tests/test_tutorial/test_request_files/test_tutorial002.py,test_tutorial002.py,tests/test_tutorial/test_request_files,Python,.py,234,9446,True
fastapi,tests/test_tutorial/test_request_files/test_tutorial003.py,test_tutorial003.py,tests/test_tutorial/test_request_files,Python,.py,210,8806,True
fastapi,tests/test_tutorial/test_request_form_models/__init__.py,__init__.py,tests/test_tutorial/test_request_form_models,Python,.py,0,0,True
fastapi,tests/test_tutorial/test_request_form_models/test_tutorial001.py,test_tutorial001.py,tests/test_tutorial/test_request_form_models,Python,.py,168,6390,True
fastapi,tests/test_tutorial/test_request_form_models/test_tutorial002.py,test_tutorial002.py,tests/test_tutorial/test_request_form_models,Python,.py,184,6927,True
fastapi,tests/test_tutorial/test_request_forms/__init__.py,__init__.py,tests/test_tutorial/test_request_forms,Python,.py,0,0,True
fastapi,tests/test_tutorial/test_request_forms/test_tutorial001.py,test_tutorial001.py,tests/test_tutorial/test_request_forms,Python,.py,170,6457,True
fastapi,tests/test_tutorial/test_request_forms_and_files/__init__.py,__init__.py,tests/test_tutorial/test_request_forms_and_files,Python,.py,0,0,True
fastapi,tests/test_tutorial/test_request_forms_and_files/test_tutorial001.py,test_tutorial001.py,tests/test_tutorial/test_request_forms_and_files,Python,.py,225,8279,True
fastapi,tests/test_tutorial/test_response_change_status_code/__init__.py,__init__.py,tests/test_tutorial/test_response_change_status_code,Python,.py,0,0,True
fastapi,tests/test_tutorial/test_response_change_status_code/test_tutorial001.py,test_tutorial001.py,tests/test_tutorial/test_response_change_status_code,Python,.py,11,527,True
fastapi,tests/test_tutorial/test_response_cookies/__init__.py,__init__.py,tests/test_tutorial/test_response_cookies,Python,.py,0,0,True
fastapi,tests/test_tutorial/test_response_cookies/test_tutorial001.py,test_tutorial001.py,tests/test_tutorial/test_response_cookies,Python,.py,8,409,True
fastapi,tests/test_tutorial/test_response_cookies/test_tutorial002.py,test_tutorial002.py,tests/test_tutorial/test_response_cookies,Python,.py,8,420,True
fastapi,tests/test_tutorial/test_response_directly/__init__.py,__init__.py,tests/test_tutorial/test_response_directly,Python,.py,0,0,True
fastapi,tests/test_tutorial/test_response_directly/test_tutorial001.py,test_tutorial001.py,tests/test_tutorial/test_response_directly,Python,.py,147,5808,True
fastapi,tests/test_tutorial/test_response_directly/test_tutorial002.py,test_tutorial002.py,tests/test_tutorial/test_response_directly,Python,.py,59,1895,True
fastapi,tests/test_tutorial/test_response_headers/__init__.py,__init__.py,tests/test_tutorial/test_response_headers,Python,.py,0,0,True
fastapi,tests/test_tutorial/test_response_headers/test_tutorial001.py,test_tutorial001.py,tests/test_tutorial/test_response_headers,Python,.py,9,432,True
fastapi,tests/test_tutorial/test_response_headers/test_tutorial002.py,test_tutorial002.py,tests/test_tutorial/test_response_headers,Python,.py,8,384,True
fastapi,tests/test_tutorial/test_response_model/__init__.py,__init__.py,tests/test_tutorial/test_response_model,Python,.py,0,0,True
fastapi,tests/test_tutorial/test_response_model/test_tutorial001_tutorial001_01.py,test_tutorial001_tutorial001_01.py,tests/test_tutorial/test_response_model,Python,.py,187,7368,True
fastapi,tests/test_tutorial/test_response_model/test_tutorial002.py,test_tutorial002.py,tests/test_tutorial/test_response_model,Python,.py,128,5211,True
fastapi,tests/test_tutorial/test_response_model/test_tutorial003.py,test_tutorial003.py,tests/test_tutorial/test_response_model,Python,.py,148,6081,True
fastapi,tests/test_tutorial/test_response_model/test_tutorial003_01.py,test_tutorial003_01.py,tests/test_tutorial/test_response_model,Python,.py,148,6087,True
fastapi,tests/test_tutorial/test_response_model/test_tutorial003_02.py,test_tutorial003_02.py,tests/test_tutorial/test_response_model,Python,.py,92,4025,True
fastapi,tests/test_tutorial/test_response_model/test_tutorial003_03.py,test_tutorial003_03.py,tests/test_tutorial/test_response_model,Python,.py,31,1225,True
fastapi,tests/test_tutorial/test_response_model/test_tutorial003_04.py,test_tutorial003_04.py,tests/test_tutorial/test_response_model,Python,.py,13,408,True
fastapi,tests/test_tutorial/test_response_model/test_tutorial003_05.py,test_tutorial003_05.py,tests/test_tutorial/test_response_model,Python,.py,103,4360,True
fastapi,tests/test_tutorial/test_response_model/test_tutorial004.py,test_tutorial004.py,tests/test_tutorial/test_response_model,Python,.py,139,5527,True
fastapi,tests/test_tutorial/test_response_model/test_tutorial005.py,test_tutorial005.py,tests/test_tutorial/test_response_model,Python,.py,155,6723,True
fastapi,tests/test_tutorial/test_response_model/test_tutorial006.py,test_tutorial006.py,tests/test_tutorial/test_response_model,Python,.py,155,6723,True
fastapi,tests/test_tutorial/test_response_status_code/__init__.py,__init__.py,tests/test_tutorial/test_response_status_code,Python,.py,0,0,True
fastapi,tests/test_tutorial/test_response_status_code/test_tutorial001_tutorial002.py,test_tutorial001_tutorial002.py,tests/test_tutorial/test_response_status_code,Python,.py,95,3912,True
fastapi,tests/test_tutorial/test_schema_extra_example/__init__.py,__init__.py,tests/test_tutorial/test_schema_extra_example,Python,.py,0,0,True
fastapi,tests/test_tutorial/test_schema_extra_example/test_tutorial001.py,test_tutorial001.py,tests/test_tutorial/test_schema_extra_example,Python,.py,135,5523,True
fastapi,tests/test_tutorial/test_schema_extra_example/test_tutorial002.py,test_tutorial002.py,tests/test_tutorial/test_schema_extra_example,Python,.py,137,5605,True
fastapi,tests/test_tutorial/test_schema_extra_example/test_tutorial003.py,test_tutorial003.py,tests/test_tutorial/test_schema_extra_example,Python,.py,138,5796,True
fastapi,tests/test_tutorial/test_schema_extra_example/test_tutorial004.py,test_tutorial004.py,tests/test_tutorial/test_schema_extra_example,Python,.py,143,6113,True
fastapi,tests/test_tutorial/test_schema_extra_example/test_tutorial005.py,test_tutorial005.py,tests/test_tutorial/test_schema_extra_example,Python,.py,152,6841,True
fastapi,tests/test_tutorial/test_security/__init__.py,__init__.py,tests/test_tutorial/test_security,Python,.py,0,0,True
fastapi,tests/test_tutorial/test_security/test_tutorial001.py,test_tutorial001.py,tests/test_tutorial/test_security,Python,.py,61,2422,True
fastapi,tests/test_tutorial/test_security/test_tutorial002.py,test_tutorial002.py,tests/test_tutorial/test_security,Python,.py,62,2323,True
fastapi,tests/test_tutorial/test_security/test_tutorial003.py,test_tutorial003.py,tests/test_tutorial/test_security,Python,.py,192,8698,True
fastapi,tests/test_tutorial/test_security/test_tutorial004.py,test_tutorial004.py,tests/test_tutorial/test_security,Python,.py,330,14636,True
fastapi,tests/test_tutorial/test_security/test_tutorial005.py,test_tutorial005.py,tests/test_tutorial/test_security,Python,.py,378,16786,True
fastapi,tests/test_tutorial/test_security/test_tutorial006.py,test_tutorial006.py,tests/test_tutorial/test_security,Python,.py,66,2798,True
fastapi,tests/test_tutorial/test_security/test_tutorial007.py,test_tutorial007.py,tests/test_tutorial/test_security,Python,.py,75,3438,True
fastapi,tests/test_tutorial/test_separate_openapi_schemas/__init__.py,__init__.py,tests/test_tutorial/test_separate_openapi_schemas,Python,.py,0,0,True
fastapi,tests/test_tutorial/test_separate_openapi_schemas/test_tutorial001.py,test_tutorial001.py,tests/test_tutorial/test_separate_openapi_schemas,Python,.py,137,5839,True
fastapi,tests/test_tutorial/test_separate_openapi_schemas/test_tutorial002.py,test_tutorial002.py,tests/test_tutorial/test_separate_openapi_schemas,Python,.py,137,5839,True
fastapi,tests/test_tutorial/test_server_sent_events/__init__.py,__init__.py,tests/test_tutorial/test_server_sent_events,Python,.py,0,0,True
fastapi,tests/test_tutorial/test_server_sent_events/test_tutorial001.py,test_tutorial001.py,tests/test_tutorial/test_server_sent_events,Python,.py,183,8566,True
fastapi,tests/test_tutorial/test_server_sent_events/test_tutorial002.py,test_tutorial002.py,tests/test_tutorial/test_server_sent_events,Python,.py,70,3081,True
fastapi,tests/test_tutorial/test_server_sent_events/test_tutorial003.py,test_tutorial003.py,tests/test_tutorial/test_server_sent_events,Python,.py,64,2753,True
fastapi,tests/test_tutorial/test_server_sent_events/test_tutorial004.py,test_tutorial004.py,tests/test_tutorial/test_server_sent_events,Python,.py,147,6112,True
fastapi,tests/test_tutorial/test_server_sent_events/test_tutorial005.py,test_tutorial005.py,tests/test_tutorial/test_server_sent_events,Python,.py,131,5456,True
fastapi,tests/test_tutorial/test_settings/__init__.py,__init__.py,tests/test_tutorial/test_settings,Python,.py,0,0,True
fastapi,tests/test_tutorial/test_settings/test_app01.py,test_app01.py,tests/test_tutorial/test_settings,Python,.py,69,2359,True
fastapi,tests/test_tutorial/test_settings/test_app02.py,test_app02.py,tests/test_tutorial/test_settings,Python,.py,29,1040,True
fastapi,tests/test_tutorial/test_settings/test_app03.py,test_app03.py,tests/test_tutorial/test_settings,Python,.py,35,1252,True
fastapi,tests/test_tutorial/test_settings/test_tutorial001.py,test_tutorial001.py,tests/test_tutorial/test_settings,Python,.py,18,691,True
fastapi,tests/test_tutorial/test_sql_databases/__init__.py,__init__.py,tests/test_tutorial/test_sql_databases,Python,.py,0,0,True
fastapi,tests/test_tutorial/test_sql_databases/test_tutorial001.py,test_tutorial001.py,tests/test_tutorial/test_sql_databases,Python,.py,341,14492,True
fastapi,tests/test_tutorial/test_sql_databases/test_tutorial002.py,test_tutorial002.py,tests/test_tutorial/test_sql_databases,Python,.py,419,18481,True
fastapi,tests/test_tutorial/test_static_files/__init__.py,__init__.py,tests/test_tutorial/test_static_files,Python,.py,0,0,True
fastapi,tests/test_tutorial/test_static_files/test_tutorial001.py,test_tutorial001.py,tests/test_tutorial/test_static_files,Python,.py,37,1319,True
fastapi,tests/test_tutorial/test_stream_data/__init__.py,__init__.py,tests/test_tutorial/test_stream_data,Python,.py,0,0,True
fastapi,tests/test_tutorial/test_stream_data/test_tutorial001.py,test_tutorial001.py,tests/test_tutorial/test_stream_data,Python,.py,144,5858,True
fastapi,tests/test_tutorial/test_stream_data/test_tutorial002.py,test_tutorial002.py,tests/test_tutorial/test_stream_data,Python,.py,112,4481,True
fastapi,tests/test_tutorial/test_stream_json_lines/__init__.py,__init__.py,tests/test_tutorial/test_stream_json_lines,Python,.py,0,0,True
fastapi,tests/test_tutorial/test_stream_json_lines/test_tutorial001.py,test_tutorial001.py,tests/test_tutorial/test_stream_json_lines,Python,.py,133,5356,True
fastapi,tests/test_tutorial/test_strict_content_type/__init__.py,__init__.py,tests/test_tutorial/test_strict_content_type,Python,.py,0,0,True
fastapi,tests/test_tutorial/test_strict_content_type/test_tutorial001.py,test_tutorial001.py,tests/test_tutorial/test_strict_content_type,Python,.py,34,1200,True
fastapi,tests/test_tutorial/test_sub_applications/__init__.py,__init__.py,tests/test_tutorial/test_sub_applications,Python,.py,0,0,True
fastapi,tests/test_tutorial/test_sub_applications/test_tutorial001.py,test_tutorial001.py,tests/test_tutorial/test_sub_applications,Python,.py,59,2208,True
fastapi,tests/test_tutorial/test_templates/__init__.py,__init__.py,tests/test_tutorial/test_templates,Python,.py,0,0,True
fastapi,tests/test_tutorial/test_templates/test_tutorial001.py,test_tutorial001.py,tests/test_tutorial/test_templates,Python,.py,25,968,True
fastapi,tests/test_tutorial/test_testing/__init__.py,__init__.py,tests/test_tutorial/test_testing,Python,.py,0,0,True
fastapi,tests/test_tutorial/test_testing/test_main_a.py,test_main_a.py,tests/test_tutorial/test_testing,Python,.py,27,961,True
fastapi,tests/test_tutorial/test_testing/test_main_b.py,test_main_b.py,tests/test_tutorial/test_testing,Python,.py,22,766,True
fastapi,tests/test_tutorial/test_testing/test_tutorial001.py,test_tutorial001.py,tests/test_tutorial/test_testing,Python,.py,27,957,True
fastapi,tests/test_tutorial/test_testing/test_tutorial002.py,test_tutorial002.py,tests/test_tutorial/test_testing,Python,.py,5,160,True
fastapi,tests/test_tutorial/test_testing/test_tutorial003.py,test_tutorial003.py,tests/test_tutorial/test_testing,Python,.py,5,173,True
fastapi,tests/test_tutorial/test_testing/test_tutorial004.py,test_tutorial004.py,tests/test_tutorial/test_testing,Python,.py,3,108,True
fastapi,tests/test_tutorial/test_testing_dependencies/__init__.py,__init__.py,tests/test_tutorial/test_testing_dependencies,Python,.py,0,0,True
fastapi,tests/test_tutorial/test_testing_dependencies/test_tutorial001.py,test_tutorial001.py,tests/test_tutorial/test_testing_dependencies,Python,.py,59,2372,True
fastapi,tests/test_tutorial/test_using_request_directly/__init__.py,__init__.py,tests/test_tutorial/test_using_request_directly,Python,.py,0,0,True
fastapi,tests/test_tutorial/test_using_request_directly/test_tutorial001.py,test_tutorial001.py,tests/test_tutorial/test_using_request_directly,Python,.py,111,4496,True
fastapi,tests/test_tutorial/test_websockets/__init__.py,__init__.py,tests/test_tutorial/test_websockets,Python,.py,0,0,True
fastapi,tests/test_tutorial/test_websockets/test_tutorial001.py,test_tutorial001.py,tests/test_tutorial/test_websockets,Python,.py,20,829,True
fastapi,tests/test_tutorial/test_websockets/test_tutorial002.py,test_tutorial002.py,tests/test_tutorial/test_websockets,Python,.py,87,4110,True
fastapi,tests/test_tutorial/test_websockets/test_tutorial003.py,test_tutorial003.py,tests/test_tutorial/test_websockets,Python,.py,42,1490,True
fastapi,tests/test_tutorial/test_wsgi/__init__.py,__init__.py,tests/test_tutorial/test_wsgi,Python,.py,0,0,True
fastapi,tests/test_tutorial/test_wsgi/test_tutorial001.py,test_tutorial001.py,tests/test_tutorial/test_wsgi,Python,.py,11,442,True
fastapi,tests/test_typing_python39.py,test_typing_python39.py,tests,Python,.py,19,709,True
fastapi,tests/test_union_body.py,test_union_body.py,tests,Python,.py,119,5022,True
fastapi,tests/test_union_body_discriminator.py,test_union_body_discriminator.py,tests,Python,.py,193,8964,True
fastapi,tests/test_union_body_discriminator_annotated.py,test_union_body_discriminator_annotated.py,tests,Python,.py,185,8043,True
fastapi,tests/test_union_forms.py,test_union_forms.py,tests,Python,.py,143,5993,True
fastapi,tests/test_union_inherited_body.py,test_union_inherited_body.py,tests,Python,.py,127,5427,True
fastapi,tests/test_validate_response.py,test_validate_response.py,tests,Python,.py,55,1977,True
fastapi,tests/test_validate_response_dataclass.py,test_validate_response_dataclass.py,tests,Python,.py,34,1167,True
fastapi,tests/test_validate_response_recursive/__init__.py,__init__.py,tests/test_validate_response_recursive,Python,.py,0,0,True
fastapi,tests/test_validate_response_recursive/app.py,app.py,tests/test_validate_response_recursive,Python,.py,34,1151,True
fastapi,tests/test_validate_response_recursive/test_validate_response_recursive.py,test_validate_response_recursive.py,tests/test_validate_response_recursive,Python,.py,26,836,True
fastapi,tests/test_validation_error_context.py,test_validation_error_context.py,tests,Python,.py,123,4809,True
fastapi,tests/test_webhooks_security.py,test_webhooks_security.py,tests,Python,.py,124,5391,True
fastapi,tests/test_wrapped_method_forward_reference.py,test_wrapped_method_forward_reference.py,tests,Python,.py,24,997,True
fastapi,tests/test_ws_dependencies.py,test_ws_dependencies.py,tests,Python,.py,48,2164,True
fastapi,tests/test_ws_router.py,test_ws_router.py,tests,Python,.py,199,7651,True
fastapi,tests/utils.py,utils.py,tests,Python,.py,22,716,True
flask,.devcontainer/on-create-command.sh,on-create-command.sh,.devcontainer,Shell,.sh,7,165,False
flask,docs/conf.py,conf.py,docs,Python,.py,84,3386,False
flask,examples/celery/make_celery.py,make_celery.py,examples/celery,Python,.py,3,102,False
flask,examples/celery/src/task_app/__init__.py,__init__.py,examples/celery/src/task_app,Python,.py,31,1024,False
flask,examples/celery/src/task_app/tasks.py,tasks.py,examples/celery/src/task_app,Python,.py,15,484,False
flask,examples/celery/src/task_app/views.py,views.py,examples/celery/src/task_app,Python,.py,28,954,False
flask,examples/javascript/js_example/__init__.py,__init__.py,examples/javascript/js_example,Python,.py,3,91,False
flask,examples/javascript/js_example/views.py,views.py,examples/javascript/js_example,Python,.py,13,429,False
flask,examples/javascript/tests/conftest.py,conftest.py,examples/javascript/tests,Python,.py,10,216,True
flask,examples/javascript/tests/test_js_example.py,test_js_example.py,examples/javascript/tests,Python,.py,22,727,True
flask,examples/tutorial/flaskr/__init__.py,__init__.py,examples/tutorial/flaskr,Python,.py,36,1406,False
flask,examples/tutorial/flaskr/auth.py,auth.py,examples/tutorial/flaskr,Python,.py,90,3296,False
flask,examples/tutorial/flaskr/blog.py,blog.py,examples/tutorial/flaskr,Python,.py,100,3305,False
flask,examples/tutorial/flaskr/db.py,db.py,examples/tutorial/flaskr,Python,.py,40,1317,False
flask,examples/tutorial/tests/conftest.py,conftest.py,examples/tutorial/tests,Python,.py,44,1454,True
flask,examples/tutorial/tests/test_auth.py,test_auth.py,examples/tutorial/tests,Python,.py,53,2070,True
flask,examples/tutorial/tests/test_blog.py,test_blog.py,examples/tutorial/tests,Python,.py,61,2503,True
flask,examples/tutorial/tests/test_db.py,test_db.py,examples/tutorial/tests,Python,.py,19,616,True
flask,examples/tutorial/tests/test_factory.py,test_factory.py,examples/tutorial/tests,Python,.py,8,298,True
flask,src/flask/__init__.py,__init__.py,src/flask,Python,.py,39,2072,False
flask,src/flask/__main__.py,__main__.py,src/flask,Python,.py,2,30,False
flask,src/flask/app.py,app.py,src/flask,Python,.py,1328,65472,False
flask,src/flask/blueprints.py,blueprints.py,src/flask,Python,.py,102,4541,False
flask,src/flask/cli.py,cli.py,src/flask,Python,.py,899,36836,False
flask,src/flask/config.py,config.py,src/flask,Python,.py,286,13219,False
flask,src/flask/ctx.py,ctx.py,src/flask,Python,.py,404,18261,False
flask,src/flask/debughelpers.py,debughelpers.py,src/flask,Python,.py,146,6070,False
flask,src/flask/globals.py,globals.py,src/flask,Python,.py,58,2414,False
flask,src/flask/helpers.py,helpers.py,src/flask,Python,.py,534,24628,False
flask,src/flask/json/__init__.py,__init__.py,src/flask/json,Python,.py,122,5583,False
flask,src/flask/json/provider.py,provider.py,src/flask/json,Python,.py,163,7644,False
flask,src/flask/json/tag.py,tag.py,src/flask/json,Python,.py,236,9281,False
flask,src/flask/logging.py,logging.py,src/flask,Python,.py,55,2377,False
flask,src/flask/sansio/app.py,app.py,src/flask/sansio,Python,.py,832,39495,False
flask,src/flask/sansio/blueprints.py,blueprints.py,src/flask/sansio,Python,.py,572,27017,False
flask,src/flask/sansio/scaffold.py,scaffold.py,src/flask/sansio,Python,.py,647,30633,False
flask,src/flask/sessions.py,sessions.py,src/flask,Python,.py,310,14969,False
flask,src/flask/signals.py,signals.py,src/flask,Python,.py,14,750,False
flask,src/flask/templating.py,templating.py,src/flask,Python,.py,166,7336,False
flask,src/flask/testing.py,testing.py,src/flask,Python,.py,237,10134,False
flask,src/flask/typing.py,typing.py,src/flask,Python,.py,77,3114,False
flask,src/flask/views.py,views.py,src/flask,Python,.py,146,6971,False
flask,src/flask/wrappers.py,wrappers.py,src/flask,Python,.py,194,9406,False
flask,tests/conftest.py,conftest.py,tests,Python,.py,82,2546,True
flask,tests/test_appctx.py,test_appctx.py,tests,Python,.py,194,6827,True
flask,tests/test_apps/blueprintapp/__init__.py,__init__.py,tests/test_apps/blueprintapp,Python,.py,7,256,True
flask,tests/test_apps/blueprintapp/apps/__init__.py,__init__.py,tests/test_apps/blueprintapp/apps,Python,.py,0,0,True
flask,tests/test_apps/blueprintapp/apps/admin/__init__.py,__init__.py,tests/test_apps/blueprintapp/apps/admin,Python,.py,15,366,True
flask,tests/test_apps/blueprintapp/apps/frontend/__init__.py,__init__.py,tests/test_apps/blueprintapp/apps/frontend,Python,.py,9,327,True
flask,tests/test_apps/cliapp/__init__.py,__init__.py,tests/test_apps/cliapp,Python,.py,0,0,True
flask,tests/test_apps/cliapp/app.py,app.py,tests/test_apps/cliapp,Python,.py,2,52,True
flask,tests/test_apps/cliapp/factory.py,factory.py,tests/test_apps/cliapp,Python,.py,7,169,True
flask,tests/test_apps/cliapp/importerrorapp.py,importerrorapp.py,tests/test_apps/cliapp,Python,.py,3,73,True
flask,tests/test_apps/cliapp/inner1/__init__.py,__init__.py,tests/test_apps/cliapp/inner1,Python,.py,2,55,True
flask,tests/test_apps/cliapp/inner1/inner2/__init__.py,__init__.py,tests/test_apps/cliapp/inner1/inner2,Python,.py,0,0,True
flask,tests/test_apps/cliapp/inner1/inner2/flask.py,flask.py,tests/test_apps/cliapp/inner1/inner2,Python,.py,2,47,True
flask,tests/test_apps/cliapp/multiapp.py,multiapp.py,tests/test_apps/cliapp,Python,.py,3,67,True
flask,tests/test_apps/helloworld/hello.py,hello.py,tests/test_apps/helloworld,Python,.py,5,104,True
flask,tests/test_apps/helloworld/wsgi.py,wsgi.py,tests/test_apps/helloworld,Python,.py,1,36,True
flask,tests/test_apps/subdomaintestmodule/__init__.py,__init__.py,tests/test_apps/subdomaintestmodule,Python,.py,2,73,True
flask,tests/test_async.py,test_async.py,tests,Python,.py,104,3335,True
flask,tests/test_basic.py,test_basic.py,tests,Python,.py,1487,54273,True
flask,tests/test_blueprints.py,test_blueprints.py,tests,Python,.py,790,31287,True
flask,tests/test_cli.py,test_cli.py,tests,Python,.py,536,20303,True
flask,tests/test_config.py,test_config.py,tests,Python,.py,193,7748,True
flask,tests/test_converters.py,test_converters.py,tests,Python,.py,29,1093,True
flask,tests/test_helpers.py,test_helpers.py,tests,Python,.py,273,11218,True
flask,tests/test_instance_config.py,test_instance_config.py,tests,Python,.py,80,3317,True
flask,tests/test_json.py,test_json.py,tests,Python,.py,272,8741,True
flask,tests/test_json_tag.py,test_json_tag.py,tests,Python,.py,64,1998,True
flask,tests/test_logging.py,test_logging.py,tests,Python,.py,69,2529,True
flask,tests/test_regression.py,test_regression.py,tests,Python,.py,22,712,True
flask,tests/test_reqctx.py,test_reqctx.py,tests,Python,.py,190,6696,True
flask,tests/test_request.py,test_request.py,tests,Python,.py,53,1902,True
flask,tests/test_session_interface.py,test_session_interface.py,tests,Python,.py,21,784,True
flask,tests/test_signals.py,test_signals.py,tests,Python,.py,139,4864,True
flask,tests/test_subclassing.py,test_subclassing.py,tests,Python,.py,15,480,True
flask,tests/test_templating.py,test_templating.py,tests,Python,.py,387,15403,True
flask,tests/test_testing.py,test_testing.py,tests,Python,.py,286,10563,True
flask,tests/test_user_error_handler.py,test_user_error_handler.py,tests,Python,.py,215,8436,True
flask,tests/test_views.py,test_views.py,tests,Python,.py,187,7058,True
flask,tests/type_check/typing_app_decorators.py,typing_app_decorators.py,tests/type_check,Python,.py,18,589,True
flask,tests/type_check/typing_error_handler.py,typing_error_handler.py,tests/type_check,Python,.py,21,647,True
flask,tests/type_check/typing_route.py,typing_route.py,tests/type_check,Python,.py,71,2532,True
pytest,bench/bench.py,bench.py,bench,Python,.py,12,383,False
pytest,bench/bench_argcomplete.py,bench_argcomplete.py,bench,Python,.py,16,631,False
pytest,bench/empty.py,empty.py,bench,Python,.py,3,98,False
pytest,bench/manyparam.py,manyparam.py,bench,Python,.py,9,205,False
pytest,bench/skip.py,skip.py,bench,Python,.py,7,166,False
pytest,bench/unit_test.py,unit_test.py,bench,Python,.py,13,291,True
pytest,bench/xunit.py,xunit.py,bench,Python,.py,12,236,False
pytest,doc/en/conf.py,conf.py,doc/en,Python,.py,273,11624,False
pytest,doc/en/conftest.py,conftest.py,doc/en,Python,.py,2,66,False
pytest,doc/en/example/assertion/failure_demo.py,failure_demo.py,doc/en/example/assertion,Python,.py,196,5721,False
pytest,doc/en/example/assertion/global_testmodule_config/conftest.py,conftest.py,doc/en/example/assertion/global_testmodule_config,Python,.py,11,366,False
pytest,doc/en/example/assertion/global_testmodule_config/test_hello_world.py,test_hello_world.py,doc/en/example/assertion/global_testmodule_config,Python,.py,4,81,True
pytest,doc/en/example/assertion/test_failures.py,test_failures.py,doc/en/example/assertion,Python,.py,11,464,True
pytest,doc/en/example/assertion/test_setup_flow_example.py,test_setup_flow_example.py,doc/en/example/assertion,Python,.py,34,1289,True
pytest,doc/en/example/conftest.py,conftest.py,doc/en/example,Python,.py,2,87,False
pytest,doc/en/example/customdirectory/conftest.py,conftest.py,doc/en/example/customdirectory,Python,.py,24,1071,False
pytest,doc/en/example/customdirectory/tests/test_first.py,test_first.py,doc/en/example/customdirectory/tests,Python,.py,4,87,True
pytest,doc/en/example/customdirectory/tests/test_second.py,test_second.py,doc/en/example/customdirectory/tests,Python,.py,4,88,True
pytest,doc/en/example/customdirectory/tests/test_third.py,test_third.py,doc/en/example/customdirectory/tests,Python,.py,4,87,True
pytest,doc/en/example/fixtures/test_fixtures_order_autouse.py,test_fixtures_order_autouse.py,doc/en/example/fixtures,Python,.py,28,598,True
pytest,doc/en/example/fixtures/test_fixtures_order_autouse_multiple_scopes.py,test_fixtures_order_autouse_multiple_scopes.py,doc/en/example/fixtures,Python,.py,20,560,True
pytest,doc/en/example/fixtures/test_fixtures_order_autouse_temp_effects.py,test_fixtures_order_autouse_temp_effects.py,doc/en/example/fixtures,Python,.py,24,639,True
pytest,doc/en/example/fixtures/test_fixtures_order_dependencies.py,test_fixtures_order_dependencies.py,doc/en/example/fixtures,Python,.py,28,584,True
pytest,doc/en/example/fixtures/test_fixtures_order_scope.py,test_fixtures_order_scope.py,doc/en/example/fixtures,Python,.py,23,646,True
pytest,doc/en/example/fixtures/test_fixtures_request_different_scope.py,test_fixtures_request_different_scope.py,doc/en/example/fixtures,Python,.py,20,514,True
pytest,doc/en/example/multipython.py,multipython.py,doc/en/example,Python,.py,55,1958,False
pytest,doc/en/example/nonpython/__init__.py,__init__.py,doc/en/example/nonpython,Python,.py,0,0,False
pytest,doc/en/example/nonpython/conftest.py,conftest.py,doc/en/example/nonpython,Python,.py,37,1549,False
pytest,doc/en/example/pythoncollection.py,pythoncollection.py,doc/en/example,Python,.py,10,236,False
pytest,doc/en/example/xfail_demo.py,xfail_demo.py,doc/en/example,Python,.py,24,485,False
pytest,extra/get_issues.py,get_issues.py,extra,Python,.py,71,2370,False
pytest,scripts/diff-assert-rewrite.py,diff-assert-rewrite.py,scripts,Python,.py,133,5769,False
pytest,scripts/generate-gh-release-notes.py,generate-gh-release-notes.py,scripts,Python,.py,53,2155,False
pytest,scripts/prepare-release-pr.py,prepare-release-pr.py,scripts,Python,.py,140,4989,False
pytest,scripts/release.py,release.py,scripts,Python,.py,119,4969,False
pytest,scripts/update-plugin-list.py,update-plugin-list.py,scripts,Python,.py,187,7575,False
pytest,src/_pytest/__init__.py,__init__.py,src/_pytest,Python,.py,10,391,False
pytest,src/_pytest/_argcomplete.py,_argcomplete.py,src/_pytest,Python,.py,90,3776,False
pytest,src/_pytest/_code/__init__.py,__init__.py,src/_pytest/_code,Python,.py,22,521,False
pytest,src/_pytest/_code/code.py,code.py,src/_pytest/_code,Python,.py,1414,60879,False
pytest,src/_pytest/_code/source.py,source.py,src/_pytest/_code,Python,.py,226,9287,False
pytest,src/_pytest/_io/__init__.py,__init__.py,src/_pytest/_io,Python,.py,7,190,False
pytest,src/_pytest/_io/pprint.py,pprint.py,src/_pytest/_io,Python,.py,617,21409,False
pytest,src/_pytest/_io/saferepr.py,saferepr.py,src/_pytest/_io,Python,.py,126,4920,False
pytest,src/_pytest/_io/terminalwriter.py,terminalwriter.py,src/_pytest/_io,Python,.py,219,8994,False
pytest,src/_pytest/_io/wcwidth.py,wcwidth.py,src/_pytest/_io,Python,.py,43,1289,False
pytest,src/_pytest/_py/__init__.py,__init__.py,src/_pytest/_py,Python,.py,0,0,False
pytest,src/_pytest/_py/error.py,error.py,src/_pytest/_py,Python,.py,97,3475,False
pytest,src/_pytest/_py/path.py,path.py,src/_pytest/_py,Python,.py,1271,49229,False
pytest,src/_pytest/approx.py,approx.py,src/_pytest,Python,.py,844,39460,False
pytest,src/_pytest/assertion/__init__.py,__init__.py,src/_pytest/assertion,Python,.py,214,9343,False
pytest,src/_pytest/assertion/_compare_any.py,_compare_any.py,src/_pytest/assertion,Python,.py,128,5250,False
pytest,src/_pytest/assertion/_compare_mapping.py,_compare_mapping.py,src/_pytest/assertion,Python,.py,66,2726,False
pytest,src/_pytest/assertion/_compare_sequence.py,_compare_sequence.py,src/_pytest/assertion,Python,.py,84,3596,False
pytest,src/_pytest/assertion/_compare_set.py,_compare_set.py,src/_pytest/assertion,Python,.py,81,2667,False
pytest,src/_pytest/assertion/_guards.py,_guards.py,src/_pytest/assertion,Python,.py,39,1954,False
pytest,src/_pytest/assertion/_typing.py,_typing.py,src/_pytest/assertion,Python,.py,23,1153,False
pytest,src/_pytest/assertion/compare_text.py,compare_text.py,src/_pytest/assertion,Python,.py,116,4542,False
pytest,src/_pytest/assertion/highlight.py,highlight.py,src/_pytest/assertion,Python,.py,7,327,False
pytest,src/_pytest/assertion/rewrite.py,rewrite.py,src/_pytest/assertion,Python,.py,1029,47805,False
pytest,src/_pytest/assertion/truncate.py,truncate.py,src/_pytest/assertion,Python,.py,133,6164,False
pytest,src/_pytest/assertion/util.py,util.py,src/_pytest/assertion,Python,.py,165,7010,False
pytest,src/_pytest/cacheprovider.py,cacheprovider.py,src/_pytest,Python,.py,553,23778,False
pytest,src/_pytest/capture.py,capture.py,src/_pytest,Python,.py,917,37552,False
pytest,src/_pytest/compat.py,compat.py,src/_pytest,Python,.py,255,10668,False
pytest,src/_pytest/config/__init__.py,__init__.py,src/_pytest/config,Python,.py,2103,89879,False
pytest,src/_pytest/config/argparsing.py,argparsing.py,src/_pytest/config,Python,.py,515,22732,False
pytest,src/_pytest/config/exceptions.py,exceptions.py,src/_pytest/config,Python,.py,9,315,False
pytest,src/_pytest/config/findpaths.py,findpaths.py,src/_pytest/config,Python,.py,417,18132,False
pytest,src/_pytest/debugging.py,debugging.py,src/_pytest,Python,.py,330,13853,False
pytest,src/_pytest/deprecated.py,deprecated.py,src/_pytest,Python,.py,126,6251,False
pytest,src/_pytest/doctest.py,doctest.py,src/_pytest,Python,.py,620,25930,False
pytest,src/_pytest/faulthandler.py,faulthandler.py,src/_pytest,Python,.py,92,4250,False
pytest,src/_pytest/fixtures.py,fixtures.py,src/_pytest,Python,.py,2244,102209,False
pytest,src/_pytest/freeze_support.py,freeze_support.py,src/_pytest,Python,.py,36,1300,False
pytest,src/_pytest/helpconfig.py,helpconfig.py,src/_pytest,Python,.py,257,10088,False
pytest,src/_pytest/hookspec.py,hookspec.py,src/_pytest,Python,.py,896,42100,False
pytest,src/_pytest/junitxml.py,junitxml.py,src/_pytest,Python,.py,610,26644,False
pytest,src/_pytest/legacypath.py,legacypath.py,src/_pytest,Python,.py,352,16833,False
pytest,src/_pytest/logging.py,logging.py,src/_pytest,Python,.py,811,36228,False
pytest,src/_pytest/main.py,main.py,src/_pytest,Python,.py,1077,44147,False
pytest,src/_pytest/mark/__init__.py,__init__.py,src/_pytest/mark,Python,.py,250,10542,False
pytest,src/_pytest/mark/expression.py,expression.py,src/_pytest/mark,Python,.py,290,11686,False
pytest,src/_pytest/mark/structures.py,structures.py,src/_pytest/mark,Python,.py,575,24510,False
pytest,src/_pytest/monkeypatch.py,monkeypatch.py,src/_pytest,Python,.py,377,16778,False
pytest,src/_pytest/nodeid.py,nodeid.py,src/_pytest,Python,.py,95,4405,False
pytest,src/_pytest/nodes.py,nodes.py,src/_pytest,Python,.py,640,27476,False
pytest,src/_pytest/outcomes.py,outcomes.py,src/_pytest,Python,.py,204,8799,False
pytest,src/_pytest/pastebin.py,pastebin.py,src/_pytest,Python,.py,101,4281,False
pytest,src/_pytest/pathlib.py,pathlib.py,src/_pytest,Python,.py,905,39450,False
pytest,src/_pytest/pytester.py,pytester.py,src/_pytest,Python,.py,1501,63484,False
pytest,src/_pytest/pytester_assertions.py,pytester_assertions.py,src/_pytest,Python,.py,65,2253,False
pytest,src/_pytest/python.py,python.py,src/_pytest,Python,.py,1615,71919,False
pytest,src/_pytest/raises.py,raises.py,src/_pytest,Python,.py,1286,59802,False
pytest,src/_pytest/recwarn.py,recwarn.py,src/_pytest,Python,.py,308,13830,False
pytest,src/_pytest/reports.py,reports.py,src/_pytest,Python,.py,611,24348,False
pytest,src/_pytest/runner.py,runner.py,src/_pytest,Python,.py,497,20342,False
pytest,src/_pytest/scope.py,scope.py,src/_pytest,Python,.py,68,2736,False
pytest,src/_pytest/setuponly.py,setuponly.py,src/_pytest,Python,.py,80,3167,False
pytest,src/_pytest/setupplan.py,setupplan.py,src/_pytest,Python,.py,32,1184,False
pytest,src/_pytest/skipping.py,skipping.py,src/_pytest,Python,.py,271,10850,False
pytest,src/_pytest/stash.py,stash.py,src/_pytest,Python,.py,79,3090,False
pytest,src/_pytest/stepwise.py,stepwise.py,src/_pytest,Python,.py,185,8112,False
pytest,src/_pytest/subtests.py,subtests.py,src/_pytest,Python,.py,342,13536,False
pytest,src/_pytest/terminal.py,terminal.py,src/_pytest,Python,.py,1573,66205,False
pytest,src/_pytest/terminalprogress.py,terminalprogress.py,src/_pytest,Python,.py,24,1153,False
pytest,src/_pytest/threadexception.py,threadexception.py,src/_pytest,Python,.py,122,4892,False
pytest,src/_pytest/timing.py,timing.py,src/_pytest,Python,.py,68,3196,False
pytest,src/_pytest/tmpdir.py,tmpdir.py,src/_pytest,Python,.py,300,13062,False
pytest,src/_pytest/tracemalloc.py,tracemalloc.py,src/_pytest,Python,.py,20,778,False
pytest,src/_pytest/unittest.py,unittest.py,src/_pytest,Python,.py,559,25100,False
pytest,src/_pytest/unraisableexception.py,unraisableexception.py,src/_pytest,Python,.py,152,6484,False
pytest,src/_pytest/warning_types.py,warning_types.py,src/_pytest,Python,.py,110,4241,False
pytest,src/_pytest/warnings.py,warnings.py,src/_pytest,Python,.py,100,3885,False
pytest,src/py.py,py.py,src,Python,.py,10,329,False
pytest,src/pytest/__init__.py,__init__.py,src/pytest,Python,.py,184,5688,False
pytest,src/pytest/__main__.py,__main__.py,src/pytest,Python,.py,5,175,False
pytest,testing/_py/test_local.py,test_local.py,testing/_py,Python,.py,1318,52632,True
pytest,testing/acceptance_test.py,acceptance_test.py,testing,Python,.py,1539,61200,True
pytest,testing/code/test_code.py,test_code.py,testing/code,Python,.py,165,6033,True
pytest,testing/code/test_excinfo.py,test_excinfo.py,testing/code,Python,.py,1979,77215,True
pytest,testing/code/test_source.py,test_source.py,testing/code,Python,.py,560,18321,True
pytest,testing/conftest.py,conftest.py,testing,Python,.py,195,8065,False
pytest,testing/deprecated_test.py,deprecated_test.py,testing,Python,.py,301,12226,True
pytest,testing/example_scripts/__init__.py,__init__.py,testing/example_scripts,Python,.py,0,0,False
pytest,testing/example_scripts/acceptance/fixture_mock_integration.py,fixture_mock_integration.py,testing/example_scripts/acceptance,Python,.py,12,359,False
pytest,testing/example_scripts/collect/collect_init_tests/tests/__init__.py,__init__.py,testing/example_scripts/collect/collect_init_tests/tests,Python,.py,4,90,True
pytest,testing/example_scripts/collect/collect_init_tests/tests/test_foo.py,test_foo.py,testing/example_scripts/collect/collect_init_tests/tests,Python,.py,4,89,True
pytest,testing/example_scripts/collect/package_infinite_recursion/conftest.py,conftest.py,testing/example_scripts/collect/package_infinite_recursion,Python,.py,4,125,False
pytest,testing/example_scripts/collect/package_infinite_recursion/tests/__init__.py,__init__.py,testing/example_scripts/collect/package_infinite_recursion/tests,Python,.py,0,0,True
pytest,testing/example_scripts/collect/package_infinite_recursion/tests/test_basic.py,test_basic.py,testing/example_scripts/collect/package_infinite_recursion/tests,Python,.py,4,85,True
pytest,testing/example_scripts/collect/package_init_given_as_arg/pkg/__init__.py,__init__.py,testing/example_scripts/collect/package_init_given_as_arg/pkg,Python,.py,4,90,False
pytest,testing/example_scripts/collect/package_init_given_as_arg/pkg/test_foo.py,test_foo.py,testing/example_scripts/collect/package_init_given_as_arg/pkg,Python,.py,4,89,True
pytest,testing/example_scripts/config/collect_pytest_prefix/conftest.py,conftest.py,testing/example_scripts/config/collect_pytest_prefix,Python,.py,3,70,False
pytest,testing/example_scripts/config/collect_pytest_prefix/test_foo.py,test_foo.py,testing/example_scripts/config/collect_pytest_prefix,Python,.py,4,89,True
pytest,testing/example_scripts/conftest_usageerror/conftest.py,conftest.py,testing/example_scripts/conftest_usageerror,Python,.py,7,223,False
pytest,testing/example_scripts/customdirectory/conftest.py,conftest.py,testing/example_scripts/customdirectory,Python,.py,19,693,False
pytest,testing/example_scripts/customdirectory/tests/test_first.py,test_first.py,testing/example_scripts/customdirectory/tests,Python,.py,5,114,True
pytest,testing/example_scripts/customdirectory/tests/test_second.py,test_second.py,testing/example_scripts/customdirectory/tests,Python,.py,5,115,True
pytest,testing/example_scripts/customdirectory/tests/test_third.py,test_third.py,testing/example_scripts/customdirectory/tests,Python,.py,5,114,True
pytest,testing/example_scripts/dataclasses/test_compare_dataclasses.py,test_compare_dataclasses.py,testing/example_scripts/dataclasses,Python,.py,11,339,True
pytest,testing/example_scripts/dataclasses/test_compare_dataclasses_field_comparison_off.py,test_compare_dataclasses_field_comparison_off.py,testing/example_scripts/dataclasses,Python,.py,11,382,True
pytest,testing/example_scripts/dataclasses/test_compare_dataclasses_verbose.py,test_compare_dataclasses_verbose.py,testing/example_scripts/dataclasses,Python,.py,11,347,True
pytest,testing/example_scripts/dataclasses/test_compare_dataclasses_with_custom_eq.py,test_compare_dataclasses_with_custom_eq.py,testing/example_scripts/dataclasses,Python,.py,13,425,True
pytest,testing/example_scripts/dataclasses/test_compare_initvar.py,test_compare_initvar.py,testing/example_scripts/dataclasses,Python,.py,10,260,True
pytest,testing/example_scripts/dataclasses/test_compare_recursive_dataclasses.py,test_compare_recursive_dataclasses.py,testing/example_scripts/dataclasses,Python,.py,35,614,True
pytest,testing/example_scripts/dataclasses/test_compare_two_different_dataclasses.py,test_compare_two_different_dataclasses.py,testing/example_scripts/dataclasses,Python,.py,15,518,True
pytest,testing/example_scripts/doctest/main_py/__main__.py,__main__.py,testing/example_scripts/doctest/main_py,Python,.py,4,108,False
pytest,testing/example_scripts/doctest/main_py/test_normal_module.py,test_normal_module.py,testing/example_scripts/doctest/main_py,Python,.py,8,137,True
pytest,testing/example_scripts/fixtures/custom_item/conftest.py,conftest.py,testing/example_scripts/fixtures/custom_item,Python,.py,11,375,False
pytest,testing/example_scripts/fixtures/custom_item/foo/__init__.py,__init__.py,testing/example_scripts/fixtures/custom_item/foo,Python,.py,0,0,False
pytest,testing/example_scripts/fixtures/custom_item/foo/test_foo.py,test_foo.py,testing/example_scripts/fixtures/custom_item/foo,Python,.py,4,85,True
pytest,testing/example_scripts/fixtures/fill_fixtures/test_conftest_funcargs_only_available_in_subdir/sub1/__init__.py,__init__.py,testing/example_scripts/fixtures/fill_fixtures/test_conftest_funcargs_only_available_in_subdir/sub1,Python,.py,0,0,False
pytest,testing/example_scripts/fixtures/fill_fixtures/test_conftest_funcargs_only_available_in_subdir/sub1/conftest.py,conftest.py,testing/example_scripts/fixtures/fill_fixtures/test_conftest_funcargs_only_available_in_subdir/sub1,Python,.py,7,205,False
pytest,testing/example_scripts/fixtures/fill_fixtures/test_conftest_funcargs_only_available_in_subdir/sub1/test_in_sub1.py,test_in_sub1.py,testing/example_scripts/fixtures/fill_fixtures/test_conftest_funcargs_only_available_in_subdir/sub1,Python,.py,4,91,True
pytest,testing/example_scripts/fixtures/fill_fixtures/test_conftest_funcargs_only_available_in_subdir/sub2/__init__.py,__init__.py,testing/example_scripts/fixtures/fill_fixtures/test_conftest_funcargs_only_available_in_subdir/sub2,Python,.py,0,0,False
pytest,testing/example_scripts/fixtures/fill_fixtures/test_conftest_funcargs_only_available_in_subdir/sub2/conftest.py,conftest.py,testing/example_scripts/fixtures/fill_fixtures/test_conftest_funcargs_only_available_in_subdir/sub2,Python,.py,8,246,False
pytest,testing/example_scripts/fixtures/fill_fixtures/test_conftest_funcargs_only_available_in_subdir/sub2/test_in_sub2.py,test_in_sub2.py,testing/example_scripts/fixtures/fill_fixtures/test_conftest_funcargs_only_available_in_subdir/sub2,Python,.py,4,91,True
pytest,testing/example_scripts/fixtures/fill_fixtures/test_detect_recursive_dependency_error.py,test_detect_recursive_dependency_error.py,testing/example_scripts/fixtures/fill_fixtures,Python,.py,11,198,True
pytest,testing/example_scripts/fixtures/fill_fixtures/test_extend_fixture_conftest_conftest/conftest.py,conftest.py,testing/example_scripts/fixtures/fill_fixtures/test_extend_fixture_conftest_conftest,Python,.py,6,125,False
pytest,testing/example_scripts/fixtures/fill_fixtures/test_extend_fixture_conftest_conftest/pkg/__init__.py,__init__.py,testing/example_scripts/fixtures/fill_fixtures/test_extend_fixture_conftest_conftest/pkg,Python,.py,0,0,False
pytest,testing/example_scripts/fixtures/fill_fixtures/test_extend_fixture_conftest_conftest/pkg/conftest.py,conftest.py,testing/example_scripts/fixtures/fill_fixtures/test_extend_fixture_conftest_conftest/pkg,Python,.py,6,131,False
pytest,testing/example_scripts/fixtures/fill_fixtures/test_extend_fixture_conftest_conftest/pkg/test_spam.py,test_spam.py,testing/example_scripts/fixtures/fill_fixtures/test_extend_fixture_conftest_conftest/pkg,Python,.py,4,115,True
pytest,testing/example_scripts/fixtures/fill_fixtures/test_extend_fixture_conftest_module/conftest.py,conftest.py,testing/example_scripts/fixtures/fill_fixtures/test_extend_fixture_conftest_module,Python,.py,6,125,False
pytest,testing/example_scripts/fixtures/fill_fixtures/test_extend_fixture_conftest_module/test_extend_fixture_conftest_module.py,test_extend_fixture_conftest_module.py,testing/example_scripts/fixtures/fill_fixtures/test_extend_fixture_conftest_module,Python,.py,8,184,True
pytest,testing/example_scripts/fixtures/fill_fixtures/test_extend_fixture_module_class.py,test_extend_fixture_module_class.py,testing/example_scripts/fixtures/fill_fixtures,Python,.py,12,279,True
pytest,testing/example_scripts/fixtures/fill_fixtures/test_funcarg_basic.py,test_funcarg_basic.py,testing/example_scripts/fixtures/fill_fixtures,Python,.py,11,242,True
pytest,testing/example_scripts/fixtures/fill_fixtures/test_funcarg_lookup_classlevel.py,test_funcarg_lookup_classlevel.py,testing/example_scripts/fixtures/fill_fixtures,Python,.py,9,254,True
pytest,testing/example_scripts/fixtures/fill_fixtures/test_funcarg_lookup_modulelevel.py,test_funcarg_lookup_modulelevel.py,testing/example_scripts/fixtures/fill_fixtures,Python,.py,11,319,True
pytest,testing/example_scripts/fixtures/fill_fixtures/test_funcarg_lookupfails.py,test_funcarg_lookupfails.py,testing/example_scripts/fixtures/fill_fixtures,Python,.py,8,168,True
pytest,testing/example_scripts/fixtures/test_fixture_named_request.py,test_fixture_named_request.py,testing/example_scripts/fixtures,Python,.py,8,142,True
pytest,testing/example_scripts/fixtures/test_getfixturevalue_dynamic.py,test_getfixturevalue_dynamic.py,testing/example_scripts/fixtures,Python,.py,14,321,True
pytest,testing/example_scripts/issue88_initial_file_multinodes/conftest.py,conftest.py,testing/example_scripts/issue88_initial_file_multinodes,Python,.py,11,387,False
pytest,testing/example_scripts/issue88_initial_file_multinodes/test_hello.py,test_hello.py,testing/example_scripts/issue88_initial_file_multinodes,Python,.py,4,91,True
pytest,testing/example_scripts/issue_519.py,issue_519.py,testing/example_scripts,Python,.py,38,1456,False
pytest,testing/example_scripts/marks/marks_considered_keywords/conftest.py,conftest.py,testing/example_scripts/marks/marks_considered_keywords,Python,.py,0,0,False
pytest,testing/example_scripts/marks/marks_considered_keywords/test_marks_as_keywords.py,test_marks_as_keywords.py,testing/example_scripts/marks/marks_considered_keywords,Python,.py,6,122,True
pytest,testing/example_scripts/perf_examples/collect_stats/generate_folders.py,generate_folders.py,testing/example_scripts/perf_examples/collect_stats,Python,.py,23,919,False
pytest,testing/example_scripts/perf_examples/collect_stats/template_test.py,template_test.py,testing/example_scripts/perf_examples/collect_stats,Python,.py,4,87,True
pytest,testing/example_scripts/tmpdir/tmp_path_fixture.py,tmp_path_fixture.py,testing/example_scripts/tmpdir,Python,.py,7,226,False
pytest,testing/example_scripts/unittest/test_parametrized_fixture_error_message.py,test_parametrized_fixture_error_message.py,testing/example_scripts/unittest,Python,.py,11,285,True
pytest,testing/example_scripts/unittest/test_setup_skip.py,test_setup_skip.py,testing/example_scripts/unittest,Python,.py,11,343,True
pytest,testing/example_scripts/unittest/test_setup_skip_class.py,test_setup_skip_class.py,testing/example_scripts/unittest,Python,.py,12,369,True
pytest,testing/example_scripts/unittest/test_setup_skip_module.py,test_setup_skip_module.py,testing/example_scripts/unittest,Python,.py,10,297,True
pytest,testing/example_scripts/unittest/test_unittest_asyncio.py,test_unittest_asyncio.py,testing/example_scripts/unittest,Python,.py,17,630,True
pytest,testing/example_scripts/unittest/test_unittest_asynctest.py,test_unittest_asynctest.py,testing/example_scripts/unittest,Python,.py,16,470,True
pytest,testing/example_scripts/unittest/test_unittest_plain_async.py,test_unittest_plain_async.py,testing/example_scripts/unittest,Python,.py,6,163,True
pytest,testing/example_scripts/warnings/test_group_warnings_by_message.py,test_group_warnings_by_message.py,testing/example_scripts/warnings,Python,.py,14,333,True
pytest,testing/example_scripts/warnings/test_group_warnings_by_message_summary/test_1.py,test_1.py,testing/example_scripts/warnings/test_group_warnings_by_message_summary,Python,.py,14,335,True
pytest,testing/example_scripts/warnings/test_group_warnings_by_message_summary/test_2.py,test_2.py,testing/example_scripts/warnings/test_group_warnings_by_message_summary,Python,.py,5,119,True
pytest,testing/examples/test_issue519.py,test_issue519.py,testing/examples,Python,.py,6,239,True
pytest,testing/freeze/create_executable.py,create_executable.py,testing/freeze,Python,.py,11,463,False
pytest,testing/freeze/runtests_script.py,runtests_script.py,testing/freeze,Python,.py,9,230,False
pytest,testing/freeze/tests/test_trivial.py,test_trivial.py,testing/freeze/tests,Python,.py,6,170,True
pytest,testing/freeze/tox_run.py,tox_run.py,testing/freeze,Python,.py,13,424,False
pytest,testing/io/test_pprint.py,test_pprint.py,testing/io,Python,.py,662,21006,True
pytest,testing/io/test_saferepr.py,test_saferepr.py,testing/io,Python,.py,168,6131,True
pytest,testing/io/test_terminalwriter.py,test_terminalwriter.py,testing/io,Python,.py,259,9875,True
pytest,testing/io/test_wcwidth.py,test_wcwidth.py,testing/io,Python,.py,35,861,True
pytest,testing/logging/test_fixture.py,test_fixture.py,testing/logging,Python,.py,425,18327,True
pytest,testing/logging/test_formatter.py,test_formatter.py,testing/logging,Python,.py,153,5407,True
pytest,testing/logging/test_reporting.py,test_reporting.py,testing/logging,Python,.py,1333,48577,True
pytest,testing/plugins_integration/bdd_wallet.py,bdd_wallet.py,testing/plugins_integration,Python,.py,27,681,False
pytest,testing/plugins_integration/django_settings.py,django_settings.py,testing/plugins_integration,Python,.py,2,61,False
pytest,testing/plugins_integration/pytest_anyio_integration.py,pytest_anyio_integration.py,testing/plugins_integration,Python,.py,7,161,False
pytest,testing/plugins_integration/pytest_asyncio_integration.py,pytest_asyncio_integration.py,testing/plugins_integration,Python,.py,7,167,False
pytest,testing/plugins_integration/pytest_mock_integration.py,pytest_mock_integration.py,testing/plugins_integration,Python,.py,4,112,False
pytest,testing/plugins_integration/pytest_rerunfailures_integration.py,pytest_rerunfailures_integration.py,testing/plugins_integration,Python,.py,9,304,False
pytest,testing/plugins_integration/pytest_trio_integration.py,pytest_trio_integration.py,testing/plugins_integration,Python,.py,7,158,False
pytest,testing/plugins_integration/pytest_twisted_integration.py,pytest_twisted_integration.py,testing/plugins_integration,Python,.py,13,416,False
pytest,testing/plugins_integration/simple_integration.py,simple_integration.py,testing/plugins_integration,Python,.py,8,186,False
pytest,testing/python/approx.py,approx.py,testing/python,Python,.py,1298,56779,False
pytest,testing/python/collect.py,collect.py,testing/python,Python,.py,1537,56417,False
pytest,testing/python/fixtures.py,fixtures.py,testing/python,Python,.py,5371,193461,False
pytest,testing/python/integration.py,integration.py,testing/python,Python,.py,394,14076,False
pytest,testing/python/metafunc.py,metafunc.py,testing/python,Python,.py,2178,84975,False
pytest,testing/python/raises.py,raises.py,testing/python,Python,.py,435,19250,False
pytest,testing/python/raises_group.py,raises_group.py,testing/python,Python,.py,1231,55895,False
pytest,testing/python/show_fixtures_per_test.py,show_fixtures_per_test.py,testing/python,Python,.py,286,9629,True
pytest,testing/test_argcomplete.py,test_argcomplete.py,testing,Python,.py,72,3235,True
pytest,testing/test_assertion.py,test_assertion.py,testing,Python,.py,2730,101498,True
pytest,testing/test_assertrewrite.py,test_assertrewrite.py,testing,Python,.py,2002,76002,True
pytest,testing/test_assertrewrite_coverage.py,test_assertrewrite_coverage.py,testing,Python,.py,1057,39694,True
pytest,testing/test_cacheprovider.py,test_cacheprovider.py,testing,Python,.py,1291,50026,True
pytest,testing/test_capture.py,test_capture.py,testing,Python,.py,1549,55906,True
pytest,testing/test_collect_imported_tests.py,test_collect_imported_tests.py,testing,Python,.py,84,2889,True
pytest,testing/test_collection.py,test_collection.py,testing,Python,.py,2466,94587,True
pytest,testing/test_compat.py,test_compat.py,testing,Python,.py,151,4949,True
pytest,testing/test_config.py,test_config.py,testing,Python,.py,3120,121057,True
pytest,testing/test_conftest.py,test_conftest.py,testing,Python,.py,957,34932,True
pytest,testing/test_debugging.py,test_debugging.py,testing,Python,.py,1255,46590,True
pytest,testing/test_doctest.py,test_doctest.py,testing,Python,.py,1635,55419,True
pytest,testing/test_entry_points.py,test_entry_points.py,testing,Python,.py,7,315,True
pytest,testing/test_error_diffs.py,test_error_diffs.py,testing,Python,.py,284,8675,True
pytest,testing/test_faulthandler.py,test_faulthandler.py,testing,Python,.py,187,6740,True
pytest,testing/test_findpaths.py,test_findpaths.py,testing,Python,.py,237,10314,True
pytest,testing/test_helpconfig.py,test_helpconfig.py,testing,Python,.py,142,5810,True
pytest,testing/test_junitxml.py,test_junitxml.py,testing,Python,.py,1658,61790,True
pytest,testing/test_legacypath.py,test_legacypath.py,testing,Python,.py,154,5869,True
pytest,testing/test_link_resolve.py,test_link_resolve.py,testing,Python,.py,70,2379,True
pytest,testing/test_main.py,test_main.py,testing,Python,.py,329,12797,True
pytest,testing/test_mark.py,test_mark.py,testing,Python,.py,1297,45144,True
pytest,testing/test_mark_expression.py,test_mark_expression.py,testing,Python,.py,317,11738,True
pytest,testing/test_meta.py,test_meta.py,testing,Python,.py,26,793,True
pytest,testing/test_monkeypatch.py,test_monkeypatch.py,testing,Python,.py,534,18934,True
pytest,testing/test_nodeid.py,test_nodeid.py,testing,Python,.py,143,6738,True
pytest,testing/test_nodes.py,test_nodes.py,testing,Python,.py,130,5404,True
pytest,testing/test_parseopt.py,test_parseopt.py,testing,Python,.py,339,16209,True
pytest,testing/test_pastebin.py,test_pastebin.py,testing,Python,.py,180,7105,True
pytest,testing/test_pathlib.py,test_pathlib.py,testing,Python,.py,1544,64148,True
pytest,testing/test_pluginmanager.py,test_pluginmanager.py,testing,Python,.py,505,21001,True
pytest,testing/test_pytester.py,test_pytester.py,testing,Python,.py,708,28203,True
pytest,testing/test_python_path.py,test_python_path.py,testing,Python,.py,103,4065,True
pytest,testing/test_recwarn.py,test_recwarn.py,testing,Python,.py,542,24695,True
pytest,testing/test_reports.py,test_reports.py,testing,Python,.py,542,23666,True
pytest,testing/test_runner.py,test_runner.py,testing,Python,.py,1091,40471,True
pytest,testing/test_runner_xunit.py,test_runner_xunit.py,testing,Python,.py,241,7857,True
pytest,testing/test_scope.py,test_scope.py,testing,Python,.py,28,1382,True
pytest,testing/test_session.py,test_session.py,testing,Python,.py,415,15535,True
pytest,testing/test_setuponly.py,test_setuponly.py,testing,Python,.py,273,8225,True
pytest,testing/test_setupplan.py,test_setupplan.py,testing,Python,.py,103,3534,True
pytest,testing/test_skipping.py,test_skipping.py,testing,Python,.py,1397,45601,True
pytest,testing/test_stash.py,test_stash.py,testing,Python,.py,59,1876,True
pytest,testing/test_stepwise.py,test_stepwise.py,testing,Python,.py,455,16450,True
pytest,testing/test_subtests.py,test_subtests.py,testing,Python,.py,940,34848,True
pytest,testing/test_terminal.py,test_terminal.py,testing,Python,.py,3156,118988,True
pytest,testing/test_threadexception.py,test_threadexception.py,testing,Python,.py,210,7182,True
pytest,testing/test_tmpdir.py,test_tmpdir.py,testing,Python,.py,747,29950,True
pytest,testing/test_unittest.py,test_unittest.py,testing,Python,.py,1481,51378,True
pytest,testing/test_unraisableexception.py,test_unraisableexception.py,testing,Python,.py,433,16687,True
pytest,testing/test_warning_types.py,test_warning_types.py,testing,Python,.py,41,1508,True
pytest,testing/test_warnings.py,test_warnings.py,testing,Python,.py,1010,39204,True
pytest,testing/typing_checks.py,typing_checks.py,testing,Python,.py,54,1925,False
pytest,testing/typing_raises_group.py,typing_raises_group.py,testing,Python,.py,176,8364,False
requests,docs/_themes/flask_theme_support.py,flask_theme_support.py,docs/_themes,Python,.py,74,4875,False
requests,docs/conf.py,conf.py,docs,Python,.py,291,12148,False
requests,setup.py,setup.py,,Python,.py,6,179,False
requests,src/requests/__init__.py,__init__.py,src/requests,Python,.py,184,5637,False
requests,src/requests/__version__.py,__version__.py,src/requests,Python,.py,13,435,False
requests,src/requests/_internal_utils.py,_internal_utils.py,src/requests,Python,.py,40,1542,False
requests,src/requests/_types.py,_types.py,src/requests,Python,.py,148,6041,False
requests,src/requests/adapters.py,adapters.py,src/requests,Python,.py,634,27992,False
requests,src/requests/api.py,api.py,src/requests,Python,.py,139,7152,False
requests,src/requests/auth.py,auth.py,src/requests,Python,.py,283,12107,False
requests,src/requests/certs.py,certs.py,src/requests,Python,.py,13,430,False
requests,src/requests/compat.py,compat.py,src/requests,Python,.py,94,2494,False
requests,src/requests/cookies.py,cookies.py,src/requests,Python,.py,503,21504,False
requests,src/requests/exceptions.py,exceptions.py,src/requests,Python,.py,98,4564,False
requests,src/requests/help.py,help.py,src/requests,Python,.py,110,4068,False
requests,src/requests/hooks.py,hooks.py,src/requests,Python,.py,35,1138,False
requests,src/requests/models.py,models.py,src/requests,Python,.py,988,41462,False
requests,src/requests/packages.py,packages.py,src/requests,Python,.py,19,904,False
requests,src/requests/sessions.py,sessions.py,src/requests,Python,.py,758,34072,False
requests,src/requests/status_codes.py,status_codes.py,src/requests,Python,.py,116,4351,False
requests,src/requests/structures.py,structures.py,src/requests,Python,.py,96,4134,False
requests,src/requests/utils.py,utils.py,src/requests,Python,.py,915,36061,False
requests,tests/__init__.py,__init__.py,tests,Python,.py,11,469,True
requests,tests/compat.py,compat.py,tests,Python,.py,19,480,True
requests,tests/conftest.py,conftest.py,tests,Python,.py,48,1934,True
requests,tests/test_adapters.py,test_adapters.py,tests,Python,.py,6,314,True
requests,tests/test_help.py,test_help.py,tests,Python,.py,18,839,True
requests,tests/test_hooks.py,test_hooks.py,tests,Python,.py,15,424,True
requests,tests/test_lowlevel.py,test_lowlevel.py,tests,Python,.py,329,15343,True
requests,tests/test_packages.py,test_packages.py,tests,Python,.py,7,229,True
requests,tests/test_requests.py,test_requests.py,tests,Python,.py,2597,108534,True
requests,tests/test_structures.py,test_structures.py,tests,Python,.py,71,2757,True
requests,tests/test_testserver.py,test_testserver.py,tests,Python,.py,129,5547,True
requests,tests/test_utils.py,test_utils.py,tests,Python,.py,875,31454,True
requests,tests/testserver/__init__.py,__init__.py,tests/testserver,Python,.py,0,0,True
requests,tests/testserver/server.py,server.py,tests/testserver,Python,.py,144,5147,True
requests,tests/utils.py,utils.py,tests,Python,.py,15,366,True
scikit-learn,.devcontainer/setup.sh,setup.sh,.devcontainer,Shell,.sh,16,681,False
scikit-learn,.github/scripts/add_or_remove_no_pr_warning.py,add_or_remove_no_pr_warning.py,.github/scripts,Python,.py,43,1889,False
scikit-learn,.github/scripts/first-time-contributor.py,first-time-contributor.py,.github/scripts,Python,.py,93,3765,False
scikit-learn,.github/scripts/label_title_regex.py,label_title_regex.py,.github/scripts,Python,.py,17,663,False
scikit-learn,.spin/cmds.py,cmds.py,.spin,Python,.py,23,793,False
scikit-learn,asv_benchmarks/benchmarks/__init__.py,__init__.py,asv_benchmarks/benchmarks,Python,.py,1,49,False
scikit-learn,asv_benchmarks/benchmarks/cluster.py,cluster.py,asv_benchmarks/benchmarks,Python,.py,79,2925,False
scikit-learn,asv_benchmarks/benchmarks/common.py,common.py,asv_benchmarks/benchmarks,Python,.py,191,7347,False
scikit-learn,asv_benchmarks/benchmarks/datasets.py,datasets.py,asv_benchmarks/benchmarks,Python,.py,134,5191,False
scikit-learn,asv_benchmarks/benchmarks/decomposition.py,decomposition.py,asv_benchmarks/benchmarks,Python,.py,68,2406,False
scikit-learn,asv_benchmarks/benchmarks/ensemble.py,ensemble.py,asv_benchmarks/benchmarks,Python,.py,87,2995,False
scikit-learn,asv_benchmarks/benchmarks/linear_model.py,linear_model.py,asv_benchmarks/benchmarks,Python,.py,183,6606,False
scikit-learn,asv_benchmarks/benchmarks/manifold.py,manifold.py,asv_benchmarks/benchmarks,Python,.py,22,820,False
scikit-learn,asv_benchmarks/benchmarks/metrics.py,metrics.py,asv_benchmarks/benchmarks,Python,.py,34,1363,False
scikit-learn,asv_benchmarks/benchmarks/model_selection.py,model_selection.py,asv_benchmarks/benchmarks,Python,.py,57,2371,False
scikit-learn,asv_benchmarks/benchmarks/neighbors.py,neighbors.py,asv_benchmarks/benchmarks,Python,.py,26,1140,False
scikit-learn,asv_benchmarks/benchmarks/svm.py,svm.py,asv_benchmarks/benchmarks,Python,.py,20,762,False
scikit-learn,asv_benchmarks/benchmarks/utils.py,utils.py,asv_benchmarks/benchmarks,Python,.py,32,1310,False
scikit-learn,benchmarks/bench_20newsgroups.py,bench_20newsgroups.py,benchmarks,Python,.py,83,3121,False
scikit-learn,benchmarks/bench_covertype.py,bench_covertype.py,benchmarks,Python,.py,201,7285,False
scikit-learn,benchmarks/bench_feature_expansions.py,bench_feature_expansions.py,benchmarks,Python,.py,51,1820,False
scikit-learn,benchmarks/bench_glm.py,bench_glm.py,benchmarks,Python,.py,40,1479,False
scikit-learn,benchmarks/bench_glmnet.py,bench_glmnet.py,benchmarks,Python,.py,110,3968,False
scikit-learn,benchmarks/bench_hist_gradient_boosting.py,bench_hist_gradient_boosting.py,benchmarks,Python,.py,258,9516,False
scikit-learn,benchmarks/bench_hist_gradient_boosting_adult.py,bench_hist_gradient_boosting_adult.py,benchmarks,Python,.py,84,3507,False
scikit-learn,benchmarks/bench_hist_gradient_boosting_categorical_only.py,bench_hist_gradient_boosting_categorical_only.py,benchmarks,Python,.py,65,2622,False
scikit-learn,benchmarks/bench_hist_gradient_boosting_higgsboson.py,bench_hist_gradient_boosting_higgsboson.py,benchmarks,Python,.py,106,4246,False
scikit-learn,benchmarks/bench_hist_gradient_boosting_threading.py,bench_hist_gradient_boosting_threading.py,benchmarks,Python,.py,298,11031,False
scikit-learn,benchmarks/bench_isolation_forest.py,bench_isolation_forest.py,benchmarks,Python,.py,137,5496,False
scikit-learn,benchmarks/bench_isolation_forest_predict.py,bench_isolation_forest_predict.py,benchmarks,Python,.py,171,6674,False
scikit-learn,benchmarks/bench_isotonic.py,bench_isotonic.py,benchmarks,Python,.py,87,3262,False
scikit-learn,benchmarks/bench_kernel_pca_solvers_time_vs_n_components.py,bench_kernel_pca_solvers_time_vs_n_components.py,benchmarks,Python,.py,150,5416,False
scikit-learn,benchmarks/bench_kernel_pca_solvers_time_vs_n_samples.py,bench_kernel_pca_solvers_time_vs_n_samples.py,benchmarks,Python,.py,154,5765,False
scikit-learn,benchmarks/bench_lasso.py,bench_lasso.py,benchmarks,Python,.py,78,3098,False
scikit-learn,benchmarks/bench_lof.py,bench_lof.py,benchmarks,Python,.py,94,3526,False
scikit-learn,benchmarks/bench_mnist.py,bench_mnist.py,benchmarks,Python,.py,200,6931,False
scikit-learn,benchmarks/bench_online_ocsvm.py,bench_online_ocsvm.py,benchmarks,Python,.py,236,9419,False
scikit-learn,benchmarks/bench_pca_solvers.py,bench_pca_solvers.py,benchmarks,Python,.py,151,5814,False
scikit-learn,benchmarks/bench_plot_fastkmeans.py,bench_plot_fastkmeans.py,benchmarks,Python,.py,115,4428,False
scikit-learn,benchmarks/bench_plot_hierarchical.py,bench_plot_hierarchical.py,benchmarks,Python,.py,59,2555,False
scikit-learn,benchmarks/bench_plot_incremental_pca.py,bench_plot_incremental_pca.py,benchmarks,Python,.py,129,5561,False
scikit-learn,benchmarks/bench_plot_lasso_path.py,bench_plot_lasso_path.py,benchmarks,Python,.py,92,3918,False
scikit-learn,benchmarks/bench_plot_neighbors.py,bench_plot_neighbors.py,benchmarks,Python,.py,153,5720,False
scikit-learn,benchmarks/bench_plot_nmf.py,bench_plot_nmf.py,benchmarks,Python,.py,397,15395,False
scikit-learn,benchmarks/bench_plot_omp_lars.py,bench_plot_omp_lars.py,benchmarks,Python,.py,102,4416,False
scikit-learn,benchmarks/bench_plot_parallel_pairwise.py,bench_plot_parallel_pairwise.py,benchmarks,Python,.py,33,1243,False
scikit-learn,benchmarks/bench_plot_polynomial_kernel_approximation.py,bench_plot_polynomial_kernel_approximation.py,benchmarks,Python,.py,146,6028,False
scikit-learn,benchmarks/bench_plot_randomized_svd.py,bench_plot_randomized_svd.py,benchmarks,Python,.py,454,18123,False
scikit-learn,benchmarks/bench_plot_svd.py,bench_plot_svd.py,benchmarks,Python,.py,63,2759,False
scikit-learn,benchmarks/bench_plot_ward.py,bench_plot_ward.py,benchmarks,Python,.py,40,1270,False
scikit-learn,benchmarks/bench_random_projections.py,bench_random_projections.py,benchmarks,Python,.py,255,8566,False
scikit-learn,benchmarks/bench_rcv1_logreg_convergence.py,bench_rcv1_logreg_convergence.py,benchmarks,Python,.py,264,7745,False
scikit-learn,benchmarks/bench_saga.py,bench_saga.py,benchmarks,Python,.py,346,11247,False
scikit-learn,benchmarks/bench_sample_without_replacement.py,bench_sample_without_replacement.py,benchmarks,Python,.py,194,7431,False
scikit-learn,benchmarks/bench_sgd_regression.py,bench_sgd_regression.py,benchmarks,Python,.py,129,5334,False
scikit-learn,benchmarks/bench_sparsify.py,bench_sparsify.py,benchmarks,Python,.py,81,3357,False
scikit-learn,benchmarks/bench_text_vectorizers.py,bench_text_vectorizers.py,benchmarks,Python,.py,52,1920,False
scikit-learn,benchmarks/bench_tree.py,bench_tree.py,benchmarks,Python,.py,96,3624,False
scikit-learn,benchmarks/bench_tsne_mnist.py,bench_tsne_mnist.py,benchmarks,Python,.py,176,6416,False
scikit-learn,benchmarks/plot_tsne_mnist.py,plot_tsne_mnist.py,benchmarks,Python,.py,27,857,False
scikit-learn,build_tools/check-meson-openmp-dependencies.py,check-meson-openmp-dependencies.py,build_tools,Python,.py,137,5460,False
scikit-learn,build_tools/circle/build_doc.sh,build_doc.sh,build_tools/circle,Shell,.sh,239,9625,False
scikit-learn,build_tools/circle/checkout_merge_commit.sh,checkout_merge_commit.sh,build_tools/circle,Shell,.sh,26,920,False
scikit-learn,build_tools/circle/download_documentation.sh,download_documentation.sh,build_tools/circle,Shell,.sh,6,127,False
scikit-learn,build_tools/circle/list_versions.py,list_versions.py,build_tools/circle,Python,.py,120,5055,False
scikit-learn,build_tools/circle/push_doc.sh,push_doc.sh,build_tools/circle,Shell,.sh,55,1581,False
scikit-learn,build_tools/generate_authors_table.py,generate_authors_table.py,build_tools,Python,.py,212,8116,False
scikit-learn,build_tools/get_comment.py,get_comment.py,build_tools,Python,.py,318,12039,False
scikit-learn,build_tools/github/autoclose_prs.py,autoclose_prs.py,build_tools/github,Python,.py,49,1785,False
scikit-learn,build_tools/github/build_source.sh,build_source.sh,build_tools/github,Shell,.sh,14,399,False
scikit-learn,build_tools/github/check_build_trigger.sh,check_build_trigger.sh,build_tools/github,Shell,.sh,10,328,False
scikit-learn,build_tools/github/check_wheels.py,check_wheels.py,build_tools/github,Python,.py,22,805,False
scikit-learn,build_tools/github/combine_coverage_reports.sh,combine_coverage_reports.sh,build_tools/github,Shell,.sh,13,405,False
scikit-learn,build_tools/github/create_gpu_environment.sh,create_gpu_environment.sh,build_tools/github,Shell,.sh,20,982,False
scikit-learn,build_tools/github/install.sh,install.sh,build_tools/github,Shell,.sh,126,5551,False
scikit-learn,build_tools/github/repair_windows_wheels.sh,repair_windows_wheels.sh,build_tools/github,Shell,.sh,13,350,False
scikit-learn,build_tools/github/test_docs.sh,test_docs.sh,build_tools/github,Shell,.sh,16,808,True
scikit-learn,build_tools/github/test_pytest_soft_dependency.sh,test_pytest_soft_dependency.sh,build_tools/github,Shell,.sh,20,691,True
scikit-learn,build_tools/github/test_script.sh,test_script.sh,build_tools/github,Shell,.sh,52,2105,True
scikit-learn,build_tools/github/test_source.sh,test_source.sh,build_tools/github,Shell,.sh,12,305,True
scikit-learn,build_tools/github/upload_anaconda.sh,upload_anaconda.sh,build_tools/github,Shell,.sh,11,414,False
scikit-learn,build_tools/github/vendor.py,vendor.py,build_tools/github,Python,.py,74,3036,False
scikit-learn,build_tools/linting.sh,linting.sh,build_tools,Shell,.sh,135,4992,False
scikit-learn,build_tools/shared.sh,shared.sh,build_tools,Shell,.sh,66,2439,False
scikit-learn,build_tools/update_environments_and_lock_files.py,update_environments_and_lock_files.py,build_tools,Python,.py,793,28179,False
scikit-learn,build_tools/wheels/check_license.py,check_license.py,build_tools/wheels,Python,.py,23,817,False
scikit-learn,build_tools/wheels/cibw_before_build.sh,cibw_before_build.sh,build_tools/wheels,Shell,.sh,14,520,False
scikit-learn,build_tools/wheels/configure_macos_env.sh,configure_macos_env.sh,build_tools/wheels,Shell,.sh,24,1252,False
scikit-learn,build_tools/wheels/test_wheels.sh,test_wheels.sh,build_tools/wheels,Shell,.sh,23,983,True
scikit-learn,doc/api_reference.py,api_reference.py,doc,Python,.py,1352,49353,False
scikit-learn,doc/conf.py,conf.py,doc,Python,.py,928,39320,False
scikit-learn,doc/conftest.py,conftest.py,doc,Python,.py,139,5641,False
scikit-learn,doc/js/scripts/api-search.js,api-search.js,doc/js/scripts,JavaScript,.js,11,428,False
scikit-learn,doc/js/scripts/dropdown.js,dropdown.js,doc/js/scripts,JavaScript,.js,56,2446,False
scikit-learn,doc/js/scripts/sg_plotly_resize.js,sg_plotly_resize.js,doc/js/scripts,JavaScript,.js,8,455,False
scikit-learn,doc/js/scripts/theme-observer.js,theme-observer.js,doc/js/scripts,JavaScript,.js,22,671,False
scikit-learn,doc/js/scripts/vendor/svg-pan-zoom.min.js,svg-pan-zoom.min.js,doc/js/scripts/vendor,JavaScript,.js,31,31189,False
scikit-learn,doc/js/scripts/version-switcher.js,version-switcher.js,doc/js/scripts,JavaScript,.js,37,1616,False
scikit-learn,doc/sphinxext/allow_nan_estimators.py,allow_nan_estimators.py,doc/sphinxext,Python,.py,53,2327,False
scikit-learn,doc/sphinxext/autoshortsummary.py,autoshortsummary.py,doc/sphinxext,Python,.py,39,1891,False
scikit-learn,doc/sphinxext/doi_role.py,doi_role.py,doc/sphinxext,Python,.py,39,1666,False
scikit-learn,doc/sphinxext/dropdown_anchors.py,dropdown_anchors.py,doc/sphinxext,Python,.py,45,2373,False
scikit-learn,doc/sphinxext/github_link.py,github_link.py,doc/sphinxext,Python,.py,70,2701,False
scikit-learn,doc/sphinxext/override_pst_pagetoc.py,override_pst_pagetoc.py,doc/sphinxext,Python,.py,66,3547,False
scikit-learn,doc/sphinxext/sphinx_issues.py,sphinx_issues.py,doc/sphinxext,Python,.py,190,8117,False
scikit-learn,examples/applications/plot_cyclical_feature_engineering.py,plot_cyclical_feature_engineering.py,examples/applications,Python,.py,770,32508,False
scikit-learn,examples/applications/plot_digits_denoising.py,plot_digits_denoising.py,examples/applications,Python,.py,127,5229,False
scikit-learn,examples/applications/plot_face_recognition.py,plot_face_recognition.py,examples/applications,Python,.py,220,9596,False
scikit-learn,examples/applications/plot_model_complexity_influence.py,plot_model_complexity_influence.py,examples/applications,Python,.py,248,10564,False
scikit-learn,examples/applications/plot_out_of_core_classification.py,plot_out_of_core_classification.py,examples/applications,Python,.py,346,13491,False
scikit-learn,examples/applications/plot_outlier_detection_wine.py,plot_outlier_detection_wine.py,examples/applications,Python,.py,120,4897,False
scikit-learn,examples/applications/plot_prediction_latency.py,plot_prediction_latency.py,examples/applications,Python,.py,287,11145,False
scikit-learn,examples/applications/plot_species_distribution_modeling.py,plot_species_distribution_modeling.py,examples/applications,Python,.py,197,7770,False
scikit-learn,examples/applications/plot_stock_market.py,plot_stock_market.py,examples/applications,Python,.py,239,8268,False
scikit-learn,examples/applications/plot_time_series_lagged_features.py,plot_time_series_lagged_features.py,examples/applications,Python,.py,379,16324,False
scikit-learn,examples/applications/plot_tomography_l1_reconstruction.py,plot_tomography_l1_reconstruction.py,examples/applications,Python,.py,120,5494,False
scikit-learn,examples/applications/plot_topics_extraction_with_nmf_lda.py,plot_topics_extraction_with_nmf_lda.py,examples/applications,Python,.py,194,6687,False
scikit-learn,examples/applications/plot_wikipedia_principal_eigenvector.py,plot_wikipedia_principal_eigenvector.py,examples/applications,Python,.py,196,8061,False
scikit-learn,examples/bicluster/plot_bicluster_newsgroups.py,plot_bicluster_newsgroups.py,examples/bicluster,Python,.py,131,5351,False
scikit-learn,examples/bicluster/plot_spectral_biclustering.py,plot_spectral_biclustering.py,examples/bicluster,Python,.py,103,4676,False
scikit-learn,examples/bicluster/plot_spectral_coclustering.py,plot_spectral_coclustering.py,examples/bicluster,Python,.py,41,1746,False
scikit-learn,examples/calibration/plot_calibration.py,plot_calibration.py,examples/calibration,Python,.py,117,4672,False
scikit-learn,examples/calibration/plot_calibration_curve.py,plot_calibration_curve.py,examples/calibration,Python,.py,285,11519,False
scikit-learn,examples/calibration/plot_calibration_multiclass.py,plot_calibration_multiclass.py,examples/calibration,Python,.py,264,10759,False
scikit-learn,examples/calibration/plot_compare_calibration.py,plot_compare_calibration.py,examples/calibration,Python,.py,257,12177,False
scikit-learn,examples/callbacks/plot_callback_support.py,plot_callback_support.py,examples/callbacks,Python,.py,352,18569,False
scikit-learn,examples/callbacks/plot_scoring_monitor.py,plot_scoring_monitor.py,examples/callbacks,Python,.py,228,10655,False
scikit-learn,examples/classification/plot_classification_probability.py,plot_classification_probability.py,examples/classification,Python,.py,219,8835,False
scikit-learn,examples/classification/plot_classifier_comparison.py,plot_classifier_comparison.py,examples/classification,Python,.py,138,4944,False
scikit-learn,examples/classification/plot_digits_classification.py,plot_digits_classification.py,examples/classification,Python,.py,102,4557,False
scikit-learn,examples/classification/plot_lda.py,plot_lda.py,examples/classification,Python,.py,87,3125,False
scikit-learn,examples/classification/plot_lda_qda.py,plot_lda_qda.py,examples/classification,Python,.py,204,7873,False
scikit-learn,examples/cluster/plot_adjusted_for_chance_measures.py,plot_adjusted_for_chance_measures.py,examples/cluster,Python,.py,195,8690,False
scikit-learn,examples/cluster/plot_affinity_propagation.py,plot_affinity_propagation.py,examples/cluster,Python,.py,64,2261,False
scikit-learn,examples/cluster/plot_agglomerative_clustering_metrics.py,plot_agglomerative_clustering_metrics.py,examples/cluster,Python,.py,116,4794,False
scikit-learn,examples/cluster/plot_agglomerative_dendrogram.py,plot_agglomerative_dendrogram.py,examples/cluster,Python,.py,42,1722,False
scikit-learn,examples/cluster/plot_birch_vs_minibatchkmeans.py,plot_birch_vs_minibatchkmeans.py,examples/cluster,Python,.py,90,3785,False
scikit-learn,examples/cluster/plot_bisect_kmeans.py,plot_bisect_kmeans.py,examples/cluster,Python,.py,47,2060,False
scikit-learn,examples/cluster/plot_cluster_comparison.py,plot_cluster_comparison.py,examples/cluster,Python,.py,259,8575,False
scikit-learn,examples/cluster/plot_coin_segmentation.py,plot_coin_segmentation.py,examples/cluster,Python,.py,85,3876,False
scikit-learn,examples/cluster/plot_coin_ward_segmentation.py,plot_coin_ward_segmentation.py,examples/cluster,Python,.py,72,2363,False
scikit-learn,examples/cluster/plot_dbscan.py,plot_dbscan.py,examples/cluster,Python,.py,106,4082,False
scikit-learn,examples/cluster/plot_dict_face_patches.py,plot_dict_face_patches.py,examples/cluster,Python,.py,72,2724,False
scikit-learn,examples/cluster/plot_digits_agglomeration.py,plot_digits_agglomeration.py,examples/cluster,Python,.py,48,1580,False
scikit-learn,examples/cluster/plot_digits_linkage.py,plot_digits_linkage.py,examples/cluster,Python,.py,64,2754,False
scikit-learn,examples/cluster/plot_face_compress.py,plot_face_compress.py,examples/cluster,Python,.py,159,6855,False
scikit-learn,examples/cluster/plot_feature_agglomeration_vs_univariate_selection.py,plot_feature_agglomeration_vs_univariate_selection.py,examples/cluster,Python,.py,94,3583,False
scikit-learn,examples/cluster/plot_hdbscan.py,plot_hdbscan.py,examples/cluster,Python,.py,226,9937,False
scikit-learn,examples/cluster/plot_inductive_clustering.py,plot_inductive_clustering.py,examples/cluster,Python,.py,101,4052,False
scikit-learn,examples/cluster/plot_kmeans_assumptions.py,plot_kmeans_assumptions.py,examples/cluster,Python,.py,142,6606,False
scikit-learn,examples/cluster/plot_kmeans_digits.py,plot_kmeans_digits.py,examples/cluster,Python,.py,162,6332,False
scikit-learn,examples/cluster/plot_kmeans_plusplus.py,plot_kmeans_plusplus.py,examples/cluster,Python,.py,33,1249,False
scikit-learn,examples/cluster/plot_kmeans_silhouette_analysis.py,plot_kmeans_silhouette_analysis.py,examples/cluster,Python,.py,132,5978,False
scikit-learn,examples/cluster/plot_kmeans_stability_low_dim_dense.py,plot_kmeans_stability_low_dim_dense.py,examples/cluster,Python,.py,104,4340,False
scikit-learn,examples/cluster/plot_linkage_comparison.py,plot_linkage_comparison.py,examples/cluster,Python,.py,148,5242,False
scikit-learn,examples/cluster/plot_mean_shift.py,plot_mean_shift.py,examples/cluster,Python,.py,53,1745,False
scikit-learn,examples/cluster/plot_mini_batch_kmeans.py,plot_mini_batch_kmeans.py,examples/cluster,Python,.py,118,4106,False
scikit-learn,examples/cluster/plot_optics.py,plot_optics.py,examples/cluster,Python,.py,88,3472,False
scikit-learn,examples/cluster/plot_segmentation_toy.py,plot_segmentation_toy.py,examples/cluster,Python,.py,88,3731,False
scikit-learn,examples/cluster/plot_ward_structured_vs_unstructured.py,plot_ward_structured_vs_unstructured.py,examples/cluster,Python,.py,158,6520,False
scikit-learn,examples/compose/plot_column_transformer.py,plot_column_transformer.py,examples/compose,Python,.py,159,6763,False
scikit-learn,examples/compose/plot_column_transformer_mixed_types.py,plot_column_transformer_mixed_types.py,examples/compose,Python,.py,190,7845,False
scikit-learn,examples/compose/plot_compare_reduction.py,plot_compare_reduction.py,examples/compose,Python,.py,108,4463,False
scikit-learn,examples/compose/plot_digits_pipe.py,plot_digits_pipe.py,examples/compose,Python,.py,70,2590,False
scikit-learn,examples/compose/plot_feature_union.py,plot_feature_union.py,examples/compose,Python,.py,43,1951,False
scikit-learn,examples/compose/plot_transformed_target.py,plot_transformed_target.py,examples/compose,Python,.py,191,7643,False
scikit-learn,examples/covariance/plot_covariance_estimation.py,plot_covariance_estimation.py,examples/covariance,Python,.py,135,5277,False
scikit-learn,examples/covariance/plot_lw_vs_oas.py,plot_lw_vs_oas.py,examples/covariance,Python,.py,94,3023,False
scikit-learn,examples/covariance/plot_mahalanobis_distances.py,plot_mahalanobis_distances.py,examples/covariance,Python,.py,183,8178,False
scikit-learn,examples/covariance/plot_robust_vs_empirical_covariance.py,plot_robust_vs_empirical_covariance.py,examples/covariance,Python,.py,167,6582,False
scikit-learn,examples/covariance/plot_sparse_cov.py,plot_sparse_cov.py,examples/covariance,Python,.py,132,4988,False
scikit-learn,examples/cross_decomposition/plot_compare_cross_decomposition.py,plot_compare_cross_decomposition.py,examples/cross_decomposition,Python,.py,144,4848,False
scikit-learn,examples/cross_decomposition/plot_pcr_vs_pls.py,plot_pcr_vs_pls.py,examples/cross_decomposition,Python,.py,146,7006,False
scikit-learn,examples/datasets/plot_random_multilabel_dataset.py,plot_random_multilabel_dataset.py,examples/datasets,Python,.py,88,3216,False
scikit-learn,examples/decomposition/plot_faces_decomposition.py,plot_faces_decomposition.py,examples/decomposition,Python,.py,288,10544,False
scikit-learn,examples/decomposition/plot_ica_blind_source_separation.py,plot_ica_blind_source_separation.py,examples/decomposition,Python,.py,64,2222,False
scikit-learn,examples/decomposition/plot_ica_vs_pca.py,plot_ica_vs_pca.py,examples/decomposition,Python,.py,89,3318,False
scikit-learn,examples/decomposition/plot_image_denoising.py,plot_image_denoising.py,examples/decomposition,Python,.py,153,6145,False
scikit-learn,examples/decomposition/plot_incremental_pca.py,plot_incremental_pca.py,examples/decomposition,Python,.py,49,2020,False
scikit-learn,examples/decomposition/plot_kernel_pca.py,plot_kernel_pca.py,examples/decomposition,Python,.py,140,6814,False
scikit-learn,examples/decomposition/plot_pca_iris.py,plot_pca_iris.py,examples/decomposition,Python,.py,87,3431,False
scikit-learn,examples/decomposition/plot_pca_vs_fa_model_selection.py,plot_pca_vs_fa_model_selection.py,examples/decomposition,Python,.py,113,4495,False
scikit-learn,examples/decomposition/plot_pca_vs_lda.py,plot_pca_vs_lda.py,examples/decomposition,Python,.py,51,2095,False
scikit-learn,examples/decomposition/plot_sparse_coding.py,plot_sparse_coding.py,examples/decomposition,Python,.py,106,4109,False
scikit-learn,examples/decomposition/plot_varimax_fa.py,plot_varimax_fa.py,examples/decomposition,Python,.py,63,2354,False
scikit-learn,examples/developing_estimators/sklearn_is_fitted.py,sklearn_is_fitted.py,examples/developing_estimators,Python,.py,61,2607,False
scikit-learn,examples/ensemble/plot_adaboost_multiclass.py,plot_adaboost_multiclass.py,examples/ensemble,Python,.py,224,10235,False
scikit-learn,examples/ensemble/plot_adaboost_regression.py,plot_adaboost_regression.py,examples/ensemble,Python,.py,61,2639,False
scikit-learn,examples/ensemble/plot_adaboost_twoclass.py,plot_adaboost_twoclass.py,examples/ensemble,Python,.py,92,3058,False
scikit-learn,examples/ensemble/plot_bias_variance.py,plot_bias_variance.py,examples/ensemble,Python,.py,146,7236,False
scikit-learn,examples/ensemble/plot_ensemble_oob.py,plot_ensemble_oob.py,examples/ensemble,Python,.py,85,3152,False
scikit-learn,examples/ensemble/plot_feature_transformation.py,plot_feature_transformation.py,examples/ensemble,Python,.py,128,5259,False
scikit-learn,examples/ensemble/plot_forest_hist_grad_boosting_comparison.py,plot_forest_hist_grad_boosting_comparison.py,examples/ensemble,Python,.py,197,8931,False
scikit-learn,examples/ensemble/plot_forest_importances.py,plot_forest_importances.py,examples/ensemble,Python,.py,98,4260,False
scikit-learn,examples/ensemble/plot_forest_iris.py,plot_forest_iris.py,examples/ensemble,Python,.py,152,6416,False
scikit-learn,examples/ensemble/plot_gradient_boosting_categorical.py,plot_gradient_boosting_categorical.py,examples/ensemble,Python,.py,329,13974,False
scikit-learn,examples/ensemble/plot_gradient_boosting_early_stopping.py,plot_gradient_boosting_early_stopping.py,examples/ensemble,Python,.py,152,6680,False
scikit-learn,examples/ensemble/plot_gradient_boosting_oob.py,plot_gradient_boosting_oob.py,examples/ensemble,Python,.py,116,4952,False
scikit-learn,examples/ensemble/plot_gradient_boosting_quantile.py,plot_gradient_boosting_quantile.py,examples/ensemble,Python,.py,327,13595,False
scikit-learn,examples/ensemble/plot_gradient_boosting_regression.py,plot_gradient_boosting_regression.py,examples/ensemble,Python,.py,155,6087,False
scikit-learn,examples/ensemble/plot_gradient_boosting_regularization.py,plot_gradient_boosting_regularization.py,examples/ensemble,Python,.py,71,2689,False
scikit-learn,examples/ensemble/plot_hgbt_regression.py,plot_hgbt_regression.py,examples/ensemble,Python,.py,374,16704,False
scikit-learn,examples/ensemble/plot_isolation_forest.py,plot_isolation_forest.py,examples/ensemble,Python,.py,103,4334,False
scikit-learn,examples/ensemble/plot_monotonic_constraints.py,plot_monotonic_constraints.py,examples/ensemble,Python,.py,89,3315,False
scikit-learn,examples/ensemble/plot_random_forest_embedding.py,plot_random_forest_embedding.py,examples/ensemble,Python,.py,87,3739,False
scikit-learn,examples/ensemble/plot_random_forest_regression_multioutput.py,plot_random_forest_regression_multioutput.py,examples/ensemble,Python,.py,82,2624,False
scikit-learn,examples/ensemble/plot_stack_predictors.py,plot_stack_predictors.py,examples/ensemble,Python,.py,242,10260,False
scikit-learn,examples/ensemble/plot_voting_decision_regions.py,plot_voting_decision_regions.py,examples/ensemble,Python,.py,184,7238,False
scikit-learn,examples/ensemble/plot_voting_regressor.py,plot_voting_regressor.py,examples/ensemble,Python,.py,73,2733,False
scikit-learn,examples/feature_selection/plot_f_test_vs_mi.py,plot_f_test_vs_mi.py,examples/feature_selection,Python,.py,39,1722,False
scikit-learn,examples/feature_selection/plot_feature_selection.py,plot_feature_selection.py,examples/feature_selection,Python,.py,108,3858,False
scikit-learn,examples/feature_selection/plot_feature_selection_pipeline.py,plot_feature_selection_pipeline.py,examples/feature_selection,Python,.py,68,2837,False
scikit-learn,examples/feature_selection/plot_rfe_digits.py,plot_rfe_digits.py,examples/feature_selection,Python,.py,44,1854,False
scikit-learn,examples/feature_selection/plot_rfe_with_cross_validation.py,plot_rfe_with_cross_validation.py,examples/feature_selection,Python,.py,97,3620,False
scikit-learn,examples/feature_selection/plot_select_from_model_diabetes.py,plot_select_from_model_diabetes.py,examples/feature_selection,Python,.py,169,7436,False
scikit-learn,examples/frozen/plot_frozen_examples.py,plot_frozen_examples.py,examples/frozen,Python,.py,84,3929,False
scikit-learn,examples/gaussian_process/plot_compare_gpr_krr.py,plot_compare_gpr_krr.py,examples/gaussian_process,Python,.py,360,13269,False
scikit-learn,examples/gaussian_process/plot_gpc.py,plot_gpc.py,examples/gaussian_process,Python,.py,111,3989,False
scikit-learn,examples/gaussian_process/plot_gpc_iris.py,plot_gpc_iris.py,examples/gaussian_process,Python,.py,52,2089,False
scikit-learn,examples/gaussian_process/plot_gpc_isoprobability.py,plot_gpc_isoprobability.py,examples/gaussian_process,Python,.py,74,2826,False
scikit-learn,examples/gaussian_process/plot_gpc_xor.py,plot_gpc_xor.py,examples/gaussian_process,Python,.py,50,2098,False
scikit-learn,examples/gaussian_process/plot_gpr_co2.py,plot_gpr_co2.py,examples/gaussian_process,Python,.py,195,8824,False
scikit-learn,examples/gaussian_process/plot_gpr_noisy.py,plot_gpr_noisy.py,examples/gaussian_process,Python,.py,204,7985,False
scikit-learn,examples/gaussian_process/plot_gpr_noisy_targets.py,plot_gpr_noisy_targets.py,examples/gaussian_process,Python,.py,131,5133,False
scikit-learn,examples/gaussian_process/plot_gpr_on_structured_data.py,plot_gpr_on_structured_data.py,examples/gaussian_process,Python,.py,156,6102,False
scikit-learn,examples/gaussian_process/plot_gpr_prior_posterior.py,plot_gpr_prior_posterior.py,examples/gaussian_process,Python,.py,209,8403,False
scikit-learn,examples/impute/plot_iterative_imputer_variants_comparison.py,plot_iterative_imputer_variants_comparison.py,examples/impute,Python,.py,144,6208,False
scikit-learn,examples/impute/plot_missing_values.py,plot_missing_values.py,examples/impute,Python,.py,213,8147,False
scikit-learn,examples/inspection/plot_causal_interpretation.py,plot_causal_interpretation.py,examples/inspection,Python,.py,164,7299,False
scikit-learn,examples/inspection/plot_linear_model_coefficient_interpretation.py,plot_linear_model_coefficient_interpretation.py,examples/inspection,Python,.py,683,27896,False
scikit-learn,examples/inspection/plot_partial_dependence.py,plot_partial_dependence.py,examples/inspection,Python,.py,562,22889,False
scikit-learn,examples/inspection/plot_partial_dependence_visualization_api.py,plot_partial_dependence_visualization_api.py,examples/inspection,Python,.py,122,5443,False
scikit-learn,examples/inspection/plot_permutation_importance.py,plot_permutation_importance.py,examples/inspection,Python,.py,232,10351,False
scikit-learn,examples/inspection/plot_permutation_importance_multicollinear.py,plot_permutation_importance_multicollinear.py,examples/inspection,Python,.py,174,8442,False
scikit-learn,examples/kernel_approximation/plot_scalable_poly_kernels.py,plot_scalable_poly_kernels.py,examples/kernel_approximation,Python,.py,209,7742,False
scikit-learn,examples/linear_model/plot_ard.py,plot_ard.py,examples/linear_model,Python,.py,183,7121,False
scikit-learn,examples/linear_model/plot_bayesian_ridge_curvefit.py,plot_bayesian_ridge_curvefit.py,examples/linear_model,Python,.py,73,3105,False
scikit-learn,examples/linear_model/plot_elastic_net_precomputed_gram_matrix_with_weighted_samples.py,plot_elastic_net_precomputed_gram_matrix_with_weighted_samples.py,examples/linear_model,Python,.py,42,2137,False
scikit-learn,examples/linear_model/plot_huber_vs_ridge.py,plot_huber_vs_ridge.py,examples/linear_model,Python,.py,52,2095,False
scikit-learn,examples/linear_model/plot_lasso_and_elasticnet.py,plot_lasso_and_elasticnet.py,examples/linear_model,Python,.py,211,9417,False
scikit-learn,examples/linear_model/plot_lasso_dense_vs_sparse_data.py,plot_lasso_dense_vs_sparse_data.py,examples/linear_model,Python,.py,69,2904,False
scikit-learn,examples/linear_model/plot_lasso_lars_ic.py,plot_lasso_lars_ic.py,examples/linear_model,Python,.py,94,3866,False
scikit-learn,examples/linear_model/plot_lasso_lasso_lars_elasticnet_path.py,plot_lasso_lasso_lars_elasticnet_path.py,examples/linear_model,Python,.py,103,4795,False
scikit-learn,examples/linear_model/plot_lasso_model_selection.py,plot_lasso_model_selection.py,examples/linear_model,Python,.py,221,8855,False
scikit-learn,examples/linear_model/plot_logistic_l1_l2_sparsity.py,plot_logistic_l1_l2_sparsity.py,examples/linear_model,Python,.py,66,3006,False
scikit-learn,examples/linear_model/plot_logistic_multinomial.py,plot_logistic_multinomial.py,examples/linear_model,Python,.py,170,7780,False
scikit-learn,examples/linear_model/plot_logistic_path.py,plot_logistic_path.py,examples/linear_model,Python,.py,80,2957,False
scikit-learn,examples/linear_model/plot_multi_task_lasso_support.py,plot_multi_task_lasso_support.py,examples/linear_model,Python,.py,67,2306,False
scikit-learn,examples/linear_model/plot_nnls.py,plot_nnls.py,examples/linear_model,Python,.py,55,2087,False
scikit-learn,examples/linear_model/plot_ols_ridge.py,plot_ols_ridge.py,examples/linear_model,Python,.py,133,5514,False
scikit-learn,examples/linear_model/plot_omp.py,plot_omp.py,examples/linear_model,Python,.py,64,1975,False
scikit-learn,examples/linear_model/plot_poisson_regression_non_normal_loss.py,plot_poisson_regression_non_normal_loss.py,examples/linear_model,Python,.py,513,22561,False
scikit-learn,examples/linear_model/plot_polynomial_interpolation.py,plot_polynomial_interpolation.py,examples/linear_model,Python,.py,172,7774,False
scikit-learn,examples/linear_model/plot_quantile_regression.py,plot_quantile_regression.py,examples/linear_model,Python,.py,278,11554,False
scikit-learn,examples/linear_model/plot_ransac.py,plot_ransac.py,examples/linear_model,Python,.py,64,2154,False
scikit-learn,examples/linear_model/plot_ridge_coeffs.py,plot_ridge_coeffs.py,examples/linear_model,Python,.py,159,8783,False
scikit-learn,examples/linear_model/plot_ridge_path.py,plot_ridge_path.py,examples/linear_model,Python,.py,55,2092,False
scikit-learn,examples/linear_model/plot_robust_fit.py,plot_robust_fit.py,examples/linear_model,Python,.py,94,3184,False
scikit-learn,examples/linear_model/plot_sgd_early_stopping.py,plot_sgd_early_stopping.py,examples/linear_model,Python,.py,124,5765,False
scikit-learn,examples/linear_model/plot_sgd_iris.py,plot_sgd_iris.py,examples/linear_model,Python,.py,69,1978,False
scikit-learn,examples/linear_model/plot_sgd_loss_functions.py,plot_sgd_loss_functions.py,examples/linear_model,Python,.py,44,1298,False
scikit-learn,examples/linear_model/plot_sgd_penalties.py,plot_sgd_penalties.py,examples/linear_model,Python,.py,45,1428,False
scikit-learn,examples/linear_model/plot_sgd_separating_hyperplane.py,plot_sgd_separating_hyperplane.py,examples/linear_model,Python,.py,36,1278,False
scikit-learn,examples/linear_model/plot_sgd_weighted_samples.py,plot_sgd_weighted_samples.py,examples/linear_model,Python,.py,52,1668,False
scikit-learn,examples/linear_model/plot_sgdocsvm_vs_ocsvm.py,plot_sgdocsvm_vs_ocsvm.py,examples/linear_model,Python,.py,177,6148,False
scikit-learn,examples/linear_model/plot_sparse_logistic_regression_20newsgroups.py,plot_sparse_logistic_regression_20newsgroups.py,examples/linear_model,Python,.py,111,4262,False
scikit-learn,examples/linear_model/plot_sparse_logistic_regression_mnist.py,plot_sparse_logistic_regression_mnist.py,examples/linear_model,Python,.py,68,2678,False
scikit-learn,examples/linear_model/plot_theilsen.py,plot_theilsen.py,examples/linear_model,Python,.py,105,3776,False
scikit-learn,examples/linear_model/plot_tweedie_regression_insurance_claims.py,plot_tweedie_regression_insurance_claims.py,examples/linear_model,Python,.py,612,23677,False
scikit-learn,examples/manifold/plot_compare_methods.py,plot_compare_methods.py,examples/manifold,Python,.py,193,7594,False
scikit-learn,examples/manifold/plot_lle_digits.py,plot_lle_digits.py,examples/manifold,Python,.py,162,6473,False
scikit-learn,examples/manifold/plot_manifold_sphere.py,plot_manifold_sphere.py,examples/manifold,Python,.py,152,6004,False
scikit-learn,examples/manifold/plot_mds.py,plot_mds.py,examples/manifold,Python,.py,119,3907,False
scikit-learn,examples/manifold/plot_swissroll.py,plot_swissroll.py,examples/manifold,Python,.py,102,4102,False
scikit-learn,examples/manifold/plot_t_sne_perplexity.py,plot_t_sne_perplexity.py,examples/manifold,Python,.py,118,4288,False
scikit-learn,examples/miscellaneous/plot_anomaly_comparison.py,plot_anomaly_comparison.py,examples/miscellaneous,Python,.py,161,7440,False
scikit-learn,examples/miscellaneous/plot_display_object_visualization.py,plot_display_object_visualization.py,examples/miscellaneous,Python,.py,73,3459,False
scikit-learn,examples/miscellaneous/plot_estimator_representation.py,plot_estimator_representation.py,examples/miscellaneous,Python,.py,42,1708,False
scikit-learn,examples/miscellaneous/plot_isotonic_regression.py,plot_isotonic_regression.py,examples/miscellaneous,Python,.py,57,2564,False
scikit-learn,examples/miscellaneous/plot_johnson_lindenstrauss_bound.py,plot_johnson_lindenstrauss_bound.py,examples/miscellaneous,Python,.py,177,7521,False
scikit-learn,examples/miscellaneous/plot_kernel_approximation.py,plot_kernel_approximation.py,examples/miscellaneous,Python,.py,214,8579,False
scikit-learn,examples/miscellaneous/plot_kernel_ridge_regression.py,plot_kernel_ridge_regression.py,examples/miscellaneous,Python,.py,178,6637,False
scikit-learn,examples/miscellaneous/plot_metadata_routing.py,plot_metadata_routing.py,examples/miscellaneous,Python,.py,600,27300,False
scikit-learn,examples/miscellaneous/plot_multilabel.py,plot_multilabel.py,examples/miscellaneous,Python,.py,103,4074,False
scikit-learn,examples/miscellaneous/plot_multioutput_face_completion.py,plot_multioutput_face_completion.py,examples/miscellaneous,Python,.py,76,2885,False
scikit-learn,examples/miscellaneous/plot_outlier_detection_bench.py,plot_outlier_detection_bench.py,examples/miscellaneous,Python,.py,388,16895,False
scikit-learn,examples/miscellaneous/plot_pipeline_display.py,plot_pipeline_display.py,examples/miscellaneous,Python,.py,152,6206,False
scikit-learn,examples/miscellaneous/plot_roc_curve_visualization_api.py,plot_roc_curve_visualization_api.py,examples/miscellaneous,Python,.py,53,2216,False
scikit-learn,examples/miscellaneous/plot_set_output.py,plot_set_output.py,examples/miscellaneous,Python,.py,123,5082,False
scikit-learn,examples/mixture/plot_concentration_prior.py,plot_concentration_prior.py,examples/mixture,Python,.py,142,5875,False
scikit-learn,examples/mixture/plot_gmm.py,plot_gmm.py,examples/mixture,Python,.py,77,3283,False
scikit-learn,examples/mixture/plot_gmm_covariances.py,plot_gmm_covariances.py,examples/mixture,Python,.py,106,4604,False
scikit-learn,examples/mixture/plot_gmm_init.py,plot_gmm_init.py,examples/mixture,Python,.py,82,3636,False
scikit-learn,examples/mixture/plot_gmm_pdf.py,plot_gmm_pdf.py,examples/mixture,Python,.py,42,1599,False
scikit-learn,examples/mixture/plot_gmm_selection.py,plot_gmm_selection.py,examples/mixture,Python,.py,147,5567,False
scikit-learn,examples/mixture/plot_gmm_sin.py,plot_gmm_sin.py,examples/mixture,Python,.py,160,6162,False
scikit-learn,examples/model_selection/plot_confusion_matrix.py,plot_confusion_matrix.py,examples/model_selection,Python,.py,101,3911,False
scikit-learn,examples/model_selection/plot_cost_sensitive_learning.py,plot_cost_sensitive_learning.py,examples/model_selection,Python,.py,614,29807,False
scikit-learn,examples/model_selection/plot_cv_indices.py,plot_cv_indices.py,examples/model_selection,Python,.py,186,6264,False
scikit-learn,examples/model_selection/plot_cv_predict.py,plot_cv_predict.py,examples/model_selection,Python,.py,72,2631,False
scikit-learn,examples/model_selection/plot_det.py,plot_det.py,examples/model_selection,Python,.py,144,5839,False
scikit-learn,examples/model_selection/plot_grid_search_digits.py,plot_grid_search_digits.py,examples/model_selection,Python,.py,174,7402,False
scikit-learn,examples/model_selection/plot_grid_search_refit_callable.py,plot_grid_search_refit_callable.py,examples/model_selection,Python,.py,337,11367,False
scikit-learn,examples/model_selection/plot_grid_search_stats.py,plot_grid_search_stats.py,examples/model_selection,Python,.py,492,23068,False
scikit-learn,examples/model_selection/plot_grid_search_text_feature_extraction.py,plot_grid_search_text_feature_extraction.py,examples/model_selection,Python,.py,224,9098,False
scikit-learn,examples/model_selection/plot_learning_curve.py,plot_learning_curve.py,examples/model_selection,Python,.py,165,6912,False
scikit-learn,examples/model_selection/plot_likelihood_ratios.py,plot_likelihood_ratios.py,examples/model_selection,Python,.py,272,12012,False
scikit-learn,examples/model_selection/plot_multi_metric_evaluation.py,plot_multi_metric_evaluation.py,examples/model_selection,Python,.py,95,3713,False
scikit-learn,examples/model_selection/plot_nested_cross_validation_iris.py,plot_nested_cross_validation_iris.py,examples/model_selection,Python,.py,105,4541,False
scikit-learn,examples/model_selection/plot_permutation_tests_for_classification.py,plot_permutation_tests_for_classification.py,examples/model_selection,Python,.py,122,5453,False
scikit-learn,examples/model_selection/plot_precision_recall.py,plot_precision_recall.py,examples/model_selection,Python,.py,253,11503,False
scikit-learn,examples/model_selection/plot_randomized_search.py,plot_randomized_search.py,examples/model_selection,Python,.py,207,9538,False
scikit-learn,examples/model_selection/plot_roc.py,plot_roc.py,examples/model_selection,Python,.py,387,15421,False
scikit-learn,examples/model_selection/plot_roc_crossval.py,plot_roc_crossval.py,examples/model_selection,Python,.py,119,4645,False
scikit-learn,examples/model_selection/plot_successive_halving_heatmap.py,plot_successive_halving_heatmap.py,examples/model_selection,Python,.py,106,4357,False
scikit-learn,examples/model_selection/plot_successive_halving_iterations.py,plot_successive_halving_iterations.py,examples/model_selection,Python,.py,72,2858,False
scikit-learn,examples/model_selection/plot_train_error_vs_test_error.py,plot_train_error_vs_test_error.py,examples/model_selection,Python,.py,148,6224,False
scikit-learn,examples/model_selection/plot_tuned_decision_threshold.py,plot_tuned_decision_threshold.py,examples/model_selection,Python,.py,168,7577,False
scikit-learn,examples/model_selection/plot_underfitting_overfitting.py,plot_underfitting_overfitting.py,examples/model_selection,Python,.py,68,2870,False
scikit-learn,examples/multiclass/plot_multiclass_overview.py,plot_multiclass_overview.py,examples/multiclass,Python,.py,182,8254,False
scikit-learn,examples/multioutput/plot_classifier_chain_yeast.py,plot_classifier_chain_yeast.py,examples/multioutput,Python,.py,131,6019,False
scikit-learn,examples/neighbors/approximate_nearest_neighbors.py,approximate_nearest_neighbors.py,examples/neighbors,Python,.py,274,11349,False
scikit-learn,examples/neighbors/plot_caching_nearest_neighbors.py,plot_caching_nearest_neighbors.py,examples/neighbors,Python,.py,58,2709,False
scikit-learn,examples/neighbors/plot_classification.py,plot_classification.py,examples/neighbors,Python,.py,89,3332,False
scikit-learn,examples/neighbors/plot_digits_kde_sampling.py,plot_digits_kde_sampling.py,examples/neighbors,Python,.py,52,2070,False
scikit-learn,examples/neighbors/plot_kde_1d.py,plot_kde_1d.py,examples/neighbors,Python,.py,125,5248,False
scikit-learn,examples/neighbors/plot_lof_novelty_detection.py,plot_lof_novelty_detection.py,examples/neighbors,Python,.py,81,3714,False
scikit-learn,examples/neighbors/plot_lof_outlier_detection.py,plot_lof_outlier_detection.py,examples/neighbors,Python,.py,77,3177,False
scikit-learn,examples/neighbors/plot_nca_classification.py,plot_nca_classification.py,examples/neighbors,Python,.py,75,2633,False
scikit-learn,examples/neighbors/plot_nca_dim_reduction.py,plot_nca_dim_reduction.py,examples/neighbors,Python,.py,74,3616,False
scikit-learn,examples/neighbors/plot_nca_illustration.py,plot_nca_illustration.py,examples/neighbors,Python,.py,81,3056,False
scikit-learn,examples/neighbors/plot_nearest_centroid.py,plot_nearest_centroid.py,examples/neighbors,Python,.py,41,1445,False
scikit-learn,examples/neighbors/plot_regression.py,plot_regression.py,examples/neighbors,Python,.py,42,1539,False
scikit-learn,examples/neighbors/plot_species_kde.py,plot_species_kde.py,examples/neighbors,Python,.py,120,4756,False
scikit-learn,examples/neural_networks/plot_mlp_alpha.py,plot_mlp_alpha.py,examples/neural_networks,Python,.py,127,4628,False
scikit-learn,examples/neural_networks/plot_mlp_training_curves.py,plot_mlp_training_curves.py,examples/neural_networks,Python,.py,124,4147,False
scikit-learn,examples/neural_networks/plot_mnist_filters.py,plot_mnist_filters.py,examples/neural_networks,Python,.py,59,2779,False
scikit-learn,examples/neural_networks/plot_rbm_logistic_classification.py,plot_rbm_logistic_classification.py,examples/neural_networks,Python,.py,114,4272,False
scikit-learn,examples/preprocessing/plot_all_scaling.py,plot_all_scaling.py,examples/preprocessing,Python,.py,355,14707,False
scikit-learn,examples/preprocessing/plot_discretization.py,plot_discretization.py,examples/preprocessing,Python,.py,80,3405,False
scikit-learn,examples/preprocessing/plot_discretization_classification.py,plot_discretization_classification.py,examples/preprocessing,Python,.py,203,7746,False
scikit-learn,examples/preprocessing/plot_discretization_strategies.py,plot_discretization_strategies.py,examples/preprocessing,Python,.py,89,3197,False
scikit-learn,examples/preprocessing/plot_map_data_to_normal.py,plot_map_data_to_normal.py,examples/preprocessing,Python,.py,111,4582,False
scikit-learn,examples/preprocessing/plot_scaling_importance.py,plot_scaling_importance.py,examples/preprocessing,Python,.py,231,10283,False
scikit-learn,examples/preprocessing/plot_target_encoder.py,plot_target_encoder.py,examples/preprocessing,Python,.py,200,8174,False
scikit-learn,examples/preprocessing/plot_target_encoder_cross_val.py,plot_target_encoder_cross_val.py,examples/preprocessing,Python,.py,169,7368,False
scikit-learn,examples/release_highlights/plot_release_highlights_0_22_0.py,plot_release_highlights_0_22_0.py,examples/release_highlights,Python,.py,251,11461,False
scikit-learn,examples/release_highlights/plot_release_highlights_0_23_0.py,plot_release_highlights_0_23_0.py,examples/release_highlights,Python,.py,163,7818,False
scikit-learn,examples/release_highlights/plot_release_highlights_0_24_0.py,plot_release_highlights_0_24_0.py,examples/release_highlights,Python,.py,228,11546,False
scikit-learn,examples/release_highlights/plot_release_highlights_1_0_0.py,plot_release_highlights_1_0_0.py,examples/release_highlights,Python,.py,219,10451,False
scikit-learn,examples/release_highlights/plot_release_highlights_1_1_0.py,plot_release_highlights_1_1_0.py,examples/release_highlights,Python,.py,204,8980,False
scikit-learn,examples/release_highlights/plot_release_highlights_1_2_0.py,plot_release_highlights_1_2_0.py,examples/release_highlights,Python,.py,142,6389,False
scikit-learn,examples/release_highlights/plot_release_highlights_1_3_0.py,plot_release_highlights_1_3_0.py,examples/release_highlights,Python,.py,133,6475,False
scikit-learn,examples/release_highlights/plot_release_highlights_1_4_0.py,plot_release_highlights_1_4_0.py,examples/release_highlights,Python,.py,195,7864,False
scikit-learn,examples/release_highlights/plot_release_highlights_1_5_0.py,plot_release_highlights_1_5_0.py,examples/release_highlights,Python,.py,183,8527,False
scikit-learn,examples/release_highlights/plot_release_highlights_1_6_0.py,plot_release_highlights_1_6_0.py,examples/release_highlights,Python,.py,189,9226,False
scikit-learn,examples/release_highlights/plot_release_highlights_1_7_0.py,plot_release_highlights_1_7_0.py,examples/release_highlights,Python,.py,93,4822,False
scikit-learn,examples/release_highlights/plot_release_highlights_1_8_0.py,plot_release_highlights_1_8_0.py,examples/release_highlights,Python,.py,250,11284,False
scikit-learn,examples/release_highlights/plot_release_highlights_1_9_0.py,plot_release_highlights_1_9_0.py,examples/release_highlights,Python,.py,154,10950,False
scikit-learn,examples/semi_supervised/plot_label_propagation_digits.py,plot_label_propagation_digits.py,examples/semi_supervised,Python,.py,92,3197,False
scikit-learn,examples/semi_supervised/plot_label_propagation_digits_active_learning.py,plot_label_propagation_digits_active_learning.py,examples/semi_supervised,Python,.py,99,4231,False
scikit-learn,examples/semi_supervised/plot_label_propagation_structure.py,plot_label_propagation_structure.py,examples/semi_supervised,Python,.py,92,2711,False
scikit-learn,examples/semi_supervised/plot_self_training_varying_threshold.py,plot_self_training_varying_threshold.py,examples/semi_supervised,Python,.py,97,4089,False
scikit-learn,examples/semi_supervised/plot_semi_supervised_newsgroups.py,plot_semi_supervised_newsgroups.py,examples/semi_supervised,Python,.py,173,6917,False
scikit-learn,examples/semi_supervised/plot_semi_supervised_versus_svm_iris.py,plot_semi_supervised_versus_svm_iris.py,examples/semi_supervised,Python,.py,160,7287,False
scikit-learn,examples/svm/plot_custom_kernel.py,plot_custom_kernel.py,examples/svm,Python,.py,53,1515,False
scikit-learn,examples/svm/plot_iris_svc.py,plot_iris_svc.py,examples/svm,Python,.py,87,3492,False
scikit-learn,examples/svm/plot_linearsvc_support_vectors.py,plot_linearsvc_support_vectors.py,examples/svm,Python,.py,53,1888,False
scikit-learn,examples/svm/plot_oneclass.py,plot_oneclass.py,examples/svm,Python,.py,92,2884,False
scikit-learn,examples/svm/plot_rbf_parameters.py,plot_rbf_parameters.py,examples/svm,Python,.py,182,8336,False
scikit-learn,examples/svm/plot_separating_hyperplane.py,plot_separating_hyperplane.py,examples/svm,Python,.py,42,1194,False
scikit-learn,examples/svm/plot_separating_hyperplane_unbalanced.py,plot_separating_hyperplane_unbalanced.py,examples/svm,Python,.py,77,2409,False
scikit-learn,examples/svm/plot_svm_anova.py,plot_svm_anova.py,examples/svm,Python,.py,56,2176,False
scikit-learn,examples/svm/plot_svm_kernels.py,plot_svm_kernels.py,examples/svm,Python,.py,276,12718,False
scikit-learn,examples/svm/plot_svm_margin.py,plot_svm_margin.py,examples/svm,Python,.py,76,2466,False
scikit-learn,examples/svm/plot_svm_regression.py,plot_svm_regression.py,examples/svm,Python,.py,67,2128,False
scikit-learn,examples/svm/plot_svm_scale_c.py,plot_svm_scale_c.py,examples/svm,Python,.py,170,7476,False
scikit-learn,examples/svm/plot_svm_tie_breaking.py,plot_svm_tie_breaking.py,examples/svm,Python,.py,51,2174,False
scikit-learn,examples/svm/plot_weighted_samples.py,plot_weighted_samples.py,examples/svm,Python,.py,74,2647,False
scikit-learn,examples/text/plot_document_classification_20newsgroups.py,plot_document_classification_20newsgroups.py,examples/text,Python,.py,378,16441,False
scikit-learn,examples/text/plot_document_clustering.py,plot_document_clustering.py,examples/text,Python,.py,386,17514,False
scikit-learn,examples/text/plot_hashing_vs_dict_vectorizer.py,plot_hashing_vs_dict_vectorizer.py,examples/text,Python,.py,319,15051,False
scikit-learn,examples/tree/plot_cost_complexity_pruning.py,plot_cost_complexity_pruning.py,examples/tree,Python,.py,96,4684,False
scikit-learn,examples/tree/plot_iris_dtc.py,plot_iris_dtc.py,examples/tree,Python,.py,68,2489,False
scikit-learn,examples/tree/plot_tree_regression.py,plot_tree_regression.py,examples/tree,Python,.py,129,4461,False
scikit-learn,examples/tree/plot_unveil_tree_structure.py,plot_unveil_tree_structure.py,examples/tree,Python,.py,211,9982,False
scikit-learn,maint_tools/bump-dependencies-versions.py,bump-dependencies-versions.py,maint_tools,Python,.py,159,5792,False
scikit-learn,maint_tools/check_xfailed_checks.py,check_xfailed_checks.py,maint_tools,Python,.py,33,1598,False
scikit-learn,maint_tools/update_tracking_issue.py,update_tracking_issue.py,maint_tools,Python,.py,158,6205,False
scikit-learn,maint_tools/vendor_array_api_compat.sh,vendor_array_api_compat.sh,maint_tools,Shell,.sh,18,587,False
scikit-learn,maint_tools/vendor_array_api_extra.sh,vendor_array_api_extra.sh,maint_tools,Shell,.sh,18,585,False
scikit-learn,sklearn/__check_build/__init__.py,__init__.py,sklearn/__check_build,Python,.py,45,1880,False
scikit-learn,sklearn/__init__.py,__init__.py,sklearn,Python,.py,130,4524,False
scikit-learn,sklearn/_build_utils/__init__.py,__init__.py,sklearn/_build_utils,Python,.py,0,0,False
scikit-learn,sklearn/_build_utils/tempita.py,tempita.py,sklearn/_build_utils,Python,.py,44,1684,False
scikit-learn,sklearn/_build_utils/version.py,version.py,sklearn/_build_utils,Python,.py,10,448,False
scikit-learn,sklearn/_config.py,_config.py,sklearn,Python,.py,340,16099,False
scikit-learn,sklearn/_distributor_init.py,_distributor_init.py,sklearn,Python,.py,9,424,False
scikit-learn,sklearn/_loss/__init__.py,__init__.py,sklearn/_loss,Python,.py,34,830,False
scikit-learn,sklearn/_loss/link.py,link.py,sklearn/_loss,Python,.py,194,7487,False
scikit-learn,sklearn/_loss/loss.py,loss.py,sklearn/_loss,Python,.py,1596,64059,False
scikit-learn,sklearn/_loss/tests/__init__.py,__init__.py,sklearn/_loss/tests,Python,.py,0,0,True
scikit-learn,sklearn/_loss/tests/test_link.py,test_link.py,sklearn/_loss/tests,Python,.py,121,5032,True
scikit-learn,sklearn/_loss/tests/test_loss.py,test_loss.py,sklearn/_loss/tests,Python,.py,1402,56086,True
scikit-learn,sklearn/_min_dependencies.py,_min_dependencies.py,sklearn,Python,.py,66,2913,False
scikit-learn,sklearn/base.py,base.py,sklearn,Python,.py,1169,49206,False
scikit-learn,sklearn/calibration.py,calibration.py,sklearn,Python,.py,1450,62711,False
scikit-learn,sklearn/callback/__init__.py,__init__.py,sklearn/callback,Python,.py,21,761,False
scikit-learn,sklearn/callback/_base.py,_base.py,sklearn/callback,Python,.py,106,4328,False
scikit-learn,sklearn/callback/_callback_context.py,_callback_context.py,sklearn/callback,Python,.py,473,22167,False
scikit-learn,sklearn/callback/_callback_support.py,_callback_support.py,sklearn/callback,Python,.py,170,7603,False
scikit-learn,sklearn/callback/_progressbar.py,_progressbar.py,sklearn/callback,Python,.py,252,11807,False
scikit-learn,sklearn/callback/_scoring_monitor.py,_scoring_monitor.py,sklearn/callback,Python,.py,241,11556,False
scikit-learn,sklearn/callback/_transport.py,_transport.py,sklearn/callback,Python,.py,150,7699,False
scikit-learn,sklearn/callback/tests/__init__.py,__init__.py,sklearn/callback/tests,Python,.py,0,0,True
scikit-learn,sklearn/callback/tests/_common/__init__.py,__init__.py,sklearn/callback/tests/_common,Python,.py,2,79,True
scikit-learn,sklearn/callback/tests/_common/callbacks.py,callbacks.py,sklearn/callback/tests/_common,Python,.py,134,5535,True
scikit-learn,sklearn/callback/tests/_common/estimators.py,estimators.py,sklearn/callback/tests/_common,Python,.py,211,9470,True
scikit-learn,sklearn/callback/tests/conftest.py,conftest.py,sklearn/callback/tests,Python,.py,4,179,True
scikit-learn,sklearn/callback/tests/test_callback_context.py,test_callback_context.py,sklearn/callback/tests,Python,.py,401,19020,True
scikit-learn,sklearn/callback/tests/test_callback_support.py,test_callback_support.py,sklearn/callback/tests,Python,.py,129,6283,True
scikit-learn,sklearn/callback/tests/test_pickle.py,test_pickle.py,sklearn/callback/tests,Python,.py,161,7855,True
scikit-learn,sklearn/callback/tests/test_progressbar.py,test_progressbar.py,sklearn/callback/tests,Python,.py,177,7937,True
scikit-learn,sklearn/callback/tests/test_scoring_monitor.py,test_scoring_monitor.py,sklearn/callback/tests,Python,.py,341,14245,True
scikit-learn,sklearn/cluster/__init__.py,__init__.py,sklearn/cluster,Python,.py,61,1675,False
scikit-learn,sklearn/cluster/_affinity_propagation.py,_affinity_propagation.py,sklearn/cluster,Python,.py,503,20752,False
scikit-learn,sklearn/cluster/_agglomerative.py,_agglomerative.py,sklearn/cluster,Python,.py,1104,49491,False
scikit-learn,sklearn/cluster/_bicluster.py,_bicluster.py,sklearn/cluster,Python,.py,515,22134,False
scikit-learn,sklearn/cluster/_birch.py,_birch.py,sklearn/cluster,Python,.py,605,26062,False
scikit-learn,sklearn/cluster/_bisect_k_means.py,_bisect_k_means.py,sklearn/cluster,Python,.py,435,19608,False
scikit-learn,sklearn/cluster/_dbscan.py,_dbscan.py,sklearn/cluster,Python,.py,427,20733,False
scikit-learn,sklearn/cluster/_feature_agglomeration.py,_feature_agglomeration.py,sklearn/cluster,Python,.py,62,2439,False
scikit-learn,sklearn/cluster/_hdbscan/__init__.py,__init__.py,sklearn/cluster/_hdbscan,Python,.py,2,79,False
scikit-learn,sklearn/cluster/_hdbscan/hdbscan.py,hdbscan.py,sklearn/cluster/_hdbscan,Python,.py,877,41786,False
scikit-learn,sklearn/cluster/_hdbscan/tests/__init__.py,__init__.py,sklearn/cluster/_hdbscan/tests,Python,.py,0,0,True
scikit-learn,sklearn/cluster/_hdbscan/tests/test_reachibility.py,test_reachibility.py,sklearn/cluster/_hdbscan/tests,Python,.py,48,2065,True
scikit-learn,sklearn/cluster/_kmeans.py,_kmeans.py,sklearn/cluster,Python,.py,1911,82531,False
scikit-learn,sklearn/cluster/_mean_shift.py,_mean_shift.py,sklearn/cluster,Python,.py,472,20329,False
scikit-learn,sklearn/cluster/_optics.py,_optics.py,sklearn/cluster,Python,.py,1024,45159,False
scikit-learn,sklearn/cluster/_spectral.py,_spectral.py,sklearn/cluster,Python,.py,663,31014,False
scikit-learn,sklearn/cluster/tests/__init__.py,__init__.py,sklearn/cluster/tests,Python,.py,0,0,True
scikit-learn,sklearn/cluster/tests/common.py,common.py,sklearn/cluster/tests,Python,.py,30,880,True
scikit-learn,sklearn/cluster/tests/test_affinity_propagation.py,test_affinity_propagation.py,sklearn/cluster/tests,Python,.py,251,11898,True
scikit-learn,sklearn/cluster/tests/test_bicluster.py,test_bicluster.py,sklearn/cluster/tests,Python,.py,220,9154,True
scikit-learn,sklearn/cluster/tests/test_birch.py,test_birch.py,sklearn/cluster/tests,Python,.py,194,8606,True
scikit-learn,sklearn/cluster/tests/test_bisect_k_means.py,test_bisect_k_means.py,sklearn/cluster/tests,Python,.py,122,5567,True
scikit-learn,sklearn/cluster/tests/test_dbscan.py,test_dbscan.py,sklearn/cluster/tests,Python,.py,378,17093,True
scikit-learn,sklearn/cluster/tests/test_feature_agglomeration.py,test_feature_agglomeration.py,sklearn/cluster/tests,Python,.py,43,1965,True
scikit-learn,sklearn/cluster/tests/test_hdbscan.py,test_hdbscan.py,sklearn/cluster/tests,Python,.py,504,20336,True
scikit-learn,sklearn/cluster/tests/test_hierarchical.py,test_hierarchical.py,sklearn/cluster/tests,Python,.py,774,33144,True
scikit-learn,sklearn/cluster/tests/test_k_means.py,test_k_means.py,sklearn/cluster/tests,Python,.py,1122,49197,True
scikit-learn,sklearn/cluster/tests/test_mean_shift.py,test_mean_shift.py,sklearn/cluster/tests,Python,.py,172,7196,True
scikit-learn,sklearn/cluster/tests/test_optics.py,test_optics.py,sklearn/cluster/tests,Python,.py,779,25431,True
scikit-learn,sklearn/cluster/tests/test_spectral.py,test_spectral.py,sklearn/cluster/tests,Python,.py,275,11828,True
scikit-learn,sklearn/compose/__init__.py,__init__.py,sklearn/compose,Python,.py,19,661,False
scikit-learn,sklearn/compose/_column_transformer.py,_column_transformer.py,sklearn/compose,Python,.py,1302,60522,False
scikit-learn,sklearn/compose/_target.py,_target.py,sklearn/compose,Python,.py,344,15249,False
scikit-learn,sklearn/compose/tests/__init__.py,__init__.py,sklearn/compose/tests,Python,.py,0,0,True
scikit-learn,sklearn/compose/tests/test_column_transformer.py,test_column_transformer.py,sklearn/compose/tests,Python,.py,2469,98554,True
scikit-learn,sklearn/compose/tests/test_target.py,test_target.py,sklearn/compose/tests,Python,.py,365,15257,True
scikit-learn,sklearn/conftest.py,conftest.py,sklearn,Python,.py,416,18550,False
scikit-learn,sklearn/covariance/__init__.py,__init__.py,sklearn/covariance,Python,.py,46,1278,False
scikit-learn,sklearn/covariance/_elliptic_envelope.py,_elliptic_envelope.py,sklearn/covariance,Python,.py,215,9097,False
scikit-learn,sklearn/covariance/_empirical_covariance.py,_empirical_covariance.py,sklearn/covariance,Python,.py,341,13972,False
scikit-learn,sklearn/covariance/_graph_lasso.py,_graph_lasso.py,sklearn/covariance,Python,.py,974,40794,False
scikit-learn,sklearn/covariance/_robust_covariance.py,_robust_covariance.py,sklearn/covariance,Python,.py,802,36429,False
scikit-learn,sklearn/covariance/_shrunk_covariance.py,_shrunk_covariance.py,sklearn/covariance,Python,.py,692,29370,False
scikit-learn,sklearn/covariance/tests/__init__.py,__init__.py,sklearn/covariance/tests,Python,.py,0,0,True
scikit-learn,sklearn/covariance/tests/test_covariance.py,test_covariance.py,sklearn/covariance/tests,Python,.py,494,22422,True
scikit-learn,sklearn/covariance/tests/test_elliptic_envelope.py,test_elliptic_envelope.py,sklearn/covariance/tests,Python,.py,45,1587,True
scikit-learn,sklearn/covariance/tests/test_graphical_lasso.py,test_graphical_lasso.py,sklearn/covariance/tests,Python,.py,287,11455,True
scikit-learn,sklearn/covariance/tests/test_robust_covariance.py,test_robust_covariance.py,sklearn/covariance/tests,Python,.py,168,7516,True
scikit-learn,sklearn/cross_decomposition/__init__.py,__init__.py,sklearn/cross_decomposition,Python,.py,5,271,False
scikit-learn,sklearn/cross_decomposition/_pls.py,_pls.py,sklearn/cross_decomposition,Python,.py,892,37009,False
scikit-learn,sklearn/cross_decomposition/tests/__init__.py,__init__.py,sklearn/cross_decomposition/tests,Python,.py,0,0,True
scikit-learn,sklearn/cross_decomposition/tests/test_pls.py,test_pls.py,sklearn/cross_decomposition/tests,Python,.py,546,23601,True
scikit-learn,sklearn/datasets/__init__.py,__init__.py,sklearn/datasets,Python,.py,151,5391,False
scikit-learn,sklearn/datasets/_arff_parser.py,_arff_parser.py,sklearn/datasets,Python,.py,460,19348,False
scikit-learn,sklearn/datasets/_base.py,_base.py,sklearn/datasets,Python,.py,1354,54126,False
scikit-learn,sklearn/datasets/_california_housing.py,_california_housing.py,sklearn/datasets,Python,.py,194,7237,False
scikit-learn,sklearn/datasets/_covtype.py,_covtype.py,sklearn/datasets,Python,.py,209,8118,False
scikit-learn,sklearn/datasets/_kddcup99.py,_kddcup99.py,sklearn/datasets,Python,.py,352,13865,False
scikit-learn,sklearn/datasets/_lfw.py,_lfw.py,sklearn/datasets,Python,.py,544,22681,False
scikit-learn,sklearn/datasets/_olivetti_faces.py,_olivetti_faces.py,sklearn/datasets,Python,.py,152,6072,False
scikit-learn,sklearn/datasets/_openml.py,_openml.py,sklearn/datasets,Python,.py,1009,43020,False
scikit-learn,sklearn/datasets/_rcv1.py,_rcv1.py,sklearn/datasets,Python,.py,285,12055,False
scikit-learn,sklearn/datasets/_samples_generator.py,_samples_generator.py,sklearn/datasets,Python,.py,1948,77213,False
scikit-learn,sklearn/datasets/_species_distributions.py,_species_distributions.py,sklearn/datasets,Python,.py,230,9382,False
scikit-learn,sklearn/datasets/_svmlight_format_io.py,_svmlight_format_io.py,sklearn/datasets,Python,.py,499,20969,False
scikit-learn,sklearn/datasets/_twenty_newsgroups.py,_twenty_newsgroups.py,sklearn/datasets,Python,.py,515,20867,False
scikit-learn,sklearn/datasets/data/__init__.py,__init__.py,sklearn/datasets/data,Python,.py,2,79,False
scikit-learn,sklearn/datasets/descr/__init__.py,__init__.py,sklearn/datasets/descr,Python,.py,2,79,False
scikit-learn,sklearn/datasets/images/__init__.py,__init__.py,sklearn/datasets/images,Python,.py,2,79,False
scikit-learn,sklearn/datasets/tests/__init__.py,__init__.py,sklearn/datasets/tests,Python,.py,0,0,True
scikit-learn,sklearn/datasets/tests/data/__init__.py,__init__.py,sklearn/datasets/tests/data,Python,.py,0,0,True
scikit-learn,sklearn/datasets/tests/data/openml/__init__.py,__init__.py,sklearn/datasets/tests/data/openml,Python,.py,0,0,True
scikit-learn,sklearn/datasets/tests/data/openml/id_1/__init__.py,__init__.py,sklearn/datasets/tests/data/openml/id_1,Python,.py,0,0,True
scikit-learn,sklearn/datasets/tests/data/openml/id_1119/__init__.py,__init__.py,sklearn/datasets/tests/data/openml/id_1119,Python,.py,0,0,True
scikit-learn,sklearn/datasets/tests/data/openml/id_1590/__init__.py,__init__.py,sklearn/datasets/tests/data/openml/id_1590,Python,.py,0,0,True
scikit-learn,sklearn/datasets/tests/data/openml/id_2/__init__.py,__init__.py,sklearn/datasets/tests/data/openml/id_2,Python,.py,0,0,True
scikit-learn,sklearn/datasets/tests/data/openml/id_292/__init__.py,__init__.py,sklearn/datasets/tests/data/openml/id_292,Python,.py,0,0,True
scikit-learn,sklearn/datasets/tests/data/openml/id_3/__init__.py,__init__.py,sklearn/datasets/tests/data/openml/id_3,Python,.py,0,0,True
scikit-learn,sklearn/datasets/tests/data/openml/id_40589/__init__.py,__init__.py,sklearn/datasets/tests/data/openml/id_40589,Python,.py,0,0,True
scikit-learn,sklearn/datasets/tests/data/openml/id_40675/__init__.py,__init__.py,sklearn/datasets/tests/data/openml/id_40675,Python,.py,0,0,True
scikit-learn,sklearn/datasets/tests/data/openml/id_40945/__init__.py,__init__.py,sklearn/datasets/tests/data/openml/id_40945,Python,.py,0,0,True
scikit-learn,sklearn/datasets/tests/data/openml/id_40966/__init__.py,__init__.py,sklearn/datasets/tests/data/openml/id_40966,Python,.py,0,0,True
scikit-learn,sklearn/datasets/tests/data/openml/id_42074/__init__.py,__init__.py,sklearn/datasets/tests/data/openml/id_42074,Python,.py,0,0,True
scikit-learn,sklearn/datasets/tests/data/openml/id_42585/__init__.py,__init__.py,sklearn/datasets/tests/data/openml/id_42585,Python,.py,0,0,True
scikit-learn,sklearn/datasets/tests/data/openml/id_561/__init__.py,__init__.py,sklearn/datasets/tests/data/openml/id_561,Python,.py,0,0,True
scikit-learn,sklearn/datasets/tests/data/openml/id_61/__init__.py,__init__.py,sklearn/datasets/tests/data/openml/id_61,Python,.py,0,0,True
scikit-learn,sklearn/datasets/tests/data/openml/id_62/__init__.py,__init__.py,sklearn/datasets/tests/data/openml/id_62,Python,.py,0,0,True
scikit-learn,sklearn/datasets/tests/test_20news.py,test_20news.py,sklearn/datasets/tests,Python,.py,114,5340,True
scikit-learn,sklearn/datasets/tests/test_arff_parser.py,test_arff_parser.py,sklearn/datasets/tests,Python,.py,287,9612,True
scikit-learn,sklearn/datasets/tests/test_base.py,test_base.py,sklearn/datasets/tests,Python,.py,600,25137,True
scikit-learn,sklearn/datasets/tests/test_california_housing.py,test_california_housing.py,sklearn/datasets/tests,Python,.py,28,1369,True
scikit-learn,sklearn/datasets/tests/test_common.py,test_common.py,sklearn/datasets/tests,Python,.py,108,4392,True
scikit-learn,sklearn/datasets/tests/test_covtype.py,test_covtype.py,sklearn/datasets/tests,Python,.py,38,1757,True
scikit-learn,sklearn/datasets/tests/test_kddcup99.py,test_kddcup99.py,sklearn/datasets/tests,Python,.py,70,2601,True
scikit-learn,sklearn/datasets/tests/test_lfw.py,test_lfw.py,sklearn/datasets/tests,Python,.py,184,7798,True
scikit-learn,sklearn/datasets/tests/test_olivetti_faces.py,test_olivetti_faces.py,sklearn/datasets/tests,Python,.py,19,919,True
scikit-learn,sklearn/datasets/tests/test_openml.py,test_openml.py,sklearn/datasets/tests,Python,.py,1478,56880,True
scikit-learn,sklearn/datasets/tests/test_rcv1.py,test_rcv1.py,sklearn/datasets/tests,Python,.py,55,2343,True
scikit-learn,sklearn/datasets/tests/test_samples_generator.py,test_samples_generator.py,sklearn/datasets/tests,Python,.py,620,23972,True
scikit-learn,sklearn/datasets/tests/test_svmlight_format.py,test_svmlight_format.py,sklearn/datasets/tests,Python,.py,492,20222,True
scikit-learn,sklearn/decomposition/__init__.py,__init__.py,sklearn/decomposition,Python,.py,46,1524,False
scikit-learn,sklearn/decomposition/_base.py,_base.py,sklearn/decomposition,Python,.py,180,7483,False
scikit-learn,sklearn/decomposition/_dict_learning.py,_dict_learning.py,sklearn/decomposition,Python,.py,1919,78693,False
scikit-learn,sklearn/decomposition/_factor_analysis.py,_factor_analysis.py,sklearn/decomposition,Python,.py,369,15281,False
scikit-learn,sklearn/decomposition/_fastica.py,_fastica.py,sklearn/decomposition,Python,.py,657,26568,False
scikit-learn,sklearn/decomposition/_incremental_pca.py,_incremental_pca.py,sklearn/decomposition,Python,.py,353,16333,False
scikit-learn,sklearn/decomposition/_kernel_pca.py,_kernel_pca.py,sklearn/decomposition,Python,.py,483,22651,False
scikit-learn,sklearn/decomposition/_lda.py,_lda.py,sklearn/decomposition,Python,.py,774,34215,False
scikit-learn,sklearn/decomposition/_nmf.py,_nmf.py,sklearn/decomposition,Python,.py,1923,81635,False
scikit-learn,sklearn/decomposition/_pca.py,_pca.py,sklearn/decomposition,Python,.py,694,33410,False
scikit-learn,sklearn/decomposition/_sparse_pca.py,_sparse_pca.py,sklearn/decomposition,Python,.py,447,17986,False
scikit-learn,sklearn/decomposition/_truncated_svd.py,_truncated_svd.py,sklearn/decomposition,Python,.py,265,11748,False
scikit-learn,sklearn/decomposition/tests/__init__.py,__init__.py,sklearn/decomposition/tests,Python,.py,0,0,True
scikit-learn,sklearn/decomposition/tests/test_dict_learning.py,test_dict_learning.py,sklearn/decomposition/tests,Python,.py,869,31546,True
scikit-learn,sklearn/decomposition/tests/test_factor_analysis.py,test_factor_analysis.py,sklearn/decomposition/tests,Python,.py,89,4032,True
scikit-learn,sklearn/decomposition/tests/test_fastica.py,test_fastica.py,sklearn/decomposition/tests,Python,.py,381,15916,True
scikit-learn,sklearn/decomposition/tests/test_incremental_pca.py,test_incremental_pca.py,sklearn/decomposition/tests,Python,.py,393,16897,True
scikit-learn,sklearn/decomposition/tests/test_kernel_pca.py,test_kernel_pca.py,sklearn/decomposition/tests,Python,.py,451,21023,True
scikit-learn,sklearn/decomposition/tests/test_nmf.py,test_nmf.py,sklearn/decomposition/tests,Python,.py,869,32808,True
scikit-learn,sklearn/decomposition/tests/test_online_lda.py,test_online_lda.py,sklearn/decomposition/tests,Python,.py,417,16308,True
scikit-learn,sklearn/decomposition/tests/test_pca.py,test_pca.py,sklearn/decomposition/tests,Python,.py,945,41613,True
scikit-learn,sklearn/decomposition/tests/test_sparse_pca.py,test_sparse_pca.py,sklearn/decomposition/tests,Python,.py,290,12216,True
scikit-learn,sklearn/decomposition/tests/test_truncated_svd.py,test_truncated_svd.py,sklearn/decomposition/tests,Python,.py,176,7544,True
scikit-learn,sklearn/discriminant_analysis.py,discriminant_analysis.py,sklearn,Python,.py,1013,45243,False
scikit-learn,sklearn/dummy.py,dummy.py,sklearn,Python,.py,568,24390,False
scikit-learn,sklearn/ensemble/__init__.py,__init__.py,sklearn/ensemble,Python,.py,42,1518,False
scikit-learn,sklearn/ensemble/_bagging.py,_bagging.py,sklearn/ensemble,Python,.py,1197,52904,False
scikit-learn,sklearn/ensemble/_base.py,_base.py,sklearn/ensemble,Python,.py,254,10604,False
scikit-learn,sklearn/ensemble/_bootstrap.py,_bootstrap.py,sklearn/ensemble,Python,.py,57,2589,False
scikit-learn,sklearn/ensemble/_forest.py,_forest.py,sklearn/ensemble,Python,.py,2555,119902,False
scikit-learn,sklearn/ensemble/_gb.py,_gb.py,sklearn/ensemble,Python,.py,1866,86407,False
scikit-learn,sklearn/ensemble/_hist_gradient_boosting/__init__.py,__init__.py,sklearn/ensemble/_hist_gradient_boosting,Python,.py,6,246,False
scikit-learn,sklearn/ensemble/_hist_gradient_boosting/binning.py,binning.py,sklearn/ensemble/_hist_gradient_boosting,Python,.py,338,16462,False
scikit-learn,sklearn/ensemble/_hist_gradient_boosting/gradient_boosting.py,gradient_boosting.py,sklearn/ensemble/_hist_gradient_boosting,Python,.py,1963,92657,False
scikit-learn,sklearn/ensemble/_hist_gradient_boosting/grower.py,grower.py,sklearn/ensemble/_hist_gradient_boosting,Python,.py,731,32849,False
scikit-learn,sklearn/ensemble/_hist_gradient_boosting/predictor.py,predictor.py,sklearn/ensemble/_hist_gradient_boosting,Python,.py,126,5122,False
scikit-learn,sklearn/ensemble/_hist_gradient_boosting/tests/__init__.py,__init__.py,sklearn/ensemble/_hist_gradient_boosting/tests,Python,.py,0,0,True
scikit-learn,sklearn/ensemble/_hist_gradient_boosting/tests/test_binning.py,test_binning.py,sklearn/ensemble/_hist_gradient_boosting/tests,Python,.py,469,20414,True
scikit-learn,sklearn/ensemble/_hist_gradient_boosting/tests/test_compare_lightgbm.py,test_compare_lightgbm.py,sklearn/ensemble/_hist_gradient_boosting/tests,Python,.py,237,10109,True
scikit-learn,sklearn/ensemble/_hist_gradient_boosting/tests/test_gradient_boosting.py,test_gradient_boosting.py,sklearn/ensemble/_hist_gradient_boosting/tests,Python,.py,1489,63623,True
scikit-learn,sklearn/ensemble/_hist_gradient_boosting/tests/test_grower.py,test_grower.py,sklearn/ensemble/_hist_gradient_boosting/tests,Python,.py,536,23153,True
scikit-learn,sklearn/ensemble/_hist_gradient_boosting/tests/test_histogram.py,test_histogram.py,sklearn/ensemble/_hist_gradient_boosting/tests,Python,.py,210,8681,True
scikit-learn,sklearn/ensemble/_hist_gradient_boosting/tests/test_monotonic_constraints.py,test_monotonic_constraints.py,sklearn/ensemble/_hist_gradient_boosting/tests,Python,.py,381,16937,True
scikit-learn,sklearn/ensemble/_hist_gradient_boosting/tests/test_predictor.py,test_predictor.py,sklearn/ensemble/_hist_gradient_boosting/tests,Python,.py,152,6319,True
scikit-learn,sklearn/ensemble/_hist_gradient_boosting/tests/test_splitting.py,test_splitting.py,sklearn/ensemble/_hist_gradient_boosting/tests,Python,.py,972,38639,True
scikit-learn,sklearn/ensemble/_hist_gradient_boosting/tests/test_warm_start.py,test_warm_start.py,sklearn/ensemble/_hist_gradient_boosting/tests,Python,.py,196,7933,True
scikit-learn,sklearn/ensemble/_hist_gradient_boosting/utils.py,utils.py,sklearn/ensemble/_hist_gradient_boosting,Python,.py,126,5571,False
scikit-learn,sklearn/ensemble/_iforest.py,_iforest.py,sklearn/ensemble,Python,.py,552,24517,False
scikit-learn,sklearn/ensemble/_stacking.py,_stacking.py,sklearn/ensemble,Python,.py,956,43504,False
scikit-learn,sklearn/ensemble/_voting.py,_voting.py,sklearn/ensemble,Python,.py,597,25222,False
scikit-learn,sklearn/ensemble/_weight_boosting.py,_weight_boosting.py,sklearn/ensemble,Python,.py,895,39740,False
scikit-learn,sklearn/ensemble/tests/__init__.py,__init__.py,sklearn/ensemble/tests,Python,.py,0,0,True
scikit-learn,sklearn/ensemble/tests/test_bagging.py,test_bagging.py,sklearn/ensemble/tests,Python,.py,963,38900,True
scikit-learn,sklearn/ensemble/tests/test_base.py,test_base.py,sklearn/ensemble/tests,Python,.py,87,3667,True
scikit-learn,sklearn/ensemble/tests/test_bootstrap.py,test_bootstrap.py,sklearn/ensemble/tests,Python,.py,67,3042,True
scikit-learn,sklearn/ensemble/tests/test_common.py,test_common.py,sklearn/ensemble/tests,Python,.py,239,9191,True
scikit-learn,sklearn/ensemble/tests/test_forest.py,test_forest.py,sklearn/ensemble/tests,Python,.py,1584,66700,True
scikit-learn,sklearn/ensemble/tests/test_gradient_boosting.py,test_gradient_boosting.py,sklearn/ensemble/tests,Python,.py,1372,57958,True
scikit-learn,sklearn/ensemble/tests/test_iforest.py,test_iforest.py,sklearn/ensemble/tests,Python,.py,309,13637,True
scikit-learn,sklearn/ensemble/tests/test_stacking.py,test_stacking.py,sklearn/ensemble/tests,Python,.py,886,33397,True
scikit-learn,sklearn/ensemble/tests/test_voting.py,test_voting.py,sklearn/ensemble/tests,Python,.py,670,27269,True
scikit-learn,sklearn/ensemble/tests/test_weight_boosting.py,test_weight_boosting.py,sklearn/ensemble/tests,Python,.py,474,20710,True
scikit-learn,sklearn/exceptions.py,exceptions.py,sklearn,Python,.py,187,7703,False
scikit-learn,sklearn/experimental/__init__.py,__init__.py,sklearn/experimental,Python,.py,7,305,False
scikit-learn,sklearn/experimental/enable_halving_search_cv.py,enable_halving_search_cv.py,sklearn/experimental,Python,.py,26,1303,False
scikit-learn,sklearn/experimental/enable_hist_gradient_boosting.py,enable_hist_gradient_boosting.py,sklearn/experimental,Python,.py,19,828,False
scikit-learn,sklearn/experimental/enable_iterative_imputer.py,enable_iterative_imputer.py,sklearn/experimental,Python,.py,17,756,False
scikit-learn,sklearn/experimental/tests/__init__.py,__init__.py,sklearn/experimental/tests,Python,.py,0,0,True
scikit-learn,sklearn/experimental/tests/test_enable_hist_gradient_boosting.py,test_enable_hist_gradient_boosting.py,sklearn/experimental/tests,Python,.py,18,752,True
scikit-learn,sklearn/experimental/tests/test_enable_iterative_imputer.py,test_enable_iterative_imputer.py,sklearn/experimental/tests,Python,.py,14,662,True
scikit-learn,sklearn/experimental/tests/test_enable_successive_halving.py,test_enable_successive_halving.py,sklearn/experimental/tests,Python,.py,43,1896,True
scikit-learn,sklearn/externals/__init__.py,__init__.py,sklearn/externals,Python,.py,3,42,False
scikit-learn,sklearn/externals/_arff.py,_arff.py,sklearn/externals,Python,.py,890,38369,False
scikit-learn,sklearn/externals/_array_api_compat_vendor.py,_array_api_compat_vendor.py,sklearn/externals,Python,.py,4,198,False
scikit-learn,sklearn/externals/_numpydoc/docscrape.py,docscrape.py,sklearn/externals/_numpydoc,Python,.py,634,23691,False
scikit-learn,sklearn/externals/_packaging/__init__.py,__init__.py,sklearn/externals/_packaging,Python,.py,0,0,False
scikit-learn,sklearn/externals/_packaging/_structures.py,_structures.py,sklearn/externals/_packaging,Python,.py,62,2922,False
scikit-learn,sklearn/externals/_packaging/version.py,version.py,sklearn/externals/_packaging,Python,.py,417,16133,False
scikit-learn,sklearn/externals/_scipy/__init__.py,__init__.py,sklearn/externals/_scipy,Python,.py,0,0,False
scikit-learn,sklearn/externals/_scipy/sparse/__init__.py,__init__.py,sklearn/externals/_scipy/sparse,Python,.py,0,0,False
scikit-learn,sklearn/externals/_scipy/sparse/csgraph/__init__.py,__init__.py,sklearn/externals/_scipy/sparse/csgraph,Python,.py,1,34,False
scikit-learn,sklearn/externals/_scipy/sparse/csgraph/_laplacian.py,_laplacian.py,sklearn/externals/_scipy/sparse/csgraph,Python,.py,455,18194,False
scikit-learn,sklearn/externals/array_api_compat/__init__.py,__init__.py,sklearn/externals/array_api_compat,Python,.py,17,986,False
scikit-learn,sklearn/externals/array_api_compat/_internal.py,_internal.py,sklearn/externals/array_api_compat,Python,.py,55,2072,False
scikit-learn,sklearn/externals/array_api_compat/common/__init__.py,__init__.py,sklearn/externals/array_api_compat/common,Python,.py,1,38,False
scikit-learn,sklearn/externals/array_api_compat/common/_aliases.py,_aliases.py,sklearn/externals/array_api_compat/common,Python,.py,580,18988,False
scikit-learn,sklearn/externals/array_api_compat/common/_fft.py,_fft.py,sklearn/externals/array_api_compat/common,Python,.py,193,4669,False
scikit-learn,sklearn/externals/array_api_compat/common/_helpers.py,_helpers.py,sklearn/externals/array_api_compat/common,Python,.py,890,33336,False
scikit-learn,sklearn/externals/array_api_compat/common/_linalg.py,_linalg.py,sklearn/externals/array_api_compat/common,Python,.py,201,6882,False
scikit-learn,sklearn/externals/array_api_compat/common/_typing.py,_typing.py,sklearn/externals/array_api_compat/common,Python,.py,145,4498,False
scikit-learn,sklearn/externals/array_api_compat/cupy/__init__.py,__init__.py,sklearn/externals/array_api_compat/cupy,Python,.py,18,744,False
scikit-learn,sklearn/externals/array_api_compat/cupy/_aliases.py,_aliases.py,sklearn/externals/array_api_compat/cupy,Python,.py,172,6400,False
scikit-learn,sklearn/externals/array_api_compat/cupy/_info.py,_info.py,sklearn/externals/array_api_compat/cupy,Python,.py,290,10130,False
scikit-learn,sklearn/externals/array_api_compat/cupy/_typing.py,_typing.py,sklearn/externals/array_api_compat/cupy,Python,.py,26,607,False
scikit-learn,sklearn/externals/array_api_compat/cupy/fft.py,fft.py,sklearn/externals/array_api_compat/cupy,Python,.py,29,872,False
scikit-learn,sklearn/externals/array_api_compat/cupy/linalg.py,linalg.py,sklearn/externals/array_api_compat/cupy,Python,.py,50,1845,False
scikit-learn,sklearn/externals/array_api_compat/dask/__init__.py,__init__.py,sklearn/externals/array_api_compat/dask,Python,.py,0,0,False
scikit-learn,sklearn/externals/array_api_compat/dask/array/__init__.py,__init__.py,sklearn/externals/array_api_compat/dask/array,Python,.py,19,685,False
scikit-learn,sklearn/externals/array_api_compat/dask/array/_aliases.py,_aliases.py,sklearn/externals/array_api_compat/dask/array,Python,.py,309,10432,False
scikit-learn,sklearn/externals/array_api_compat/dask/array/_info.py,_info.py,sklearn/externals/array_api_compat/dask/array,Python,.py,351,12242,False
scikit-learn,sklearn/externals/array_api_compat/dask/array/fft.py,fft.py,sklearn/externals/array_api_compat/dask/array,Python,.py,10,333,False
scikit-learn,sklearn/externals/array_api_compat/dask/array/linalg.py,linalg.py,sklearn/externals/array_api_compat/dask/array,Python,.py,51,2140,False
scikit-learn,sklearn/externals/array_api_compat/numpy/__init__.py,__init__.py,sklearn/externals/array_api_compat/numpy,Python,.py,27,1050,False
scikit-learn,sklearn/externals/array_api_compat/numpy/_aliases.py,_aliases.py,sklearn/externals/array_api_compat/numpy,Python,.py,160,5666,False
scikit-learn,sklearn/externals/array_api_compat/numpy/_info.py,_info.py,sklearn/externals/array_api_compat/numpy,Python,.py,313,10795,False
scikit-learn,sklearn/externals/array_api_compat/numpy/_typing.py,_typing.py,sklearn/externals/array_api_compat/numpy,Python,.py,21,605,False
scikit-learn,sklearn/externals/array_api_compat/numpy/fft.py,fft.py,sklearn/externals/array_api_compat/numpy,Python,.py,22,714,False
scikit-learn,sklearn/externals/array_api_compat/numpy/linalg.py,linalg.py,sklearn/externals/array_api_compat/numpy,Python,.py,178,6517,False
scikit-learn,sklearn/externals/array_api_compat/torch/__init__.py,__init__.py,sklearn/externals/array_api_compat/torch,Python,.py,18,641,False
scikit-learn,sklearn/externals/array_api_compat/torch/_aliases.py,_aliases.py,sklearn/externals/array_api_compat/torch,Python,.py,817,33803,False
scikit-learn,sklearn/externals/array_api_compat/torch/_info.py,_info.py,sklearn/externals/array_api_compat/torch,Python,.py,319,11896,False
scikit-learn,sklearn/externals/array_api_compat/torch/_typing.py,_typing.py,sklearn/externals/array_api_compat/torch,Python,.py,2,108,False
scikit-learn,sklearn/externals/array_api_compat/torch/fft.py,fft.py,sklearn/externals/array_api_compat/torch,Python,.py,68,1903,False
scikit-learn,sklearn/externals/array_api_compat/torch/linalg.py,linalg.py,sklearn/externals/array_api_compat/torch,Python,.py,95,4560,False
scikit-learn,sklearn/externals/array_api_extra/__init__.py,__init__.py,sklearn/externals/array_api_extra,Python,.py,53,1356,False
scikit-learn,sklearn/externals/array_api_extra/_agnostic/__init__.py,__init__.py,sklearn/externals/array_api_extra/_agnostic,Python,.py,25,411,False
scikit-learn,sklearn/externals/array_api_extra/_agnostic/_creation.py,_creation.py,sklearn/externals/array_api_extra/_agnostic,Python,.py,36,1491,False
scikit-learn,sklearn/externals/array_api_extra/_agnostic/_elementwise.py,_elementwise.py,sklearn/externals/array_api_extra/_agnostic,Python,.py,298,11284,False
scikit-learn,sklearn/externals/array_api_extra/_agnostic/_indexing.py,_indexing.py,sklearn/externals/array_api_extra/_agnostic,Python,.py,56,1993,False
scikit-learn,sklearn/externals/array_api_extra/_agnostic/_inspection.py,_inspection.py,sklearn/externals/array_api_extra/_agnostic,Python,.py,37,1479,False
scikit-learn,sklearn/externals/array_api_extra/_agnostic/_linalg.py,_linalg.py,sklearn/externals/array_api_extra/_agnostic,Python,.py,35,1450,False
scikit-learn,sklearn/externals/array_api_extra/_agnostic/_manipulation.py,_manipulation.py,sklearn/externals/array_api_extra/_agnostic,Python,.py,79,3064,False
scikit-learn,sklearn/externals/array_api_extra/_agnostic/_searching.py,_searching.py,sklearn/externals/array_api_extra/_agnostic,Python,.py,34,1348,False
scikit-learn,sklearn/externals/array_api_extra/_agnostic/_set.py,_set.py,sklearn/externals/array_api_extra/_agnostic,Python,.py,73,2794,False
scikit-learn,sklearn/externals/array_api_extra/_agnostic/_sorting.py,_sorting.py,sklearn/externals/array_api_extra/_agnostic,Python,.py,23,681,False
scikit-learn,sklearn/externals/array_api_extra/_agnostic/_statistical.py,_statistical.py,sklearn/externals/array_api_extra/_agnostic,Python,.py,161,5549,False
scikit-learn,sklearn/externals/array_api_extra/_at.py,_at.py,sklearn/externals/array_api_extra,Python,.py,380,15555,False
scikit-learn,sklearn/externals/array_api_extra/_creation.py,_creation.py,sklearn/externals/array_api_extra,Python,.py,124,4581,False
scikit-learn,sklearn/externals/array_api_extra/_elementwise.py,_elementwise.py,sklearn/externals/array_api_extra,Python,.py,307,12833,False
scikit-learn,sklearn/externals/array_api_extra/_indexing.py,_indexing.py,sklearn/externals/array_api_extra,Python,.py,227,8271,False
scikit-learn,sklearn/externals/array_api_extra/_lazy.py,_lazy.py,sklearn/externals/array_api_extra,Python,.py,278,13392,False
scikit-learn,sklearn/externals/array_api_extra/_lib/__init__.py,__init__.py,sklearn/externals/array_api_extra/_lib,Python,.py,1,36,False
scikit-learn,sklearn/externals/array_api_extra/_lib/_backends.py,_backends.py,sklearn/externals/array_api_extra/_lib,Python,.py,58,2170,False
scikit-learn,sklearn/externals/array_api_extra/_lib/_compat.py,_compat.py,sklearn/externals/array_api_extra/_lib,Python,.py,72,1803,False
scikit-learn,sklearn/externals/array_api_extra/_lib/_helpers.py,_helpers.py,sklearn/externals/array_api_extra/_lib,Python,.py,508,20043,False
scikit-learn,sklearn/externals/array_api_extra/_lib/_testing.py,_testing.py,sklearn/externals/array_api_extra/_lib,Python,.py,27,1023,False
scikit-learn,sklearn/externals/array_api_extra/_lib/_typing.py,_typing.py,sklearn/externals/array_api_extra/_lib,Python,.py,33,717,False
scikit-learn,sklearn/externals/array_api_extra/_linalg.py,_linalg.py,sklearn/externals/array_api_extra,Python,.py,81,3045,False
scikit-learn,sklearn/externals/array_api_extra/_manipulation.py,_manipulation.py,sklearn/externals/array_api_extra,Python,.py,238,8975,False
scikit-learn,sklearn/externals/array_api_extra/_searching.py,_searching.py,sklearn/externals/array_api_extra,Python,.py,72,3163,False
scikit-learn,sklearn/externals/array_api_extra/_set.py,_set.py,sklearn/externals/array_api_extra,Python,.py,175,6288,False
scikit-learn,sklearn/externals/array_api_extra/_sorting.py,_sorting.py,sklearn/externals/array_api_extra,Python,.py,172,6638,False
scikit-learn,sklearn/externals/array_api_extra/_statistical.py,_statistical.py,sklearn/externals/array_api_extra,Python,.py,362,14681,False
scikit-learn,sklearn/externals/array_api_extra/testing/__init__.py,__init__.py,sklearn/externals/array_api_extra/testing,Python,.py,17,340,False
scikit-learn,sklearn/externals/array_api_extra/testing/_testing.py,_testing.py,sklearn/externals/array_api_extra/testing,Python,.py,867,37405,False
scikit-learn,sklearn/externals/conftest.py,conftest.py,sklearn/externals,Python,.py,6,312,False
scikit-learn,sklearn/feature_extraction/__init__.py,__init__.py,sklearn/feature_extraction,Python,.py,15,499,False
scikit-learn,sklearn/feature_extraction/_dict_vectorizer.py,_dict_vectorizer.py,sklearn/feature_extraction,Python,.py,377,16065,False
scikit-learn,sklearn/feature_extraction/_hash.py,_hash.py,sklearn/feature_extraction,Python,.py,172,7909,False
scikit-learn,sklearn/feature_extraction/_stop_words.py,_stop_words.py,sklearn/feature_extraction,Python,.py,327,5725,False
scikit-learn,sklearn/feature_extraction/image.py,image.py,sklearn/feature_extraction,Python,.py,585,23680,False
scikit-learn,sklearn/feature_extraction/tests/__init__.py,__init__.py,sklearn/feature_extraction/tests,Python,.py,0,0,True
scikit-learn,sklearn/feature_extraction/tests/test_dict_vectorizer.py,test_dict_vectorizer.py,sklearn/feature_extraction/tests,Python,.py,201,8256,True
scikit-learn,sklearn/feature_extraction/tests/test_feature_hasher.py,test_feature_hasher.py,sklearn/feature_extraction/tests,Python,.py,132,5734,True
scikit-learn,sklearn/feature_extraction/tests/test_image.py,test_image.py,sklearn/feature_extraction/tests,Python,.py,301,13183,True
scikit-learn,sklearn/feature_extraction/tests/test_text.py,test_text.py,sklearn/feature_extraction/tests,Python,.py,1357,53369,True
scikit-learn,sklearn/feature_extraction/text.py,text.py,sklearn/feature_extraction,Python,.py,1787,77448,False
scikit-learn,sklearn/feature_selection/__init__.py,__init__.py,sklearn/feature_selection,Python,.py,49,1316,False
scikit-learn,sklearn/feature_selection/_base.py,_base.py,sklearn/feature_selection,Python,.py,237,9799,False
scikit-learn,sklearn/feature_selection/_from_model.py,_from_model.py,sklearn/feature_selection,Python,.py,435,19084,False
scikit-learn,sklearn/feature_selection/_mutual_info.py,_mutual_info.py,sklearn/feature_selection,Python,.py,485,20016,False
scikit-learn,sklearn/feature_selection/_rfe.py,_rfe.py,sklearn/feature_selection,Python,.py,837,37175,False
scikit-learn,sklearn/feature_selection/_sequential.py,_sequential.py,sklearn/feature_selection,Python,.py,307,13974,False
scikit-learn,sklearn/feature_selection/_univariate_selection.py,_univariate_selection.py,sklearn/feature_selection,Python,.py,934,40796,False
scikit-learn,sklearn/feature_selection/_variance_threshold.py,_variance_threshold.py,sklearn/feature_selection,Python,.py,111,4688,False
scikit-learn,sklearn/feature_selection/tests/__init__.py,__init__.py,sklearn/feature_selection/tests,Python,.py,0,0,True
scikit-learn,sklearn/feature_selection/tests/test_base.py,test_base.py,sklearn/feature_selection/tests,Python,.py,117,4832,True
scikit-learn,sklearn/feature_selection/tests/test_chi2.py,test_chi2.py,sklearn/feature_selection/tests,Python,.py,72,3139,True
scikit-learn,sklearn/feature_selection/tests/test_feature_select.py,test_feature_select.py,sklearn/feature_selection/tests,Python,.py,877,32507,True
scikit-learn,sklearn/feature_selection/tests/test_from_model.py,test_from_model.py,sklearn/feature_selection/tests,Python,.py,564,23585,True
scikit-learn,sklearn/feature_selection/tests/test_mutual_info.py,test_mutual_info.py,sklearn/feature_selection/tests,Python,.py,213,9852,True
scikit-learn,sklearn/feature_selection/tests/test_rfe.py,test_rfe.py,sklearn/feature_selection/tests,Python,.py,619,25995,True
scikit-learn,sklearn/feature_selection/tests/test_sequential.py,test_sequential.py,sklearn/feature_selection/tests,Python,.py,263,10906,True
scikit-learn,sklearn/feature_selection/tests/test_variance_threshold.py,test_variance_threshold.py,sklearn/feature_selection/tests,Python,.py,58,2640,True
scikit-learn,sklearn/frozen/__init__.py,__init__.py,sklearn/frozen,Python,.py,4,162,False
scikit-learn,sklearn/frozen/_frozen.py,_frozen.py,sklearn/frozen,Python,.py,131,4987,False
scikit-learn,sklearn/frozen/tests/__init__.py,__init__.py,sklearn/frozen/tests,Python,.py,0,0,True
scikit-learn,sklearn/frozen/tests/test_frozen.py,test_frozen.py,sklearn/frozen/tests,Python,.py,173,6811,True
scikit-learn,sklearn/gaussian_process/__init__.py,__init__.py,sklearn/gaussian_process,Python,.py,7,401,False
scikit-learn,sklearn/gaussian_process/_gpc.py,_gpc.py,sklearn/gaussian_process,Python,.py,813,39387,False
scikit-learn,sklearn/gaussian_process/_gpr.py,_gpr.py,sklearn/gaussian_process,Python,.py,575,28281,False
scikit-learn,sklearn/gaussian_process/kernels.py,kernels.py,sklearn/gaussian_process,Python,.py,1991,85311,False
scikit-learn,sklearn/gaussian_process/tests/__init__.py,__init__.py,sklearn/gaussian_process/tests,Python,.py,0,0,True
scikit-learn,sklearn/gaussian_process/tests/_mini_sequence_kernel.py,_mini_sequence_kernel.py,sklearn/gaussian_process/tests,Python,.py,43,1571,True
scikit-learn,sklearn/gaussian_process/tests/test_gpc.py,test_gpc.py,sklearn/gaussian_process/tests,Python,.py,275,11928,True
scikit-learn,sklearn/gaussian_process/tests/test_gpr.py,test_gpr.py,sklearn/gaussian_process/tests,Python,.py,696,30834,True
scikit-learn,sklearn/gaussian_process/tests/test_kernels.py,test_kernels.py,sklearn/gaussian_process/tests,Python,.py,342,14492,True
scikit-learn,sklearn/impute/__init__.py,__init__.py,sklearn/impute,Python,.py,7,376,False
scikit-learn,sklearn/impute/_base.py,_base.py,sklearn/impute,Python,.py,954,42890,False
scikit-learn,sklearn/impute/_iterative.py,_iterative.py,sklearn/impute,Python,.py,831,38455,False
scikit-learn,sklearn/impute/_knn.py,_knn.py,sklearn/impute,Python,.py,334,14967,False
scikit-learn,sklearn/impute/tests/__init__.py,__init__.py,sklearn/impute/tests,Python,.py,0,0,True
scikit-learn,sklearn/impute/tests/test_base.py,test_base.py,sklearn/impute/tests,Python,.py,79,3361,True
scikit-learn,sklearn/impute/tests/test_common.py,test_common.py,sklearn/impute/tests,Python,.py,179,7217,True
scikit-learn,sklearn/impute/tests/test_impute.py,test_impute.py,sklearn/impute/tests,Python,.py,1580,65814,True
scikit-learn,sklearn/impute/tests/test_knn.py,test_knn.py,sklearn/impute/tests,Python,.py,463,17540,True
scikit-learn,sklearn/inspection/__init__.py,__init__.py,sklearn/inspection,Python,.py,13,557,False
scikit-learn,sklearn/inspection/_partial_dependence.py,_partial_dependence.py,sklearn/inspection,Python,.py,656,33267,False
scikit-learn,sklearn/inspection/_pd_utils.py,_pd_utils.py,sklearn/inspection,Python,.py,57,2218,False
scikit-learn,sklearn/inspection/_permutation_importance.py,_permutation_importance.py,sklearn/inspection,Python,.py,266,11432,False
scikit-learn,sklearn/inspection/_plot/__init__.py,__init__.py,sklearn/inspection/_plot,Python,.py,2,79,False
scikit-learn,sklearn/inspection/_plot/decision_boundary.py,decision_boundary.py,sklearn/inspection/_plot,Python,.py,720,34615,False
scikit-learn,sklearn/inspection/_plot/partial_dependence.py,partial_dependence.py,sklearn/inspection/_plot,Python,.py,1294,61465,False
scikit-learn,sklearn/inspection/_plot/tests/__init__.py,__init__.py,sklearn/inspection/_plot/tests,Python,.py,0,0,True
scikit-learn,sklearn/inspection/_plot/tests/test_boundary_decision_display.py,test_boundary_decision_display.py,sklearn/inspection/_plot/tests,Python,.py,891,35309,True
scikit-learn,sklearn/inspection/_plot/tests/test_plot_partial_dependence.py,test_plot_partial_dependence.py,sklearn/inspection/_plot/tests,Python,.py,1143,41257,True
scikit-learn,sklearn/inspection/tests/__init__.py,__init__.py,sklearn/inspection/tests,Python,.py,0,0,True
scikit-learn,sklearn/inspection/tests/test_partial_dependence.py,test_partial_dependence.py,sklearn/inspection/tests,Python,.py,1085,42729,True
scikit-learn,sklearn/inspection/tests/test_pd_utils.py,test_pd_utils.py,sklearn/inspection/tests,Python,.py,38,1637,True
scikit-learn,sklearn/inspection/tests/test_permutation_importance.py,test_permutation_importance.py,sklearn/inspection/tests,Python,.py,453,20285,True
scikit-learn,sklearn/isotonic.py,isotonic.py,sklearn,Python,.py,414,17387,False
scikit-learn,sklearn/kernel_approximation.py,kernel_approximation.py,sklearn,Python,.py,927,40804,False
scikit-learn,sklearn/kernel_ridge.py,kernel_ridge.py,sklearn,Python,.py,202,9263,False
scikit-learn,sklearn/linear_model/__init__.py,__init__.py,sklearn/linear_model,Python,.py,104,2766,False
scikit-learn,sklearn/linear_model/_base.py,_base.py,sklearn/linear_model,Python,.py,763,31048,False
scikit-learn,sklearn/linear_model/_bayes.py,_bayes.py,sklearn/linear_model,Python,.py,678,29065,False
scikit-learn,sklearn/linear_model/_coordinate_descent.py,_coordinate_descent.py,sklearn/linear_model,Python,.py,2851,120711,False
scikit-learn,sklearn/linear_model/_glm/__init__.py,__init__.py,sklearn/linear_model/_glm,Python,.py,14,343,False
scikit-learn,sklearn/linear_model/_glm/_newton_solver.py,_newton_solver.py,sklearn/linear_model/_glm,Python,.py,1408,67199,False
scikit-learn,sklearn/linear_model/_glm/glm.py,glm.py,sklearn/linear_model/_glm,Python,.py,1011,46078,False
scikit-learn,sklearn/linear_model/_glm/tests/__init__.py,__init__.py,sklearn/linear_model/_glm/tests,Python,.py,2,79,True
scikit-learn,sklearn/linear_model/_glm/tests/test_glm.py,test_glm.py,sklearn/linear_model/_glm/tests,Python,.py,1193,50638,True
scikit-learn,sklearn/linear_model/_glm/tests/test_newton_solver.py,test_newton_solver.py,sklearn/linear_model/_glm/tests,Python,.py,63,3027,True
scikit-learn,sklearn/linear_model/_huber.py,_huber.py,sklearn/linear_model,Python,.py,298,12752,False
scikit-learn,sklearn/linear_model/_least_angle.py,_least_angle.py,sklearn/linear_model,Python,.py,1939,83080,False
scikit-learn,sklearn/linear_model/_linear_loss.py,_linear_loss.py,sklearn/linear_model,Python,.py,872,39958,False
scikit-learn,sklearn/linear_model/_logistic.py,_logistic.py,sklearn/linear_model,Python,.py,2341,104575,False
scikit-learn,sklearn/linear_model/_omp.py,_omp.py,sklearn/linear_model,Python,.py,962,39398,False
scikit-learn,sklearn/linear_model/_passive_aggressive.py,_passive_aggressive.py,sklearn/linear_model,Python,.py,506,21164,False
scikit-learn,sklearn/linear_model/_perceptron.py,_perceptron.py,sklearn/linear_model,Python,.py,178,7593,False
scikit-learn,sklearn/linear_model/_quantile.py,_quantile.py,sklearn/linear_model,Python,.py,255,10552,False
scikit-learn,sklearn/linear_model/_ransac.py,_ransac.py,sklearn/linear_model,Python,.py,603,25710,False
scikit-learn,sklearn/linear_model/_ridge.py,_ridge.py,sklearn/linear_model,Python,.py,2516,108707,False
scikit-learn,sklearn/linear_model/_sag.py,_sag.py,sklearn/linear_model,Python,.py,306,12350,False
scikit-learn,sklearn/linear_model/_stochastic_gradient.py,_stochastic_gradient.py,sklearn/linear_model,Python,.py,2279,94072,False
scikit-learn,sklearn/linear_model/_theil_sen.py,_theil_sen.py,sklearn/linear_model,Python,.py,369,15729,False
scikit-learn,sklearn/linear_model/tests/__init__.py,__init__.py,sklearn/linear_model/tests,Python,.py,0,0,True
scikit-learn,sklearn/linear_model/tests/test_base.py,test_base.py,sklearn/linear_model/tests,Python,.py,749,31219,True
scikit-learn,sklearn/linear_model/tests/test_bayes.py,test_bayes.py,sklearn/linear_model/tests,Python,.py,257,11933,True
scikit-learn,sklearn/linear_model/tests/test_common.py,test_common.py,sklearn/linear_model/tests,Python,.py,269,9749,True
scikit-learn,sklearn/linear_model/tests/test_coordinate_descent.py,test_coordinate_descent.py,sklearn/linear_model/tests,Python,.py,1574,65569,True
scikit-learn,sklearn/linear_model/tests/test_huber.py,test_huber.py,sklearn/linear_model/tests,Python,.py,171,7615,True
scikit-learn,sklearn/linear_model/tests/test_least_angle.py,test_least_angle.py,sklearn/linear_model/tests,Python,.py,720,29667,True
scikit-learn,sklearn/linear_model/tests/test_linear_loss.py,test_linear_loss.py,sklearn/linear_model/tests,Python,.py,461,17912,True
scikit-learn,sklearn/linear_model/tests/test_logistic.py,test_logistic.py,sklearn/linear_model/tests,Python,.py,2814,117560,True
scikit-learn,sklearn/linear_model/tests/test_omp.py,test_omp.py,sklearn/linear_model/tests,Python,.py,222,9344,True
scikit-learn,sklearn/linear_model/tests/test_passive_aggressive.py,test_passive_aggressive.py,sklearn/linear_model/tests,Python,.py,284,11817,True
scikit-learn,sklearn/linear_model/tests/test_perceptron.py,test_perceptron.py,sklearn/linear_model/tests,Python,.py,65,2608,True
scikit-learn,sklearn/linear_model/tests/test_quantile.py,test_quantile.py,sklearn/linear_model/tests,Python,.py,247,10689,True
scikit-learn,sklearn/linear_model/tests/test_ransac.py,test_ransac.py,sklearn/linear_model/tests,Python,.py,435,16794,True
scikit-learn,sklearn/linear_model/tests/test_ridge.py,test_ridge.py,sklearn/linear_model/tests,Python,.py,2295,95558,True
scikit-learn,sklearn/linear_model/tests/test_sag.py,test_sag.py,sklearn/linear_model/tests,Python,.py,743,25872,True
scikit-learn,sklearn/linear_model/tests/test_sgd.py,test_sgd.py,sklearn/linear_model/tests,Python,.py,1906,74756,True
scikit-learn,sklearn/linear_model/tests/test_sparse_coordinate_descent.py,test_sparse_coordinate_descent.py,sklearn/linear_model/tests,Python,.py,342,12983,True
scikit-learn,sklearn/linear_model/tests/test_theil_sen.py,test_theil_sen.py,sklearn/linear_model/tests,Python,.py,251,9938,True
scikit-learn,sklearn/manifold/__init__.py,__init__.py,sklearn/manifold,Python,.py,24,735,False
scikit-learn,sklearn/manifold/_classical_mds.py,_classical_mds.py,sklearn/manifold,Python,.py,157,6381,False
scikit-learn,sklearn/manifold/_isomap.py,_isomap.py,sklearn/manifold,Python,.py,366,15833,False
scikit-learn,sklearn/manifold/_locally_linear.py,_locally_linear.py,sklearn/manifold,Python,.py,734,30945,False
scikit-learn,sklearn/manifold/_mds.py,_mds.py,sklearn/manifold,Python,.py,676,30244,False
scikit-learn,sklearn/manifold/_spectral_embedding.py,_spectral_embedding.py,sklearn/manifold,Python,.py,675,30431,False
scikit-learn,sklearn/manifold/_t_sne.py,_t_sne.py,sklearn/manifold,Python,.py,987,43913,False
scikit-learn,sklearn/manifold/tests/__init__.py,__init__.py,sklearn/manifold/tests,Python,.py,0,0,True
scikit-learn,sklearn/manifold/tests/test_classical_mds.py,test_classical_mds.py,sklearn/manifold/tests,Python,.py,45,1980,True
scikit-learn,sklearn/manifold/tests/test_isomap.py,test_isomap.py,sklearn/manifold/tests,Python,.py,276,12050,True
scikit-learn,sklearn/manifold/tests/test_locally_linear.py,test_locally_linear.py,sklearn/manifold/tests,Python,.py,136,5772,True
scikit-learn,sklearn/manifold/tests/test_mds.py,test_mds.py,sklearn/manifold/tests,Python,.py,229,9503,True
scikit-learn,sklearn/manifold/tests/test_spectral_embedding.py,test_spectral_embedding.py,sklearn/manifold/tests,Python,.py,484,19994,True
scikit-learn,sklearn/manifold/tests/test_t_sne.py,test_t_sne.py,sklearn/manifold/tests,Python,.py,979,37630,True
scikit-learn,sklearn/metrics/__init__.py,__init__.py,sklearn/metrics,Python,.py,189,5018,False
scikit-learn,sklearn/metrics/_base.py,_base.py,sklearn/metrics,Python,.py,167,7603,False
scikit-learn,sklearn/metrics/_classification.py,_classification.py,sklearn/metrics,Python,.py,3504,155867,False
scikit-learn,sklearn/metrics/_pairwise_distances_reduction/__init__.py,__init__.py,sklearn/metrics/_pairwise_distances_reduction,Python,.py,108,5177,False
scikit-learn,sklearn/metrics/_pairwise_distances_reduction/_dispatcher.py,_dispatcher.py,sklearn/metrics/_pairwise_distances_reduction,Python,.py,646,30032,False
scikit-learn,sklearn/metrics/_plot/__init__.py,__init__.py,sklearn/metrics/_plot,Python,.py,2,79,False
scikit-learn,sklearn/metrics/_plot/confusion_matrix.py,confusion_matrix.py,sklearn/metrics/_plot,Python,.py,408,17363,False
scikit-learn,sklearn/metrics/_plot/det_curve.py,det_curve.py,sklearn/metrics/_plot,Python,.py,359,15101,False
scikit-learn,sklearn/metrics/_plot/precision_recall_curve.py,precision_recall_curve.py,sklearn/metrics/_plot,Python,.py,765,34959,False
scikit-learn,sklearn/metrics/_plot/regression.py,regression.py,sklearn/metrics/_plot,Python,.py,333,14706,False
scikit-learn,sklearn/metrics/_plot/roc_curve.py,roc_curve.py,sklearn/metrics/_plot,Python,.py,615,26469,False
scikit-learn,sklearn/metrics/_plot/tests/__init__.py,__init__.py,sklearn/metrics/_plot/tests,Python,.py,0,0,True
scikit-learn,sklearn/metrics/_plot/tests/test_common_curve_display.py,test_common_curve_display.py,sklearn/metrics/_plot/tests,Python,.py,761,30309,True
scikit-learn,sklearn/metrics/_plot/tests/test_confusion_matrix_display.py,test_confusion_matrix_display.py,sklearn/metrics/_plot/tests,Python,.py,299,13487,True
scikit-learn,sklearn/metrics/_plot/tests/test_det_curve_display.py,test_det_curve_display.py,sklearn/metrics/_plot/tests,Python,.py,109,4327,True
scikit-learn,sklearn/metrics/_plot/tests/test_precision_recall_display.py,test_precision_recall_display.py,sklearn/metrics/_plot/tests,Python,.py,624,26401,True
scikit-learn,sklearn/metrics/_plot/tests/test_predict_error_display.py,test_predict_error_display.py,sklearn/metrics/_plot/tests,Python,.py,149,6007,True
scikit-learn,sklearn/metrics/_plot/tests/test_roc_curve_display.py,test_roc_curve_display.py,sklearn/metrics/_plot/tests,Python,.py,495,19314,True
scikit-learn,sklearn/metrics/_ranking.py,_ranking.py,sklearn/metrics,Python,.py,1996,89854,False
scikit-learn,sklearn/metrics/_regression.py,_regression.py,sklearn/metrics,Python,.py,1656,67885,False
scikit-learn,sklearn/metrics/_scorer.py,_scorer.py,sklearn/metrics,Python,.py,983,40742,False
scikit-learn,sklearn/metrics/cluster/__init__.py,__init__.py,sklearn/metrics/cluster,Python,.py,52,1509,False
scikit-learn,sklearn/metrics/cluster/_bicluster.py,_bicluster.py,sklearn/metrics/cluster,Python,.py,90,3647,False
scikit-learn,sklearn/metrics/cluster/_supervised.py,_supervised.py,sklearn/metrics/cluster,Python,.py,1051,45473,False
scikit-learn,sklearn/metrics/cluster/_unsupervised.py,_unsupervised.py,sklearn/metrics/cluster,Python,.py,404,17980,False
scikit-learn,sklearn/metrics/cluster/tests/__init__.py,__init__.py,sklearn/metrics/cluster/tests,Python,.py,0,0,True
scikit-learn,sklearn/metrics/cluster/tests/test_bicluster.py,test_bicluster.py,sklearn/metrics/cluster/tests,Python,.py,45,1719,True
scikit-learn,sklearn/metrics/cluster/tests/test_common.py,test_common.py,sklearn/metrics/cluster/tests,Python,.py,258,10320,True
scikit-learn,sklearn/metrics/cluster/tests/test_supervised.py,test_supervised.py,sklearn/metrics/cluster/tests,Python,.py,448,19629,True
scikit-learn,sklearn/metrics/cluster/tests/test_unsupervised.py,test_unsupervised.py,sklearn/metrics/cluster/tests,Python,.py,358,12269,True
scikit-learn,sklearn/metrics/pairwise.py,pairwise.py,sklearn/metrics,Python,.py,2206,92535,False
scikit-learn,sklearn/metrics/tests/__init__.py,__init__.py,sklearn/metrics/tests,Python,.py,0,0,True
scikit-learn,sklearn/metrics/tests/test_classification.py,test_classification.py,sklearn/metrics/tests,Python,.py,3176,134132,True
scikit-learn,sklearn/metrics/tests/test_common.py,test_common.py,sklearn/metrics/tests,Python,.py,2590,101605,True
scikit-learn,sklearn/metrics/tests/test_dist_metrics.py,test_dist_metrics.py,sklearn/metrics/tests,Python,.py,342,14995,True
scikit-learn,sklearn/metrics/tests/test_pairwise.py,test_pairwise.py,sklearn/metrics/tests,Python,.py,1553,65757,True
scikit-learn,sklearn/metrics/tests/test_pairwise_distances_reduction.py,test_pairwise_distances_reduction.py,sklearn/metrics/tests,Python,.py,1435,53061,True
scikit-learn,sklearn/metrics/tests/test_ranking.py,test_ranking.py,sklearn/metrics/tests,Python,.py,2254,98138,True
scikit-learn,sklearn/metrics/tests/test_regression.py,test_regression.py,sklearn/metrics/tests,Python,.py,558,26253,True
scikit-learn,sklearn/metrics/tests/test_score_objects.py,test_score_objects.py,sklearn/metrics/tests,Python,.py,1441,60891,True
scikit-learn,sklearn/mixture/__init__.py,__init__.py,sklearn/mixture,Python,.py,6,306,False
scikit-learn,sklearn/mixture/_base.py,_base.py,sklearn/mixture,Python,.py,515,21158,False
scikit-learn,sklearn/mixture/_bayesian_mixture.py,_bayesian_mixture.py,sklearn/mixture,Python,.py,725,33394,False
scikit-learn,sklearn/mixture/_gaussian_mixture.py,_gaussian_mixture.py,sklearn/mixture,Python,.py,815,35904,False
scikit-learn,sklearn/mixture/tests/__init__.py,__init__.py,sklearn/mixture/tests,Python,.py,0,0,True
scikit-learn,sklearn/mixture/tests/test_bayesian_mixture.py,test_bayesian_mixture.py,sklearn/mixture/tests,Python,.py,389,17040,True
scikit-learn,sklearn/mixture/tests/test_gaussian_mixture.py,test_gaussian_mixture.py,sklearn/mixture/tests,Python,.py,1417,56034,True
scikit-learn,sklearn/mixture/tests/test_mixture.py,test_mixture.py,sklearn/mixture/tests,Python,.py,26,1178,True
scikit-learn,sklearn/model_selection/__init__.py,__init__.py,sklearn/model_selection,Python,.py,98,2864,False
scikit-learn,sklearn/model_selection/_classification_threshold.py,_classification_threshold.py,sklearn/model_selection,Python,.py,748,33011,False
scikit-learn,sklearn/model_selection/_plot.py,_plot.py,sklearn/model_selection,Python,.py,744,34606,False
scikit-learn,sklearn/model_selection/_search.py,_search.py,sklearn/model_selection,Python,.py,1769,85371,False
scikit-learn,sklearn/model_selection/_search_successive_halving.py,_search_successive_halving.py,sklearn/model_selection,Python,.py,969,48860,False
scikit-learn,sklearn/model_selection/_split.py,_split.py,sklearn/model_selection,Python,.py,2547,112741,False
scikit-learn,sklearn/model_selection/_validation.py,_validation.py,sklearn/model_selection,Python,.py,2161,95807,False
scikit-learn,sklearn/model_selection/tests/__init__.py,__init__.py,sklearn/model_selection/tests,Python,.py,0,0,True
scikit-learn,sklearn/model_selection/tests/common.py,common.py,sklearn/model_selection/tests,Python,.py,17,641,True
scikit-learn,sklearn/model_selection/tests/test_classification_threshold.py,test_classification_threshold.py,sklearn/model_selection/tests,Python,.py,549,23816,True
scikit-learn,sklearn/model_selection/tests/test_plot.py,test_plot.py,sklearn/model_selection/tests,Python,.py,474,18456,True
scikit-learn,sklearn/model_selection/tests/test_search.py,test_search.py,sklearn/model_selection/tests,Python,.py,2661,107345,True
scikit-learn,sklearn/model_selection/tests/test_split.py,test_split.py,sklearn/model_selection/tests,Python,.py,1746,75308,True
scikit-learn,sklearn/model_selection/tests/test_successive_halving.py,test_successive_halving.py,sklearn/model_selection/tests,Python,.py,779,31684,True
scikit-learn,sklearn/model_selection/tests/test_validation.py,test_validation.py,sklearn/model_selection/tests,Python,.py,2343,92952,True
scikit-learn,sklearn/multiclass.py,multiclass.py,sklearn,Python,.py,1063,44511,False
scikit-learn,sklearn/multioutput.py,multioutput.py,sklearn,Python,.py,1017,43547,False
scikit-learn,sklearn/naive_bayes.py,naive_bayes.py,sklearn,Python,.py,1271,57234,False
scikit-learn,sklearn/neighbors/__init__.py,__init__.py,sklearn/neighbors,Python,.py,46,1468,False
scikit-learn,sklearn/neighbors/_base.py,_base.py,sklearn/neighbors,Python,.py,1201,52591,False
scikit-learn,sklearn/neighbors/_classification.py,_classification.py,sklearn/neighbors,Python,.py,768,35154,False
scikit-learn,sklearn/neighbors/_graph.py,_graph.py,sklearn/neighbors,Python,.py,589,24684,False
scikit-learn,sklearn/neighbors/_kde.py,_kde.py,sklearn/neighbors,Python,.py,307,12359,False
scikit-learn,sklearn/neighbors/_lof.py,_lof.py,sklearn/neighbors,Python,.py,426,20231,False
scikit-learn,sklearn/neighbors/_nca.py,_nca.py,sklearn/neighbors,Python,.py,476,21099,False
scikit-learn,sklearn/neighbors/_nearest_centroid.py,_nearest_centroid.py,sklearn/neighbors,Python,.py,294,13095,False
scikit-learn,sklearn/neighbors/_regression.py,_regression.py,sklearn/neighbors,Python,.py,421,18649,False
scikit-learn,sklearn/neighbors/_unsupervised.py,_unsupervised.py,sklearn/neighbors,Python,.py,145,6283,False
scikit-learn,sklearn/neighbors/tests/__init__.py,__init__.py,sklearn/neighbors/tests,Python,.py,0,0,True
scikit-learn,sklearn/neighbors/tests/test_ball_tree.py,test_ball_tree.py,sklearn/neighbors/tests,Python,.py,153,7097,True
scikit-learn,sklearn/neighbors/tests/test_graph.py,test_graph.py,sklearn/neighbors/tests,Python,.py,81,3547,True
scikit-learn,sklearn/neighbors/tests/test_kd_tree.py,test_kd_tree.py,sklearn/neighbors/tests,Python,.py,119,5443,True
scikit-learn,sklearn/neighbors/tests/test_kde.py,test_kde.py,sklearn/neighbors/tests,Python,.py,204,9745,True
scikit-learn,sklearn/neighbors/tests/test_lof.py,test_lof.py,sklearn/neighbors/tests,Python,.py,310,13746,True
scikit-learn,sklearn/neighbors/tests/test_nca.py,test_nca.py,sklearn/neighbors/tests,Python,.py,486,20792,True
scikit-learn,sklearn/neighbors/tests/test_nearest_centroid.py,test_nearest_centroid.py,sklearn/neighbors/tests,Python,.py,188,7572,True
scikit-learn,sklearn/neighbors/tests/test_neighbors.py,test_neighbors.py,sklearn/neighbors/tests,Python,.py,2081,88357,True
scikit-learn,sklearn/neighbors/tests/test_neighbors_pipeline.py,test_neighbors_pipeline.py,sklearn/neighbors/tests,Python,.py,212,8147,True
scikit-learn,sklearn/neighbors/tests/test_neighbors_tree.py,test_neighbors_tree.py,sklearn/neighbors/tests,Python,.py,226,9297,True
scikit-learn,sklearn/neighbors/tests/test_quad_tree.py,test_quad_tree.py,sklearn/neighbors/tests,Python,.py,115,5142,True
scikit-learn,sklearn/neural_network/__init__.py,__init__.py,sklearn/neural_network,Python,.py,6,320,False
scikit-learn,sklearn/neural_network/_base.py,_base.py,sklearn/neural_network,Python,.py,215,7983,False
scikit-learn,sklearn/neural_network/_multilayer_perceptron.py,_multilayer_perceptron.py,sklearn/neural_network,Python,.py,1497,66188,False
scikit-learn,sklearn/neural_network/_rbm.py,_rbm.py,sklearn/neural_network,Python,.py,360,14998,False
scikit-learn,sklearn/neural_network/_stochastic_optimizers.py,_stochastic_optimizers.py,sklearn/neural_network,Python,.py,229,8838,False
scikit-learn,sklearn/neural_network/tests/__init__.py,__init__.py,sklearn/neural_network/tests,Python,.py,0,0,True
scikit-learn,sklearn/neural_network/tests/test_base.py,test_base.py,sklearn/neural_network/tests,Python,.py,41,1566,True
scikit-learn,sklearn/neural_network/tests/test_mlp.py,test_mlp.py,sklearn/neural_network/tests,Python,.py,929,36960,True
scikit-learn,sklearn/neural_network/tests/test_rbm.py,test_rbm.py,sklearn/neural_network/tests,Python,.py,194,7979,True
scikit-learn,sklearn/neural_network/tests/test_stochastic_optimizers.py,test_stochastic_optimizers.py,sklearn/neural_network/tests,Python,.py,89,4137,True
scikit-learn,sklearn/pipeline.py,pipeline.py,sklearn,Python,.py,1897,88768,False
scikit-learn,sklearn/preprocessing/__init__.py,__init__.py,sklearn/preprocessing,Python,.py,65,1671,False
scikit-learn,sklearn/preprocessing/_data.py,_data.py,sklearn/preprocessing,Python,.py,3105,130762,False
scikit-learn,sklearn/preprocessing/_discretization.py,_discretization.py,sklearn/preprocessing,Python,.py,439,20409,False
scikit-learn,sklearn/preprocessing/_encoders.py,_encoders.py,sklearn/preprocessing,Python,.py,1425,68455,False
scikit-learn,sklearn/preprocessing/_function_transformer.py,_function_transformer.py,sklearn/preprocessing,Python,.py,371,16964,False
scikit-learn,sklearn/preprocessing/_label.py,_label.py,sklearn/preprocessing,Python,.py,878,35348,False
scikit-learn,sklearn/preprocessing/_polynomial.py,_polynomial.py,sklearn/preprocessing,Python,.py,1097,50999,False
scikit-learn,sklearn/preprocessing/_target_encoder.py,_target_encoder.py,sklearn/preprocessing,Python,.py,587,27090,False
scikit-learn,sklearn/preprocessing/tests/__init__.py,__init__.py,sklearn/preprocessing/tests,Python,.py,0,0,True
scikit-learn,sklearn/preprocessing/tests/test_common.py,test_common.py,sklearn/preprocessing/tests,Python,.py,166,6820,True
scikit-learn,sklearn/preprocessing/tests/test_data.py,test_data.py,sklearn/preprocessing/tests,Python,.py,2416,109055,True
scikit-learn,sklearn/preprocessing/tests/test_discretization.py,test_discretization.py,sklearn/preprocessing/tests,Python,.py,587,21133,True
scikit-learn,sklearn/preprocessing/tests/test_encoders.py,test_encoders.py,sklearn/preprocessing/tests,Python,.py,2001,83790,True
scikit-learn,sklearn/preprocessing/tests/test_function_transformer.py,test_function_transformer.py,sklearn/preprocessing/tests,Python,.py,462,19273,True
scikit-learn,sklearn/preprocessing/tests/test_label.py,test_label.py,sklearn/preprocessing/tests,Python,.py,783,32738,True
scikit-learn,sklearn/preprocessing/tests/test_polynomial.py,test_polynomial.py,sklearn/preprocessing/tests,Python,.py,1229,47552,True
scikit-learn,sklearn/preprocessing/tests/test_target_encoder.py,test_target_encoder.py,sklearn/preprocessing/tests,Python,.py,657,30306,True
scikit-learn,sklearn/random_projection.py,random_projection.py,sklearn,Python,.py,646,28585,False
scikit-learn,sklearn/semi_supervised/__init__.py,__init__.py,sklearn/semi_supervised,Python,.py,9,481,False
scikit-learn,sklearn/semi_supervised/_label_propagation.py,_label_propagation.py,sklearn/semi_supervised,Python,.py,526,21808,False
scikit-learn,sklearn/semi_supervised/_self_training.py,_self_training.py,sklearn/semi_supervised,Python,.py,482,20223,False
scikit-learn,sklearn/semi_supervised/tests/__init__.py,__init__.py,sklearn/semi_supervised/tests,Python,.py,0,0,True
scikit-learn,sklearn/semi_supervised/tests/test_label_propagation.py,test_label_propagation.py,sklearn/semi_supervised/tests,Python,.py,218,9889,True
scikit-learn,sklearn/semi_supervised/tests/test_self_training.py,test_self_training.py,sklearn/semi_supervised/tests,Python,.py,301,13794,True
scikit-learn,sklearn/svm/__init__.py,__init__.py,sklearn/svm,Python,.py,25,509,False
scikit-learn,sklearn/svm/_base.py,_base.py,sklearn/svm,Python,.py,1132,44790,False
scikit-learn,sklearn/svm/_bounds.py,_bounds.py,sklearn/svm,Python,.py,79,3483,False
scikit-learn,sklearn/svm/_classes.py,_classes.py,sklearn/svm,Python,.py,1476,68141,False
scikit-learn,sklearn/svm/src/liblinear/_cython_blas_helpers.h,_cython_blas_helpers.h,sklearn/svm/src/liblinear,C/C++,.h,13,458,False
scikit-learn,sklearn/svm/src/liblinear/liblinear_helper.c,liblinear_helper.c,sklearn/svm/src/liblinear,C,.c,202,6380,False
scikit-learn,sklearn/svm/src/liblinear/linear.cpp,linear.cpp,sklearn/svm/src/liblinear,C++,.cpp,2725,63015,False
scikit-learn,sklearn/svm/src/liblinear/linear.h,linear.h,sklearn/svm/src/liblinear,C/C++,.h,69,2458,False
scikit-learn,sklearn/svm/src/liblinear/tron.cpp,tron.cpp,sklearn/svm/src/liblinear,C++,.cpp,190,4952,False
scikit-learn,sklearn/svm/src/liblinear/tron.h,tron.h,sklearn/svm/src/liblinear,C/C++,.h,30,768,False
scikit-learn,sklearn/svm/src/libsvm/_svm_cython_blas_helpers.h,_svm_cython_blas_helpers.h,sklearn/svm/src/libsvm,C/C++,.h,7,217,False
scikit-learn,sklearn/svm/src/libsvm/libsvm_helper.c,libsvm_helper.c,sklearn/svm/src/libsvm,C,.c,371,11718,False
scikit-learn,sklearn/svm/src/libsvm/libsvm_sparse_helper.c,libsvm_sparse_helper.c,sklearn/svm/src/libsvm,C,.c,405,13247,False
scikit-learn,sklearn/svm/src/libsvm/libsvm_template.cpp,libsvm_template.cpp,sklearn/svm/src/libsvm,C++,.cpp,6,173,False
scikit-learn,sklearn/svm/src/libsvm/svm.cpp,svm.cpp,sklearn/svm/src/libsvm,C++,.cpp,2845,69309,False
scikit-learn,sklearn/svm/src/libsvm/svm.h,svm.h,sklearn/svm/src/libsvm,C/C++,.h,136,6262,False
scikit-learn,sklearn/svm/src/newrand/newrand.h,newrand.h,sklearn/svm/src/newrand,C/C++,.h,52,1840,False
scikit-learn,sklearn/svm/tests/__init__.py,__init__.py,sklearn/svm/tests,Python,.py,0,0,True
scikit-learn,sklearn/svm/tests/test_bounds.py,test_bounds.py,sklearn/svm/tests,Python,.py,110,5103,True
scikit-learn,sklearn/svm/tests/test_sparse.py,test_sparse.py,sklearn/svm/tests,Python,.py,426,16238,True
scikit-learn,sklearn/svm/tests/test_svm.py,test_svm.py,sklearn/svm/tests,Python,.py,1261,52936,True
scikit-learn,sklearn/tests/__init__.py,__init__.py,sklearn/tests,Python,.py,0,0,True
scikit-learn,sklearn/tests/metadata_routing_common.py,metadata_routing_common.py,sklearn/tests,Python,.py,500,22020,True
scikit-learn,sklearn/tests/test_base.py,test_base.py,sklearn/tests,Python,.py,863,35566,True
scikit-learn,sklearn/tests/test_build.py,test_build.py,sklearn/tests,Python,.py,91,4339,True
scikit-learn,sklearn/tests/test_calibration.py,test_calibration.py,sklearn/tests,Python,.py,1144,52656,True
scikit-learn,sklearn/tests/test_check_build.py,test_check_build.py,sklearn/tests,Python,.py,10,300,True
scikit-learn,sklearn/tests/test_common.py,test_common.py,sklearn/tests,Python,.py,353,13720,True
scikit-learn,sklearn/tests/test_config.py,test_config.py,sklearn/tests,Python,.py,135,5911,True
scikit-learn,sklearn/tests/test_discriminant_analysis.py,test_discriminant_analysis.py,sklearn/tests,Python,.py,730,30452,True
scikit-learn,sklearn/tests/test_docstring_parameters.py,test_docstring_parameters.py,sklearn/tests,Python,.py,304,12628,True
scikit-learn,sklearn/tests/test_docstring_parameters_consistency.py,test_docstring_parameters_consistency.py,sklearn/tests,Python,.py,105,4171,True
scikit-learn,sklearn/tests/test_docstrings.py,test_docstrings.py,sklearn/tests,Python,.py,175,7476,True
scikit-learn,sklearn/tests/test_dummy.py,test_dummy.py,sklearn/tests,Python,.py,536,22085,True
scikit-learn,sklearn/tests/test_init.py,test_init.py,sklearn/tests,Python,.py,13,500,True
scikit-learn,sklearn/tests/test_isotonic.py,test_isotonic.py,sklearn/tests,Python,.py,539,21822,True
scikit-learn,sklearn/tests/test_kernel_approximation.py,test_kernel_approximation.py,sklearn/tests,Python,.py,435,18427,True
scikit-learn,sklearn/tests/test_kernel_ridge.py,test_kernel_ridge.py,sklearn/tests,Python,.py,62,2888,True
scikit-learn,sklearn/tests/test_metadata_routing.py,test_metadata_routing.py,sklearn/tests,Python,.py,1093,46699,True
scikit-learn,sklearn/tests/test_metaestimators.py,test_metaestimators.py,sklearn/tests,Python,.py,293,11585,True
scikit-learn,sklearn/tests/test_metaestimators_metadata_routing.py,test_metaestimators_metadata_routing.py,sklearn/tests,Python,.py,1002,38502,True
scikit-learn,sklearn/tests/test_min_dependencies_consistency.py,test_min_dependencies_consistency.py,sklearn/tests,Python,.py,187,7869,True
scikit-learn,sklearn/tests/test_multiclass.py,test_multiclass.py,sklearn/tests,Python,.py,787,33988,True
scikit-learn,sklearn/tests/test_multioutput.py,test_multioutput.py,sklearn/tests,Python,.py,694,30147,True
scikit-learn,sklearn/tests/test_naive_bayes.py,test_naive_bayes.py,sklearn/tests,Python,.py,858,38211,True
scikit-learn,sklearn/tests/test_pipeline.py,test_pipeline.py,sklearn/tests,Python,.py,2226,92663,True
scikit-learn,sklearn/tests/test_public_functions.py,test_public_functions.py,sklearn/tests,Python,.py,371,16836,True
scikit-learn,sklearn/tests/test_random_projection.py,test_random_projection.py,sklearn/tests,Python,.py,479,19583,True
scikit-learn,sklearn/tree/__init__.py,__init__.py,sklearn/tree,Python,.py,21,596,False
scikit-learn,sklearn/tree/_classes.py,_classes.py,sklearn/tree,Python,.py,1867,91022,False
scikit-learn,sklearn/tree/_export.py,_export.py,sklearn/tree,Python,.py,1054,43135,False
scikit-learn,sklearn/tree/_reingold_tilford.py,_reingold_tilford.py,sklearn/tree,Python,.py,154,5157,False
scikit-learn,sklearn/tree/tests/__init__.py,__init__.py,sklearn/tree/tests,Python,.py,0,0,True
scikit-learn,sklearn/tree/tests/test_export.py,test_export.py,sklearn/tree/tests,Python,.py,664,25480,True
scikit-learn,sklearn/tree/tests/test_fenwick.py,test_fenwick.py,sklearn/tree/tests,Python,.py,41,1750,True
scikit-learn,sklearn/tree/tests/test_monotonic_tree.py,test_monotonic_tree.py,sklearn/tree/tests,Python,.py,469,19374,True
scikit-learn,sklearn/tree/tests/test_reingold_tilford.py,test_reingold_tilford.py,sklearn/tree/tests,Python,.py,43,1462,True
scikit-learn,sklearn/tree/tests/test_split.py,test_split.py,sklearn/tree/tests,Python,.py,355,14489,True
scikit-learn,sklearn/tree/tests/test_swap.py,test_swap.py,sklearn/tree/tests,Python,.py,36,1483,True
scikit-learn,sklearn/tree/tests/test_tree.py,test_tree.py,sklearn/tree/tests,Python,.py,3042,130366,True
scikit-learn,sklearn/utils/__init__.py,__init__.py,sklearn/utils,Python,.py,79,2395,False
scikit-learn,sklearn/utils/_arpack.py,_arpack.py,sklearn/utils,Python,.py,26,1223,False
scikit-learn,sklearn/utils/_array_api.py,_array_api.py,sklearn/utils,Python,.py,1065,48233,False
scikit-learn,sklearn/utils/_available_if.py,_available_if.py,sklearn/utils,Python,.py,79,2945,False
scikit-learn,sklearn/utils/_bunch.py,_bunch.py,sklearn/utils,Python,.py,57,2175,False
scikit-learn,sklearn/utils/_chunking.py,_chunking.py,sklearn/utils,Python,.py,152,5457,False
scikit-learn,sklearn/utils/_dataframe.py,_dataframe.py,sklearn/utils,Python,.py,81,2431,False
scikit-learn,sklearn/utils/_encode.py,_encode.py,sklearn/utils,Python,.py,262,10595,False
scikit-learn,sklearn/utils/_indexing.py,_indexing.py,sklearn/utils,Python,.py,576,24036,False
scikit-learn,sklearn/utils/_mask.py,_mask.py,sklearn/utils,Python,.py,143,5004,False
scikit-learn,sklearn/utils/_metadata_requests.py,_metadata_requests.py,sklearn/utils,Python,.py,1560,71259,False
scikit-learn,sklearn/utils/_missing.py,_missing.py,sklearn/utils,Python,.py,52,1501,False
scikit-learn,sklearn/utils/_mocking.py,_mocking.py,sklearn/utils,Python,.py,340,13692,False
scikit-learn,sklearn/utils/_optional_dependencies.py,_optional_dependencies.py,sklearn/utils,Python,.py,48,1735,False
scikit-learn,sklearn/utils/_param_validation.py,_param_validation.py,sklearn/utils,Python,.py,698,28604,False
scikit-learn,sklearn/utils/_plotting.py,_plotting.py,sklearn/utils,Python,.py,398,17520,False
scikit-learn,sklearn/utils/_pprint.py,_pprint.py,sklearn/utils,Python,.py,409,18502,False
scikit-learn,sklearn/utils/_repr_html/__init__.py,__init__.py,sklearn/utils/_repr_html,Python,.py,2,79,False
scikit-learn,sklearn/utils/_repr_html/base.py,base.py,sklearn/utils/_repr_html,Python,.py,138,6412,False
scikit-learn,sklearn/utils/_repr_html/common.py,common.py,sklearn/utils/_repr_html,Python,.py,64,2654,False
scikit-learn,sklearn/utils/_repr_html/estimator.js,estimator.js,sklearn/utils/_repr_html,JavaScript,.js,148,6117,False
scikit-learn,sklearn/utils/_repr_html/estimator.py,estimator.py,sklearn/utils/_repr_html,Python,.py,504,21097,False
scikit-learn,sklearn/utils/_repr_html/features.py,features.py,sklearn/utils/_repr_html,Python,.py,65,2413,False
scikit-learn,sklearn/utils/_repr_html/fitted_attributes.py,fitted_attributes.py,sklearn/utils/_repr_html,Python,.py,136,5177,False
scikit-learn,sklearn/utils/_repr_html/params.py,params.py,sklearn/utils/_repr_html,Python,.py,104,4521,False
scikit-learn,sklearn/utils/_repr_html/tests/__init__.py,__init__.py,sklearn/utils/_repr_html/tests,Python,.py,0,0,True
scikit-learn,sklearn/utils/_repr_html/tests/test_attributes.py,test_attributes.py,sklearn/utils/_repr_html/tests,Python,.py,165,5803,True
scikit-learn,sklearn/utils/_repr_html/tests/test_estimator.py,test_estimator.py,sklearn/utils/_repr_html/tests,Python,.py,507,22022,True
scikit-learn,sklearn/utils/_repr_html/tests/test_features.py,test_features.py,sklearn/utils/_repr_html/tests,Python,.py,215,8346,True
scikit-learn,sklearn/utils/_repr_html/tests/test_js.py,test_js.py,sklearn/utils/_repr_html/tests,Python,.py,147,5918,True
scikit-learn,sklearn/utils/_repr_html/tests/test_params.py,test_params.py,sklearn/utils/_repr_html/tests,Python,.py,195,7905,True
scikit-learn,sklearn/utils/_response.py,_response.py,sklearn/utils,Python,.py,246,11590,False
scikit-learn,sklearn/utils/_set_output.py,_set_output.py,sklearn/utils,Python,.py,358,15136,False
scikit-learn,sklearn/utils/_show_versions.py,_show_versions.py,sklearn/utils,Python,.py,87,2586,False
scikit-learn,sklearn/utils/_sparse.py,_sparse.py,sklearn/utils,Python,.py,31,1233,False
scikit-learn,sklearn/utils/_tags.py,_tags.py,sklearn/utils,Python,.py,234,10029,False
scikit-learn,sklearn/utils/_test_common/__init__.py,__init__.py,sklearn/utils/_test_common,Python,.py,2,79,False
scikit-learn,sklearn/utils/_test_common/instance_generator.py,instance_generator.py,sklearn/utils/_test_common,Python,.py,1360,55206,False
scikit-learn,sklearn/utils/_testing.py,_testing.py,sklearn/utils,Python,.py,1340,55297,False
scikit-learn,sklearn/utils/_unique.py,_unique.py,sklearn/utils,Python,.py,80,2972,False
scikit-learn,sklearn/utils/_user_interface.py,_user_interface.py,sklearn/utils,Python,.py,45,1485,False
scikit-learn,sklearn/utils/class_weight.py,class_weight.py,sklearn/utils,Python,.py,211,9353,False
scikit-learn,sklearn/utils/deprecation.py,deprecation.py,sklearn/utils,Python,.py,94,3489,False
scikit-learn,sklearn/utils/discovery.py,discovery.py,sklearn/utils,Python,.py,221,8743,False
scikit-learn,sklearn/utils/estimator_checks.py,estimator_checks.py,sklearn/utils,Python,.py,4845,210003,False
scikit-learn,sklearn/utils/extmath.py,extmath.py,sklearn/utils,Python,.py,1252,51779,False
scikit-learn,sklearn/utils/fixes.py,fixes.py,sklearn/utils,Python,.py,451,19496,False
scikit-learn,sklearn/utils/graph.py,graph.py,sklearn/utils,Python,.py,137,5714,False
scikit-learn,sklearn/utils/metadata_routing.py,metadata_routing.py,sklearn/utils,Python,.py,22,611,False
scikit-learn,sklearn/utils/metaestimators.py,metaestimators.py,sklearn/utils,Python,.py,144,6582,False
scikit-learn,sklearn/utils/multiclass.py,multiclass.py,sklearn/utils,Python,.py,501,21357,False
scikit-learn,sklearn/utils/optimize.py,optimize.py,sklearn/utils,Python,.py,435,15666,False
scikit-learn,sklearn/utils/parallel.py,parallel.py,sklearn/utils,Python,.py,171,8102,False
scikit-learn,sklearn/utils/random.py,random.py,sklearn/utils,Python,.py,82,3798,False
scikit-learn,sklearn/utils/sparsefuncs.py,sparsefuncs.py,sklearn/utils,Python,.py,666,24891,False
scikit-learn,sklearn/utils/src/MurmurHash3.cpp,MurmurHash3.cpp,sklearn/utils/src,C++,.cpp,246,7968,False
scikit-learn,sklearn/utils/src/MurmurHash3.h,MurmurHash3.h,sklearn/utils/src,C/C++,.h,28,1155,False
scikit-learn,sklearn/utils/stats.py,stats.py,sklearn/utils,Python,.py,204,10880,False
scikit-learn,sklearn/utils/tests/__init__.py,__init__.py,sklearn/utils/tests,Python,.py,0,0,True
scikit-learn,sklearn/utils/tests/test_arpack.py,test_arpack.py,sklearn/utils/tests,Python,.py,12,489,True
scikit-learn,sklearn/utils/tests/test_array_api.py,test_array_api.py,sklearn/utils/tests,Python,.py,802,35663,True
scikit-learn,sklearn/utils/tests/test_arrayfuncs.py,test_arrayfuncs.py,sklearn/utils/tests,Python,.py,29,1361,True
scikit-learn,sklearn/utils/tests/test_bitset.py,test_bitset.py,sklearn/utils/tests,Python,.py,55,2008,True
scikit-learn,sklearn/utils/tests/test_bunch.py,test_bunch.py,sklearn/utils/tests,Python,.py,24,813,True
scikit-learn,sklearn/utils/tests/test_chunking.py,test_chunking.py,sklearn/utils/tests,Python,.py,61,2371,True
scikit-learn,sklearn/utils/tests/test_class_weight.py,test_class_weight.py,sklearn/utils/tests,Python,.py,273,12957,True
scikit-learn,sklearn/utils/tests/test_cython_blas.py,test_cython_blas.py,sklearn/utils/tests,Python,.py,186,6709,True
scikit-learn,sklearn/utils/tests/test_dataframe.py,test_dataframe.py,sklearn/utils/tests,Python,.py,44,1740,True
scikit-learn,sklearn/utils/tests/test_deprecation.py,test_deprecation.py,sklearn/utils/tests,Python,.py,68,2262,True
scikit-learn,sklearn/utils/tests/test_encode.py,test_encode.py,sklearn/utils/tests,Python,.py,189,8257,True
scikit-learn,sklearn/utils/tests/test_estimator_checks.py,test_estimator_checks.py,sklearn/utils/tests,Python,.py,1472,63256,True
scikit-learn,sklearn/utils/tests/test_extmath.py,test_extmath.py,sklearn/utils/tests,Python,.py,963,41119,True
scikit-learn,sklearn/utils/tests/test_fast_dict.py,test_fast_dict.py,sklearn/utils/tests,Python,.py,35,1355,True
scikit-learn,sklearn/utils/tests/test_fixes.py,test_fixes.py,sklearn/utils/tests,Python,.py,181,6501,True
scikit-learn,sklearn/utils/tests/test_graph.py,test_graph.py,sklearn/utils/tests,Python,.py,60,3047,True
scikit-learn,sklearn/utils/tests/test_indexing.py,test_indexing.py,sklearn/utils/tests,Python,.py,587,25574,True
scikit-learn,sklearn/utils/tests/test_mask.py,test_mask.py,sklearn/utils/tests,Python,.py,14,537,True
scikit-learn,sklearn/utils/tests/test_metaestimators.py,test_metaestimators.py,sklearn/utils/tests,Python,.py,47,2107,True
scikit-learn,sklearn/utils/tests/test_missing.py,test_missing.py,sklearn/utils/tests,Python,.py,24,709,True
scikit-learn,sklearn/utils/tests/test_mocking.py,test_mocking.py,sklearn/utils/tests,Python,.py,163,5895,True
scikit-learn,sklearn/utils/tests/test_multiclass.py,test_multiclass.py,sklearn/utils/tests,Python,.py,581,23777,True
scikit-learn,sklearn/utils/tests/test_murmurhash.py,test_murmurhash.py,sklearn/utils/tests,Python,.py,50,2516,True
scikit-learn,sklearn/utils/tests/test_optimize.py,test_optimize.py,sklearn/utils/tests,Python,.py,203,8351,True
scikit-learn,sklearn/utils/tests/test_parallel.py,test_parallel.py,sklearn/utils/tests,Python,.py,157,7589,True
scikit-learn,sklearn/utils/tests/test_param_validation.py,test_param_validation.py,sklearn/utils/tests,Python,.py,647,24474,True
scikit-learn,sklearn/utils/tests/test_plotting.py,test_plotting.py,sklearn/utils/tests,Python,.py,484,20323,True
scikit-learn,sklearn/utils/tests/test_pprint.py,test_pprint.py,sklearn/utils/tests,Python,.py,606,27769,True
scikit-learn,sklearn/utils/tests/test_random.py,test_random.py,sklearn/utils/tests,Python,.py,148,7149,True
scikit-learn,sklearn/utils/tests/test_response.py,test_response.py,sklearn/utils/tests,Python,.py,394,16662,True
scikit-learn,sklearn/utils/tests/test_seq_dataset.py,test_seq_dataset.py,sklearn/utils/tests,Python,.py,147,6051,True
scikit-learn,sklearn/utils/tests/test_set_output.py,test_set_output.py,sklearn/utils/tests,Python,.py,344,16107,True
scikit-learn,sklearn/utils/tests/test_shortest_path.py,test_shortest_path.py,sklearn/utils/tests,Python,.py,44,1846,True
scikit-learn,sklearn/utils/tests/test_show_versions.py,test_show_versions.py,sklearn/utils/tests,Python,.py,30,1036,True
scikit-learn,sklearn/utils/tests/test_sorting.py,test_sorting.py,sklearn/utils/tests,Python,.py,53,2226,True
scikit-learn,sklearn/utils/tests/test_sparse.py,test_sparse.py,sklearn/utils/tests,Python,.py,67,2930,True
scikit-learn,sklearn/utils/tests/test_sparsefuncs.py,test_sparsefuncs.py,sklearn/utils/tests,Python,.py,940,37643,True
scikit-learn,sklearn/utils/tests/test_stats.py,test_stats.py,sklearn/utils/tests,Python,.py,443,19561,True
scikit-learn,sklearn/utils/tests/test_tags.py,test_tags.py,sklearn/utils/tests,Python,.py,122,4801,True
scikit-learn,sklearn/utils/tests/test_testing.py,test_testing.py,sklearn/utils/tests,Python,.py,946,33390,True
scikit-learn,sklearn/utils/tests/test_typedefs.py,test_typedefs.py,sklearn/utils/tests,Python,.py,22,735,True
scikit-learn,sklearn/utils/tests/test_unique.py,test_unique.py,sklearn/utils/tests,Python,.py,40,1820,True
scikit-learn,sklearn/utils/tests/test_user_interface.py,test_user_interface.py,sklearn/utils/tests,Python,.py,56,1772,True
scikit-learn,sklearn/utils/tests/test_validation.py,test_validation.py,sklearn/utils/tests,Python,.py,2156,88056,True
scikit-learn,sklearn/utils/tests/test_weight_vector.py,test_weight_vector.py,sklearn/utils/tests,Python,.py,20,665,True
scikit-learn,sklearn/utils/validation.py,validation.py,sklearn/utils,Python,.py,2555,112248,False
